/**
 * generated by fontconvert.py
 * name: jetbrainsmono_12_regular
 * size: 12
 * mode: 2-bit  compressed: true
 * Command used: fontconvert.py jetbrainsmono_12_regular 12 ../builtinFonts/source/JetBrainsMono/JetBrainsMono-Regular.ttf --additional-intervals 0x2500,0x257F --2bit --compress --darken-aa --zopfli
 */
#pragma once
#include "EpdFontData.h"

static const uint8_t jetbrainsmono_12_regularBitmaps[15182] = {
    0xA5, 0x98, 0x31, 0x8C, 0xE4, 0xC6, 0xB1, 0x86, 0xBF, 0x21, 0x1F, 0x1E, 0xF1, 0x44, 0x40, 0x4C,
    0x14, 0x3C, 0x27, 0xC7, 0x54, 0x81, 0x6E, 0x99, 0x1E, 0xA0, 0xE1, 0x34, 0x2D, 0x07, 0x4E, 0x9D,
    0x47, 0x0E, 0x14, 0x18, 0x70, 0x68, 0x01, 0xBE, 0x80, 0xB7, 0x43, 0xC5, 0x0A, 0xAC, 0x3C, 0x70,
    0xE4, 0xC0, 0xA1, 0x61, 0x5D, 0xB0, 0x30, 0x7A, 0x6F, 0xA8, 0x3C, 0xD0, 0x38, 0x07, 0x0C, 0x5A,
    0x39, 0x7C, 0xAD, 0x5B, 0x02, 0xD7, 0xB0, 0x7A, 0xA6, 0x5C, 0x6C, 0xCE, 0xEC, 0xCE, 0xDE, 0xAE,
    0x56, 0x6B, 0x9B, 0xFC, 0x7F, 0x2E, 0x59, 0xFD, 0x77, 0x57, 0x35, 0xBB, 0xB7, 0x8A, 0x18, 0xC3,
    0xBB, 0xE7, 0xD9, 0xE1, 0x04, 0x30, 0xAC, 0x1B, 0x83, 0x2D, 0x3A, 0x45, 0x5B, 0x34, 0xA7, 0x60,
    0x99, 0xF6, 0x33, 0xB3, 0x8E, 0xE7, 0x79, 0xC3, 0xCB, 0x82, 0x52, 0xC4, 0x4D, 0xC4, 0x3D, 0x81,
    0xE1, 0x29, 0x8B, 0xE1, 0x23, 0x92, 0x7E, 0x89, 0x11, 0xD9, 0x4E, 0x4C, 0xFB, 0xE7, 0x64, 0xDD,
    0x4B, 0xF2, 0xC6, 0x51, 0x30, 0x93, 0xF7, 0xB9, 0xE1, 0xA6, 0x23, 0x13, 0x4F, 0xF1, 0x8F, 0x1D,
    0xD5, 0xFB, 0x86, 0xD5, 0xFB, 0x25, 0x46, 0xED, 0x95, 0xB2, 0xF8, 0x1B, 0xE4, 0x7B, 0x58, 0x88,
    0x83, 0x32, 0xA8, 0xFE, 0x95, 0xB2, 0x52, 0x16, 0x2C, 0x95, 0x2B, 0xBD, 0xAF, 0x7E, 0xFF, 0x8A,
    0x5C, 0x3C, 0x8B, 0xCD, 0xF6, 0xD6, 0xB8, 0xE5, 0xC0, 0x4B, 0x13, 0x16, 0xC3, 0x45, 0x9D, 0xF6,
    0x2F, 0x9F, 0x16, 0xCD, 0xCB, 0xA7, 0x4F, 0xB8, 0xA8, 0x35, 0xAE, 0xE0, 0x28, 0xDF, 0x0C, 0x90,
    0xF6, 0x50, 0x00, 0x67, 0x66, 0xCB, 0x52, 0x1C, 0xDF, 0xB9, 0x8B, 0xE4, 0xAF, 0xC3, 0xF3, 0xEC,
    0xF3, 0xE1, 0x79, 0xB1, 0x70, 0x17, 0x4F, 0x11, 0xF7, 0x1C, 0x6D, 0x5B, 0x0F, 0x24, 0xE2, 0x49,
    0xDD, 0x25, 0x59, 0xBF, 0xD2, 0x6E, 0xFF, 0x43, 0x32, 0x00, 0x23, 0x64, 0x3B, 0xA8, 0x04, 0x4C,
    0xDE, 0xDB, 0x36, 0x7D, 0xE3, 0x5A, 0xA4, 0xB7, 0xAC, 0x9B, 0x16, 0xC3, 0x74, 0x6F, 0x7E, 0x7E,
    0x35, 0x94, 0xF2, 0xF5, 0x98, 0xEE, 0xB1, 0x61, 0x3A, 0xEC, 0x05, 0x39, 0x6C, 0x48, 0xF6, 0xE4,
    0x03, 0x45, 0x47, 0x05, 0x2B, 0x58, 0x42, 0x1B, 0x61, 0x4F, 0x30, 0x5B, 0x96, 0x51, 0x50, 0xA1,
    0xE2, 0xA9, 0x8B, 0x8E, 0xC4, 0x06, 0x72, 0x9E, 0x81, 0xD1, 0xEE, 0x1A, 0x9B, 0x07, 0x7B, 0x2D,
    0x52, 0x34, 0x11, 0xDD, 0x09, 0x9A, 0x08, 0x0E, 0xCE, 0xAC, 0x76, 0x99, 0x3A, 0x9A, 0x6E, 0x1A,
    0x84, 0xBC, 0xBB, 0xE6, 0x07, 0x79, 0xF7, 0x0B, 0xF3, 0xC5, 0x17, 0xCE, 0x88, 0xB8, 0x44, 0xF6,
    0x50, 0xF4, 0xB0, 0x72, 0x10, 0x02, 0x89, 0xD3, 0xA9, 0x0F, 0x15, 0x8B, 0xEE, 0xFF, 0xE0, 0x8C,
    0x3B, 0xDC, 0x88, 0x74, 0x13, 0xEF, 0x6B, 0xAB, 0x1A, 0x83, 0x61, 0x45, 0x4D, 0x8B, 0x25, 0xA8,
    0xB6, 0x53, 0x18, 0x36, 0xDD, 0x46, 0xAF, 0xF0, 0x9E, 0xD2, 0x28, 0x6B, 0xA5, 0x55, 0x7A, 0xE5,
    0x88, 0xBA, 0x44, 0x5D, 0x42, 0xD6, 0x43, 0x31, 0xB1, 0x81, 0x0A, 0x58, 0xDD, 0x96, 0x2E, 0x26,
    0xD9, 0xC4, 0x2D, 0xE4, 0x93, 0xAC, 0xBB, 0x2D, 0xCD, 0xA4, 0xA9, 0x64, 0x58, 0xA7, 0x63, 0x20,
    0x8C, 0xB4, 0x8E, 0xE5, 0x84, 0x8B, 0xA5, 0x0B, 0xF1, 0xCA, 0x01, 0xDA, 0xA4, 0x02, 0x95, 0xA9,
    0x58, 0xBB, 0x2C, 0xF6, 0xD3, 0xCE, 0x33, 0xAF, 0xD8, 0xAD, 0x70, 0x2B, 0x9A, 0x15, 0x3C, 0x08,
    0x91, 0xBD, 0x62, 0x21, 0xDB, 0xB8, 0x19, 0xCB, 0x6E, 0x87, 0xD1, 0xB3, 0xA6, 0xE2, 0x03, 0x25,
    0x91, 0xB5, 0x32, 0xCC, 0xC1, 0xE6, 0x5B, 0xA8, 0x1A, 0xB8, 0x84, 0x64, 0xBC, 0x79, 0x34, 0x22,
    0x07, 0xEE, 0x14, 0x10, 0x26, 0x71, 0xD1, 0x63, 0xE0, 0x15, 0xC8, 0xC0, 0xAF, 0x03, 0xBC, 0x38,
    0xAE, 0x76, 0xD5, 0x52, 0xAD, 0x58, 0x55, 0x9F, 0x87, 0x42, 0xC6, 0x44, 0xFA, 0x49, 0x9C, 0xF7,
    0x94, 0x0D, 0x06, 0x2C, 0xF8, 0xD9, 0x50, 0x17, 0x5D, 0x6D, 0xA8, 0x5F, 0x50, 0xB7, 0xD4, 0x6B,
    0xD9, 0x29, 0xA0, 0xBE, 0x46, 0x25, 0x3B, 0xC5, 0x19, 0x28, 0xAA, 0x19, 0xB2, 0xAD, 0xC4, 0xB3,
    0xD8, 0x5D, 0x3B, 0xFA, 0x90, 0xAA, 0xA6, 0x32, 0x07, 0x5F, 0x5E, 0xA7, 0x19, 0x57, 0xA4, 0x24,
    0x2A, 0xB0, 0xCA, 0xE3, 0x62, 0xBD, 0xEE, 0x28, 0xE2, 0x1B, 0xB8, 0x64, 0x45, 0xC5, 0x12, 0xCD,
    0x1C, 0x27, 0x9C, 0x6C, 0x95, 0xB6, 0xE5, 0xAA, 0x99, 0x86, 0x91, 0x78, 0x8C, 0xAC, 0x46, 0xDA,
    0x91, 0x00, 0x23, 0x89, 0x9B, 0x46, 0xCA, 0x7B, 0x8A, 0x38, 0x97, 0xE3, 0xAE, 0x45, 0x3B, 0x8C,
    0xA4, 0xB1, 0x31, 0x06, 0x20, 0x81, 0xAA, 0x7B, 0x85, 0xD1, 0x33, 0x8E, 0xAA, 0xD7, 0xA2, 0xB3,
    0x24, 0x32, 0x90, 0xC9, 0x78, 0x1D, 0x81, 0x7A, 0xE5, 0xB6, 0xF7, 0x57, 0xB1, 0xEF, 0x34, 0xC6,
    0x71, 0xBD, 0xD4, 0x16, 0xB5, 0xEF, 0x46, 0x6A, 0xBA, 0x8D, 0x6A, 0x77, 0x24, 0x12, 0xE6, 0x85,
    0x4A, 0xDD, 0xCD, 0x26, 0x33, 0xC4, 0xB5, 0x20, 0xC0, 0x71, 0x2F, 0x9F, 0x1E, 0x07, 0xDB, 0xBD,
    0x6D, 0xD5, 0x21, 0xEA, 0x17, 0x58, 0x3D, 0x3D, 0xF0, 0xFF, 0x2C, 0x02, 0xA5, 0x5F, 0x48, 0x57,
    0x7A, 0xA4, 0xC3, 0xC3, 0x1E, 0xD6, 0x03, 0xD9, 0xE1, 0x4F, 0x80, 0x16, 0x10, 0x09, 0x0A, 0x4E,
    0x8E, 0xD9, 0xF2, 0x25, 0xEC, 0x60, 0xA3, 0xD3, 0x39, 0xFC, 0x09, 0x60, 0x49, 0x02, 0xD5, 0x98,
    0x48, 0x53, 0x8D, 0x48, 0xC3, 0x38, 0xEB, 0xF5, 0x7E, 0x0F, 0x55, 0x37, 0x4D, 0x24, 0x8B, 0xD0,
    0x9B, 0xAA, 0x2B, 0x84, 0xC2, 0x1F, 0x52, 0xC6, 0x7B, 0x0D, 0xF3, 0x51, 0x6A, 0x4B, 0x3F, 0x5D,
    0x17, 0x32, 0x90, 0xCB, 0x4E, 0x75, 0x6B, 0x6A, 0xF2, 0xCE, 0x92, 0xF6, 0x63, 0x7E, 0xD5, 0xBB,
    0x52, 0x7A, 0x67, 0x8A, 0xDE, 0x2D, 0xD3, 0x3B, 0x8C, 0xF6, 0x52, 0x1A, 0x97, 0xED, 0xA2, 0x6F,
    0xAB, 0xAC, 0x95, 0x95, 0x06, 0x9B, 0x8B, 0x83, 0x8D, 0xD2, 0xCC, 0x25, 0x00, 0xE9, 0xE1, 0xAD,
    0xFA, 0xB9, 0xDA, 0x92, 0x5C, 0x0D, 0xA4, 0xDF, 0x3A, 0x74, 0x04, 0x8D, 0x6E, 0x54, 0x6F, 0x17,
    0xF3, 0x9A, 0x48, 0xA0, 0x9C, 0x62, 0xE0, 0x8C, 0x15, 0x25, 0xCB, 0xC3, 0xCA, 0x5A, 0x8A, 0x4E,
    0xA4, 0x11, 0x19, 0x7C, 0x3A, 0x7A, 0x82, 0xC7, 0x46, 0x78, 0x9F, 0x3A, 0x11, 0x6D, 0xDA, 0xFA,
    0x64, 0x8C, 0x96, 0xA5, 0xA7, 0xF6, 0xB4, 0x3E, 0x09, 0x22, 0x53, 0x53, 0x26, 0x4D, 0x29, 0xCE,
    0x7C, 0xE2, 0x2D, 0x36, 0xA8, 0x1D, 0xEE, 0x85, 0x36, 0xA9, 0x40, 0x65, 0x2A, 0xCE, 0x74, 0xC0,
    0x3D, 0xD3, 0x98, 0x99, 0x9B, 0x5C, 0x60, 0x1F, 0x84, 0x57, 0x99, 0x8A, 0xB5, 0xCB, 0x46, 0x82,
    0xC2, 0xC2, 0x29, 0x36, 0xE2, 0x14, 0x16, 0xEE, 0x62, 0xD6, 0x4B, 0xC4, 0xDD, 0x90, 0x44, 0xBC,
    0x22, 0xC0, 0xBD, 0x88, 0x39, 0xCF, 0xAD, 0x93, 0x69, 0x5E, 0xFE, 0x74, 0x5E, 0x26, 0x4C, 0xA0,
    0x3D, 0xC2, 0xDA, 0x93, 0x9C, 0xF7, 0x43, 0xB3, 0x38, 0xC6, 0x70, 0x7F, 0xEB, 0x46, 0xBC, 0x82,
    0xC0, 0x23, 0x71, 0xD0, 0xB3, 0xFA, 0x51, 0xFC, 0x92, 0xDA, 0x53, 0xC7, 0x37, 0x1F, 0xAA, 0xF8,
    0xE6, 0x3D, 0xAB, 0xC3, 0x5B, 0x4D, 0x9C, 0x4F, 0x07, 0x9F, 0xF7, 0xBE, 0xE8, 0x7C, 0x85, 0xEC,
    0x27, 0xE8, 0x8D, 0x3E, 0xAA, 0x51, 0x9B, 0x26, 0x01, 0xC1, 0x73, 0xE9, 0x31, 0x1E, 0xFE, 0x2D,
    0xCC, 0xF3, 0x5D, 0x37, 0x7A, 0x76, 0x9B, 0x66, 0xDD, 0x4B, 0x73, 0xFE, 0xF5, 0xEB, 0xE6, 0xC5,
    0xB7, 0xDF, 0x34, 0xED, 0x95, 0xF2, 0xED, 0xEF, 0x9A, 0x76, 0xAD, 0xFB, 0xD1, 0x28, 0x57, 0x4A,
    0x1E, 0xE6, 0x1E, 0x2B, 0x33, 0x3A, 0xFB, 0x7D, 0x6F, 0xDF, 0x6E, 0xED, 0x3F, 0x07, 0xEB, 0x9D,
    0xF5, 0xA3, 0xF5, 0xAD, 0xF5, 0x4B, 0xEB, 0xCF, 0xAC, 0x2F, 0x5B, 0x5F, 0x58, 0x9F, 0x07, 0x9F,
    0x46, 0x24, 0x61, 0xAE, 0x5A, 0x26, 0x75, 0xF6, 0xC7, 0xF6, 0x98, 0x0A, 0xD6, 0xA9, 0x9B, 0x57,
    0x30, 0xEE, 0xF6, 0xD1, 0x2F, 0x42, 0x7C, 0x51, 0x26, 0x62, 0xA5, 0x8F, 0x6A, 0xD4, 0xA6, 0xFB,
    0xE7, 0x7B, 0xA7, 0x42, 0x3E, 0x80, 0x93, 0x0A, 0xD9, 0x51, 0xF4, 0xA4, 0x43, 0xCC, 0x8A, 0x21,
    0xFA, 0x75, 0x3E, 0x99, 0xB7, 0x56, 0xFD, 0xCE, 0x7F, 0x99, 0x2F, 0x1B, 0x5F, 0xF4, 0x3E, 0x3B,
    0xAE, 0xCB, 0x61, 0x46, 0xAB, 0x39, 0xFB, 0x8E, 0x94, 0x5F, 0x87, 0x98, 0xBD, 0x57, 0x87, 0x6F,
    0xD0, 0xB2, 0x81, 0xC2, 0x13, 0x33, 0x39, 0x55, 0x00, 0xCE, 0x95, 0xA5, 0xB2, 0x60, 0xA9, 0xBC,
    0x9D, 0xC5, 0x07, 0x44, 0xA4, 0x9F, 0x88, 0x81, 0xFF, 0x86, 0x1E, 0xFB, 0x48, 0x58, 0xBC, 0x39,
    0xBC, 0x87, 0x98, 0x7D, 0xA6, 0x75, 0x5E, 0x52, 0x5E, 0xD7, 0xA1, 0x92, 0x3A, 0x5A, 0xA6, 0x7A,
    0xA4, 0xDB, 0x31, 0x66, 0xB1, 0x74, 0xEB, 0x62, 0x56, 0xD3, 0xEC, 0x36, 0x65, 0xB9, 0x98, 0xED,
    0x10, 0xE5, 0x66, 0xAE, 0x25, 0xB6, 0xE8, 0x2F, 0xDA, 0xA2, 0x1F, 0x27, 0x2E, 0x8B, 0xAD, 0x5B,
    0x3E, 0x51, 0x3E, 0x1D, 0x5C, 0xFD, 0xD1, 0xE0, 0xCE, 0x96, 0xDF, 0x0D, 0x67, 0xCB, 0x37, 0xC3,
    0x93, 0x67, 0x7F, 0xDE, 0x96, 0xCF, 0xBE, 0xDA, 0x16, 0x9F, 0xFD, 0xA6, 0x2F, 0x3E, 0xFB, 0x6D,
    0x5F, 0xFC, 0xE9, 0xE3, 0xBE, 0x70, 0x13, 0x4D, 0x97, 0x4F, 0x1C, 0xAA, 0x18, 0x8F, 0xA1, 0xA2,
    0x6C, 0x34, 0x86, 0x3E, 0x90, 0x4D, 0x7E, 0xD5, 0x27, 0xDF, 0x5F, 0xFB, 0x52, 0x36, 0xD1, 0xF7,
    0xE2, 0xED, 0x36, 0xC6, 0xA4, 0x31, 0x4E, 0xB1, 0xC6, 0xD8, 0x6B, 0x2A, 0x82, 0xF6, 0x5C, 0x91,
    0xB8, 0x8A, 0x74, 0x28, 0xBA, 0xBC, 0xCF, 0xFB, 0xA2, 0x4B, 0x87, 0x52, 0x2D, 0x2B, 0xF0, 0x2D,
    0x58, 0x0F, 0x2B, 0x07, 0xD5, 0x80, 0x4A, 0x1F, 0xE4, 0xB1, 0x62, 0xF9, 0x58, 0xD8, 0xB7, 0xB1,
    0xAA, 0x1F, 0x4B, 0x7A, 0xAC, 0xE7, 0x59, 0x7F, 0xF8, 0x12, 0xAE, 0x21, 0x70, 0xD0, 0xCB, 0x28,
    0xA3, 0xE7, 0x31, 0xE7, 0xA4, 0xFC, 0x10, 0x30, 0xC7, 0x3D, 0xD2, 0xCD, 0x25, 0x3A, 0x53, 0xA6,
    0x03, 0x93, 0x57, 0x18, 0x95, 0x41, 0xD9, 0x12, 0x5D, 0x53, 0xBD, 0x23, 0x4E, 0xB7, 0x4A, 0x07,
    0x0B, 0x25, 0x5E, 0x69, 0x6F, 0x89, 0xD7, 0x61, 0x1D, 0xB0, 0x8F, 0x39, 0xA3, 0x32, 0xB0, 0xD8,
    0x91, 0xBE, 0x26, 0xFD, 0x86, 0xFC, 0x8B, 0xAE, 0x48, 0xFB, 0xB3, 0x64, 0x58, 0xE2, 0x5A, 0xC6,
    0x91, 0xF6, 0xF8, 0xA5, 0xFC, 0x29, 0x35, 0xA5, 0x3A, 0x5F, 0xC8, 0xB6, 0x10, 0x5F, 0x75, 0x97,
    0x3F, 0x61, 0x05, 0x55, 0x26, 0x52, 0x8A, 0x98, 0xA6, 0x7A, 0x41, 0xD5, 0x62, 0x5E, 0x60, 0xCC,
    0x4F, 0xD5, 0xF2, 0x3A, 0xDB, 0x57, 0x1E, 0x6E, 0xB0, 0xE9, 0xBE, 0x17, 0x27, 0x9F, 0x8C, 0x81,
    0x10, 0x6E, 0x6F, 0xCE, 0x30, 0x21, 0x68, 0x93, 0x0A, 0x54, 0x96, 0x49, 0x57, 0x1D, 0x6B, 0x5C,
    0xAC, 0x80, 0x9C, 0x60, 0x39, 0xD7, 0xB5, 0x39, 0xBB, 0x9E, 0xD6, 0x9F, 0xDC, 0x5B, 0x23, 0xF6,
    0x3C, 0x0B, 0x81, 0xE0, 0x27, 0xD8, 0x13, 0x4C, 0x46, 0x6D, 0x32, 0x32, 0xC9, 0x62, 0xF6, 0xD8,
    0x6A, 0x0A, 0x0A, 0x78, 0x6D, 0x1D, 0x69, 0xE7, 0x15, 0x1C, 0x41, 0x11, 0xF8, 0xD5, 0x79, 0x32,
    0x8F, 0xDF, 0x50, 0x28, 0x8D, 0xD2, 0x42, 0x64, 0x98, 0x29, 0x22, 0xCD, 0x44, 0x02, 0x3C, 0x86,
    0x73, 0x6C, 0xEB, 0x2C, 0xD8, 0x77, 0x63, 0x9B, 0x2C, 0xEB, 0x39, 0xB0, 0x43, 0xA5, 0xF5, 0x24,
    0x63, 0x21, 0xAE, 0x78, 0x27, 0xFB, 0x49, 0x7C, 0x7B, 0x3F, 0x1B, 0x03, 0x3E, 0x3C, 0xF8, 0x9F,
    0xCE, 0x25, 0xEC, 0xD1, 0xEB, 0x7C, 0x6C, 0x76, 0x13, 0xA8, 0x1F, 0x82, 0xC4, 0x23, 0xEE, 0xF3,
    0xB8, 0xDB, 0xE3, 0x21, 0xD2, 0x2B, 0xC8, 0x1F, 0x81, 0xA2, 0x63, 0xDD, 0x4C, 0x15, 0x6D, 0xC4,
    0x72, 0x8A, 0x95, 0x25, 0xD8, 0xC4, 0xD9, 0x74, 0xB0, 0x45, 0x6F, 0xAB, 0x66, 0xB3, 0x67, 0x23,
    0xD8, 0xB2, 0x99, 0x1E, 0x53, 0x67, 0x17, 0xE3, 0x24, 0xC0, 0xAC, 0x05, 0x26, 0x52, 0xFD, 0x07,
    0x8C, 0xC9, 0x57, 0x1C, 0x89, 0xB8, 0xBF, 0x8C, 0x3A, 0xDB, 0xBD, 0x60, 0x4D, 0xD1, 0xD8, 0xB3,
    0xA2, 0xBB, 0x38, 0xCB, 0x1F, 0xC5, 0xC7, 0xBF, 0xDD, 0xD3, 0xCA, 0x33, 0xEF, 0x9D, 0x6B, 0xC4,
    0x8D, 0xEC, 0x6F, 0xBE, 0x4D, 0x1E, 0xBD, 0xDF, 0x4F, 0xD7, 0xF9, 0xF1, 0xBB, 0x18, 0x6E, 0xD0,
    0xAE, 0xB7, 0xE7, 0x32, 0xAE, 0x3F, 0x0F, 0xE7, 0xB4, 0x2D, 0x75, 0x04, 0xF7, 0x22, 0x97, 0xCE,
    0x88, 0xBB, 0x4C, 0xBC, 0xE7, 0x8F, 0x17, 0x70, 0xFE, 0x25, 0x46, 0xFA, 0xFF, 0xDD, 0x38, 0xF0,
    0x44, 0x2F, 0x97, 0x0B, 0xAF, 0x02, 0x95, 0xF1, 0x87, 0x9B, 0xB0, 0x24, 0x1E, 0x78, 0x7E, 0x10,
    0x21, 0x2E, 0x60, 0x29, 0x3F, 0x5E, 0x85, 0x32, 0x57, 0xC9, 0xF6, 0x50, 0x85, 0xEA, 0x93, 0x0A,
    0x74, 0x5A, 0x7D, 0xD2, 0xFE, 0xA6, 0xF2, 0x70, 0x75, 0xBB, 0xEA, 0x2C, 0x8B, 0xDE, 0x1D, 0x59,
    0x6B, 0xC5, 0x79, 0xFA, 0xF4, 0xEF, 0xC3, 0x93, 0x8F, 0xBE, 0xDD, 0x16, 0xCB, 0x37, 0x7D, 0xF1,
    0xEC, 0x4A, 0xF9, 0x55, 0xAC, 0x34, 0xB9, 0xFB, 0xB8, 0xCB, 0x9C, 0x69, 0x94, 0xA4, 0x83, 0xB9,
    0xF1, 0xD3, 0x87, 0x9B, 0xB1, 0xA5, 0x07, 0x03, 0xAC, 0x9B, 0x78, 0x9F, 0x5E, 0xDD, 0x54, 0x16,
    0xA3, 0xE7, 0x25, 0x65, 0x77, 0x8C, 0x33, 0x56, 0x28, 0xEA, 0x58, 0x3B, 0x55, 0x33, 0x57, 0xC7,
    0x37, 0x8E, 0xC5, 0x75, 0xA5, 0x52, 0x9A, 0x46, 0x79, 0x48, 0xC2, 0xAD, 0xD2, 0x2A, 0xC7, 0x98,
    0xA4, 0x8F, 0x5F, 0x91, 0xC9, 0x48, 0x36, 0x50, 0xC4, 0xD2, 0x6F, 0x59, 0xDC, 0x7A, 0x3A, 0x56,
    0x9E, 0x85, 0x90, 0xCB, 0x64, 0x2D, 0xEE, 0xFC, 0x40, 0x52, 0x62, 0x76, 0x13, 0x28, 0xB9, 0xFB,
    0x7B, 0x49, 0xBC, 0xF6, 0x64, 0xC2, 0x42, 0x3E, 0x0D, 0xF7, 0x1F, 0xD2, 0x20, 0x43, 0xAC, 0x1C,
    0x6E, 0x0A, 0x2B, 0x89, 0x48, 0x87, 0xE3, 0x87, 0xD1, 0x26, 0x28, 0xF4, 0x26, 0x5A, 0x62, 0x6B,
    0x94, 0x11, 0xA1, 0xBD, 0x64, 0x40, 0xD4, 0x89, 0x2B, 0x1A, 0x13, 0x74, 0xC5, 0x4C, 0x41, 0x5B,
    0x08, 0x6D, 0x1A, 0xF8, 0x17, 0xB5, 0x97, 0x31, 0x8C, 0xDC, 0xC6, 0x15, 0x86, 0x3F, 0x92, 0x8E,
    0x08, 0x98, 0xC5, 0xA8, 0x48, 0x0A, 0x29, 0x88, 0x09, 0x03, 0x29, 0x02, 0x43, 0x3E, 0x36, 0x57,
    0x5C, 0xB1, 0x4B, 0x32, 0x72, 0xA1, 0x32, 0x55, 0x90, 0x1E, 0x48, 0xA1, 0xD2, 0x85, 0x0A, 0x15,
    0x2B, 0x91, 0x90, 0x4A, 0x17, 0x51, 0x93, 0xDA, 0x42, 0xAA, 0x20, 0x8D, 0xAF, 0x48, 0x21, 0x20,
    0x94, 0x76, 0x2C, 0x17, 0x29, 0xD2, 0xD0, 0x4A, 0x0F, 0xF3, 0x64, 0x20, 0x29, 0x52, 0x78, 0x64,
    0x31, 0xBA, 0x49, 0xC4, 0xDB, 0x97, 0x19, 0xEE, 0xE9, 0x6E, 0xA5, 0x95, 0x2E, 0x5E, 0xAF, 0x3C,
    0xFC, 0x7F, 0xDE, 0xCE, 0x9B, 0xF7, 0xFF, 0x37, 0xBB, 0x6F, 0xB8, 0x33, 0x5B, 0x50, 0x95, 0x05,
    0x00, 0x3B, 0xC7, 0x57, 0xB1, 0x76, 0xB1, 0x7B, 0x8C, 0xE0, 0x01, 0x4A, 0xDA, 0x42, 0xFA, 0x66,
    0x77, 0x18, 0x76, 0x67, 0x76, 0x97, 0x97, 0x31, 0x73, 0xF1, 0xE2, 0x2F, 0x7D, 0x2A, 0x5D, 0xB8,
    0x38, 0x55, 0x85, 0xD2, 0xA2, 0x64, 0x20, 0xAB, 0x1F, 0x8C, 0x76, 0x39, 0x17, 0xC8, 0x00, 0x55,
    0x42, 0xA2, 0xA1, 0x10, 0x33, 0x32, 0x34, 0x8C, 0x8C, 0x1C, 0xE3, 0x16, 0x52, 0x3F, 0x86, 0xA3,
    0x48, 0xED, 0x79, 0x1E, 0xB8, 0x4E, 0x52, 0x3E, 0x98, 0x7F, 0xAA, 0x5D, 0x1F, 0xF5, 0xE5, 0x40,
    0xCA, 0x74, 0x9C, 0xF4, 0x87, 0xBC, 0xE7, 0xB8, 0x33, 0xF6, 0x7D, 0xDC, 0x8F, 0x3F, 0x98, 0x7F,
    0x56, 0xFB, 0x7C, 0x80, 0xDC, 0x39, 0xA7, 0x44, 0xAD, 0xAA, 0x13, 0x1D, 0x6B, 0x55, 0x46, 0x5D,
    0x46, 0x60, 0xA6, 0x60, 0x1B, 0x98, 0xF5, 0x50, 0x18, 0x32, 0x91, 0xCE, 0x13, 0xA5, 0x71, 0x5C,
    0xEB, 0x7B, 0x0E, 0x2F, 0x1A, 0xC0, 0x69, 0x2F, 0x94, 0xEE, 0xF8, 0x2D, 0x56, 0xE4, 0x5C, 0x74,
    0x84, 0xAC, 0x04, 0xB5, 0x28, 0x89, 0xA4, 0x47, 0x95, 0xF7, 0xD9, 0x21, 0x23, 0x27, 0xA5, 0x20,
    0x73, 0x79, 0x39, 0x4A, 0xEC, 0x38, 0xC6, 0x4F, 0x8F, 0x80, 0x02, 0xFC, 0xE4, 0xFD, 0x78, 0x59,
    0x91, 0xCA, 0x80, 0xF7, 0x6C, 0x54, 0x7D, 0x94, 0x6A, 0x77, 0x07, 0x08, 0xA4, 0x45, 0xFD, 0xBE,
    0x61, 0x82, 0xE2, 0x1A, 0x71, 0x69, 0xAA, 0xDB, 0xBA, 0x7B, 0xF6, 0x48, 0x3F, 0x1E, 0xAF, 0x70,
    0x85, 0x7F, 0xD0, 0x4F, 0x0E, 0xBE, 0xD6, 0xFB, 0xF3, 0xDB, 0xB5, 0xCF, 0x55, 0x75, 0x33, 0x9A,
    0xF1, 0x0E, 0xBC, 0x5B, 0x17, 0x66, 0x77, 0xEF, 0xE2, 0xBD, 0xCA, 0xEE, 0xEF, 0x3D, 0xB0, 0xC5,
    0x75, 0x8A, 0xC8, 0x30, 0x28, 0x1D, 0x9A, 0x8C, 0xB8, 0xBD, 0xE1, 0x72, 0x7B, 0x17, 0xEA, 0x46,
    0xAA, 0xDA, 0x8E, 0xB1, 0xB0, 0xCF, 0xF0, 0x39, 0x3E, 0x77, 0x2E, 0xD6, 0x01, 0x96, 0xB8, 0xF7,
    0xEA, 0x94, 0x9E, 0xC8, 0x6D, 0x7D, 0xF0, 0xF8, 0x91, 0x3E, 0x68, 0x1F, 0xEB, 0x83, 0x2F, 0xDD,
    0x5F, 0x79, 0xA8, 0x0F, 0xFE, 0x79, 0x59, 0x1F, 0xFC, 0xFD, 0xA1, 0x7E, 0xF2, 0xE8, 0x0B, 0xBD,
    0xAF, 0xBF, 0x5E, 0x4E, 0xA9, 0x9C, 0x2D, 0xA7, 0x04, 0xCC, 0xA5, 0x76, 0x48, 0x2C, 0xD9, 0x82,
    0x69, 0xCA, 0xF5, 0xA4, 0x74, 0x70, 0x2F, 0x5C, 0xD7, 0x05, 0xB9, 0x00, 0xEC, 0xAC, 0x73, 0x2E,
    0x52, 0x7B, 0xBE, 0x6E, 0xAC, 0x12, 0x29, 0x3D, 0xBD, 0xA7, 0x30, 0x51, 0xE5, 0xCF, 0x93, 0x12,
    0x05, 0x39, 0xF8, 0x77, 0x44, 0x0A, 0xC5, 0x9F, 0xCA, 0xC2, 0xAF, 0x2A, 0x3E, 0xF8, 0x0C, 0xA6,
    0x04, 0x86, 0x70, 0x20, 0x70, 0xAF, 0x93, 0xFA, 0x5A, 0x5C, 0xCF, 0x94, 0x1B, 0xC5, 0xC9, 0x83,
    0x3B, 0x7E, 0xB1, 0xE4, 0x58, 0x9A, 0x37, 0x61, 0x60, 0x70, 0x90, 0x78, 0x10, 0x69, 0xFE, 0x73,
    0xE4, 0x22, 0x9C, 0x20, 0x5E, 0x64, 0xD9, 0x22, 0x2B, 0x16, 0x59, 0xB5, 0x82, 0x62, 0x0C, 0xBA,
    0x21, 0xF2, 0xFF, 0x8F, 0x82, 0x79, 0x3D, 0xAF, 0x0B, 0xF6, 0xB8, 0x49, 0xA2, 0x23, 0x2D, 0x35,
    0xC4, 0x86, 0xCC, 0xB0, 0x67, 0x38, 0x6F, 0xE0, 0x65, 0x14, 0xA2, 0x2B, 0xD1, 0xBE, 0xC6, 0xD7,
    0xAE, 0x7D, 0xBC, 0xBB, 0xBF, 0xF7, 0xF1, 0x6E, 0x61, 0xD2, 0xD6, 0x97, 0x58, 0xE9, 0x81, 0xA8,
    0xBB, 0x49, 0xD0, 0xA7, 0x25, 0x4D, 0x32, 0xD6, 0xD2, 0xD3, 0xBF, 0xF6, 0x31, 0x3F, 0xE6, 0x73,
    0x7C, 0x28, 0xAC, 0xF9, 0xAD, 0x6A, 0xE9, 0xF3, 0x36, 0xEC, 0xDE, 0x6F, 0x63, 0x1D, 0xB4, 0x8A,
    0xA0, 0xDD, 0x71, 0x9C, 0x38, 0x1A, 0x2A, 0xE9, 0xF8, 0xC9, 0x6F, 0x34, 0x28, 0xE0, 0xC3, 0x04,
    0x66, 0xEF, 0x81, 0x99, 0x10, 0xB5, 0xA6, 0x8B, 0x3F, 0x6F, 0x3B, 0x15, 0x4A, 0x37, 0xE5, 0xD7,
    0xDD, 0x3D, 0xE8, 0x82, 0x92, 0x1F, 0x7B, 0xAF, 0x9D, 0x36, 0x34, 0xEF, 0xB7, 0x91, 0xF7, 0x2A,
    0x4F, 0xBD, 0xFA, 0xD1, 0x8B, 0xD8, 0x7B, 0x95, 0xB0, 0x93, 0x69, 0x66, 0xFF, 0x36, 0x98, 0x76,
    0x3F, 0xEC, 0xD8, 0x8F, 0x75, 0xD8, 0x29, 0xD2, 0xE5, 0xC7, 0x8F, 0xF4, 0x1C, 0xB7, 0x62, 0xE0,
    0xDE, 0x8F, 0xFE, 0x1C, 0x98, 0x48, 0xBB, 0xAB, 0x57, 0x35, 0x93, 0x8C, 0x6B, 0x97, 0x26, 0x4C,
    0x26, 0x3D, 0xE9, 0xB7, 0x2B, 0x7E, 0xF9, 0xCA, 0xDC, 0x3A, 0xD3, 0x25, 0xAF, 0xCC, 0x8D, 0xA2,
    0xA4, 0xA8, 0xFD, 0x7D, 0xD9, 0x52, 0xC8, 0x08, 0x84, 0x44, 0x48, 0x5B, 0x0A, 0x98, 0xC2, 0x64,
    0xBC, 0x17, 0xF8, 0x48, 0x22, 0x26, 0x10, 0x13, 0xDE, 0x81, 0xD0, 0x00, 0x0D, 0x50, 0x70, 0xDA,
    0x0A, 0x60, 0x5E, 0x83, 0x68, 0x38, 0xD4, 0x04, 0x4F, 0x5B, 0xC2, 0xA7, 0x1D, 0xD1, 0x63, 0x43,
    0xA4, 0x0D, 0xB1, 0xEE, 0x49, 0xEA, 0x7B, 0xE3, 0xD2, 0x57, 0x32, 0x90, 0xCA, 0x11, 0x19, 0x3B,
    0xE4, 0xA4, 0x4C, 0x50, 0xB8, 0x68, 0xD9, 0xA0, 0x6A, 0x82, 0xBB, 0x10, 0xB5, 0xF8, 0x97, 0x64,
    0x3F, 0x80, 0xFF, 0x07, 0x4B, 0x9F, 0xF0, 0xB0, 0x23, 0xD1, 0xF6, 0xAD, 0xFB, 0x87, 0x76, 0x8F,
    0x58, 0x5C, 0x6E, 0x62, 0xDE, 0xBA, 0xB7, 0x9B, 0xAF, 0xFF, 0x76, 0xFF, 0x41, 0xE6, 0x4D, 0x55,
    0x12, 0xFC, 0xC3, 0x69, 0x75, 0x47, 0xF0, 0xB8, 0xF5, 0x9E, 0x6F, 0xD7, 0x5F, 0xA4, 0x1F, 0xF9,
    0xAD, 0x21, 0x70, 0x0C, 0x1D, 0x47, 0x8F, 0x47, 0x8E, 0x0F, 0x9D, 0xCF, 0x43, 0x31, 0x89, 0xA3,
    0xBA, 0x65, 0x50, 0xB2, 0x64, 0x1A, 0x1A, 0x32, 0xC7, 0xDC, 0x71, 0x1A, 0x4A, 0x3F, 0x71, 0x8C,
    0xA5, 0x4C, 0xC5, 0x14, 0x97, 0x6D, 0x43, 0x33, 0x30, 0xB3, 0xF0, 0x5A, 0xB8, 0x21, 0x97, 0xE0,
    0xD2, 0x5C, 0x72, 0x28, 0x35, 0x1D, 0xC1, 0x02, 0x54, 0xE9, 0x10, 0x2D, 0x00, 0xCE, 0x95, 0x44,
    0x2D, 0x81, 0x81, 0x86, 0x65, 0x9B, 0xCB, 0xE0, 0xD0, 0xC0, 0x2A, 0xE6, 0x62, 0x1C, 0x1A, 0x58,
    0xC7, 0x32, 0x9F, 0xB0, 0x46, 0xD5, 0x64, 0x30, 0xDB, 0xCE, 0xE7, 0x2A, 0x81, 0x10, 0x7F, 0xA5,
    0xD3, 0x8F, 0xCC, 0x36, 0x3E, 0xE9, 0x65, 0x93, 0xDD, 0x36, 0x5B, 0x9A, 0xBC, 0x5B, 0x92, 0x68,
    0x42, 0x03, 0x03, 0x2F, 0x7C, 0xAC, 0x03, 0x03, 0xDF, 0x11, 0xC7, 0xF9, 0xE7, 0x6A, 0x54, 0x49,
    0x0E, 0xCD, 0x76, 0x3E, 0x7F, 0x24, 0x5C, 0x90, 0x7C, 0x55, 0x67, 0x51, 0xB7, 0x8D, 0x8F, 0x93,
    0x17, 0x57, 0xCC, 0x96, 0x26, 0x6A, 0x3C, 0xEC, 0x1C, 0xA1, 0xEA, 0xCA, 0xD1, 0x5F, 0x89, 0x5E,
    0xA5, 0x1C, 0x2D, 0xF9, 0x6A, 0x7C, 0x99, 0x5B, 0x2D, 0xB5, 0xD2, 0x91, 0x74, 0x5D, 0x2A, 0xED,
    0xA5, 0x4C, 0x33, 0xB6, 0x05, 0x8D, 0x2C, 0x51, 0x37, 0xCF, 0x75, 0x73, 0xD8, 0x36, 0xFF, 0xED,
    0x1A, 0x6B, 0x1A, 0xDB, 0x37, 0x76, 0xD6, 0xD8, 0x49, 0x63, 0x77, 0x1A, 0x9B, 0xCE, 0xAC, 0x6A,
    0x6C, 0x32, 0xD8, 0x68, 0x44, 0xF8, 0x9A, 0x4A, 0xC5, 0x52, 0x66, 0xD2, 0x15, 0x91, 0x69, 0xB0,
    0x96, 0xE6, 0x0C, 0xB8, 0x84, 0x2A, 0x32, 0x2E, 0xD9, 0x49, 0x56, 0x2A, 0xB5, 0x9D, 0xCF, 0x4A,
    0xA5, 0xB6, 0xF1, 0x39, 0xF9, 0x70, 0xB6, 0x31, 0x39, 0x29, 0xF7, 0x36, 0x26, 0xC0, 0x1E, 0xFB,
    0x79, 0x68, 0xD4, 0x27, 0x3A, 0x16, 0x82, 0xE1, 0xF4, 0x0D, 0x4E, 0x02, 0x73, 0x9E, 0x12, 0x30,
    0x54, 0xCF, 0xBA, 0x50, 0x44, 0xC7, 0x26, 0x3B, 0xAE, 0x74, 0xE1, 0xEE, 0x95, 0xA3, 0x68, 0x75,
    0xEB, 0x5F, 0x5A, 0xDD, 0xFE, 0x9B, 0x56, 0xBF, 0xFB, 0x44, 0xAB, 0x4F, 0xDD, 0xE8, 0x7D, 0x47,
    0xEB, 0x68, 0x12, 0x9D, 0x74, 0xAA, 0x8E, 0x4D, 0x51, 0x2A, 0x59, 0x90, 0x55, 0x3D, 0xBF, 0x00,
    0xD6, 0x4B, 0x7A, 0xD6, 0x64, 0xD7, 0x26, 0x5E, 0x44, 0xFD, 0x7A, 0x49, 0xB7, 0xF2, 0x59, 0x2D,
    0xE9, 0x16, 0x3E, 0xCB, 0x6A, 0x6C, 0x69, 0x02, 0x57, 0x81, 0x1E, 0xBC, 0x4D, 0xA2, 0x79, 0xD1,
    0x72, 0x42, 0x93, 0xB9, 0xA0, 0x7F, 0xD0, 0x7C, 0x01, 0xA2, 0x2E, 0x75, 0x91, 0x1C, 0xEC, 0x0C,
    0x6F, 0x42, 0x6E, 0x20, 0xEB, 0x40, 0xE9, 0x33, 0x69, 0x39, 0x86, 0x48, 0x2D, 0xD2, 0xDB, 0x60,
    0xB0, 0xE4, 0x96, 0x62, 0x44, 0xEE, 0xBA, 0x22, 0x56, 0xA4, 0xB5, 0xB0, 0x8A, 0xF0, 0x74, 0x53,
    0x1A, 0x06, 0x1A, 0x8B, 0xB5, 0xA1, 0xB1, 0xF3, 0xDA, 0xCE, 0x3B, 0x1B, 0x2E, 0xD7, 0xDA, 0xF4,
    0x05, 0x1A, 0x1F, 0x99, 0xFB, 0xD1, 0xF0, 0x0E, 0x41, 0x0F, 0xCD, 0xE9, 0x39, 0x27, 0x90, 0x56,
    0x89, 0xCD, 0xEA, 0xFB, 0x17, 0xC8, 0x21, 0x8B, 0x45, 0x52, 0x91, 0xA2, 0xCC, 0x6E, 0x90, 0xCD,
    0x28, 0x6E, 0x50, 0x14, 0xBF, 0x74, 0x91, 0x6F, 0xFC, 0xE9, 0x99, 0xBB, 0x44, 0x1D, 0x4A, 0x7F,
    0x1F, 0xED, 0x45, 0x98, 0xEB, 0xF0, 0xD0, 0x24, 0xED, 0xB0, 0xA9, 0x36, 0xB4, 0x7B, 0xB1, 0xD8,
    0xF8, 0x8A, 0xD9, 0x54, 0x18, 0x6B, 0xAB, 0xBA, 0xC1, 0xDD, 0x37, 0x15, 0x52, 0xD5, 0x3C, 0x6B,
    0x03, 0xDD, 0x71, 0xD0, 0x31, 0xAF, 0x37, 0xFB, 0xA7, 0xB6, 0x2A, 0xD5, 0x42, 0xDA, 0x5C, 0x3D,
    0x34, 0x97, 0x12, 0x6D, 0x48, 0xEA, 0x91, 0x89, 0x88, 0xC9, 0x1C, 0xF3, 0xA4, 0x66, 0xB2, 0xE4,
    0xDD, 0x5C, 0x7D, 0x6E, 0xB2, 0x85, 0x74, 0x49, 0x5F, 0xD5, 0xB1, 0xD4, 0xD9, 0x8B, 0x43, 0x86,
    0x65, 0x62, 0x61, 0x05, 0x93, 0x93, 0x83, 0xC5, 0xB9, 0xD7, 0x1D, 0x2C, 0xDE, 0xF0, 0x8D, 0xDC,
    0x56, 0x91, 0x19, 0xF0, 0x6B, 0xA1, 0x67, 0x26, 0x32, 0x38, 0xF4, 0xE0, 0x30, 0x70, 0xF5, 0x66,
    0x68, 0x33, 0x31, 0x6B, 0x8F, 0xEC, 0x66, 0xDA, 0xD5, 0xC7, 0x74, 0x33, 0xED, 0xC9, 0xA3, 0xB9,
    0xB9, 0xD0, 0xCD, 0xD7, 0x89, 0x82, 0x7E, 0xE5, 0xF4, 0x73, 0xE4, 0xC1, 0xF4, 0x2C, 0xC8, 0xD8,
    0x08, 0xEB, 0x71, 0xFD, 0x7E, 0x2F, 0xED, 0xF2, 0xB4, 0xF4, 0x8D, 0x4E, 0x6F, 0x99, 0x4D, 0xB5,
    0xEA, 0xB2, 0xC9, 0xBE, 0xE8, 0xDD, 0x7D, 0x53, 0x21, 0x40, 0x68, 0xAE, 0x83, 0x58, 0x98, 0xB7,
    0x24, 0x52, 0xE2, 0x36, 0x05, 0xDE, 0x89, 0x0C, 0xD0, 0x13, 0x4A, 0x33, 0x6E, 0xEE, 0x59, 0x3D,
    0x27, 0x27, 0x3B, 0x39, 0xFE, 0xFA, 0xBF, 0x39, 0x05, 0x6E, 0xC5, 0x3A, 0x8D, 0xF5, 0xEB, 0x77,
    0xB9, 0xF9, 0x77, 0x3F, 0x4B, 0x35, 0x63, 0xB3, 0x52, 0x3F, 0x17, 0x23, 0x1F, 0xF5, 0x03, 0x76,
    0x38, 0xF3, 0xCB, 0xF0, 0x4D, 0x1B, 0x7E, 0x15, 0x39, 0xED, 0xB0, 0xAC, 0xD6, 0x09, 0x5C, 0xD7,
    0x19, 0x56, 0xAF, 0xD9, 0x11, 0x36, 0xD6, 0xAE, 0x2E, 0xAF, 0x4D, 0xB5, 0x27, 0x9B, 0xF9, 0xA6,
    0xC2, 0x93, 0x75, 0xB9, 0xA9, 0x10, 0xBF, 0x4B, 0x3B, 0xAC, 0x1D, 0x60, 0xC7, 0xF6, 0xF2, 0x68,
    0x68, 0xA8, 0x0E, 0x75, 0x28, 0xE2, 0x77, 0x62, 0x12, 0x5D, 0xD4, 0xE3, 0xAE, 0x7D, 0xF9, 0x50,
    0xAB, 0x2B, 0x7F, 0xD5, 0xEA, 0x57, 0x57, 0xB4, 0xBA, 0x19, 0x6B, 0x35, 0x24, 0x3A, 0x31, 0xDB,
    0xEF, 0xD6, 0x0D, 0xB6, 0x88, 0x4D, 0x26, 0xED, 0x5A, 0x3D, 0x36, 0xD4, 0xAE, 0xD4, 0x63, 0x33,
    0xED, 0xC9, 0xC7, 0xBA, 0xB9, 0xF0, 0x4D, 0x3F, 0xCE, 0x1B, 0x17, 0x98, 0x92, 0x52, 0x90, 0x91,
    0x32, 0x75, 0xBD, 0x19, 0x89, 0xB6, 0x2E, 0xD5, 0x10, 0xF9, 0x1F, 0x7C, 0x4F, 0x3B, 0x78, 0xAE,
    0x61, 0xEE, 0x58, 0x94, 0x8E, 0x40, 0x0E, 0xCC, 0x46, 0x31, 0xF4, 0x10, 0x18, 0xB0, 0xAB, 0xF0,
    0x8F, 0x44, 0x27, 0xBE, 0xD8, 0xD6, 0x8E, 0xF5, 0x5E, 0xC1, 0xE0, 0x82, 0x6E, 0xC8, 0x25, 0xB8,
    0xB4, 0x55, 0xD5, 0xEA, 0x4F, 0xE4, 0xB7, 0x3D, 0xBB, 0xFF, 0x01, 0xB5, 0x59, 0x3D, 0x8C, 0x1C,
    0xB7, 0x19, 0x7D, 0x3B, 0x04, 0x34, 0xB0, 0x06, 0x30, 0x5B, 0x27, 0x85, 0x26, 0x85, 0x1B, 0x05,
    0x92, 0xD8, 0x0A, 0xF0, 0xEE, 0xCE, 0x44, 0x2E, 0x52, 0xA4, 0x49, 0x5F, 0xA5, 0x74, 0x1F, 0x03,
    0x49, 0xB1, 0xD6, 0x4E, 0x6A, 0x35, 0xEA, 0xD3, 0xA8, 0x50, 0xA1, 0x32, 0x88, 0x5C, 0xA8, 0xE0,
    0xE9, 0x68, 0xB8, 0x70, 0x3B, 0x48, 0x0F, 0x98, 0x76, 0x8A, 0x94, 0x62, 0xA4, 0x49, 0x44, 0x44,
    0xB3, 0xFB, 0xE5, 0xE3, 0x70, 0xF7, 0xB4, 0x3A, 0xDE, 0xAD, 0x35, 0xA3, 0x33, 0xF7, 0xBD, 0x03,
    0x48, 0x7E, 0x3F, 0xEF, 0xB8, 0xFC, 0x9B, 0xD9, 0x82, 0x3C, 0x02, 0xDF, 0x29, 0x15, 0xF3, 0xB4,
    0x01, 0xC8, 0x00, 0xAF, 0x0D, 0x66, 0xAF, 0x5A, 0x64, 0xAF, 0x2C, 0xC4, 0x8F, 0x0E, 0xC2, 0x38,
    0xE4, 0xA6, 0x43, 0xD1, 0x3C, 0x83, 0xAC, 0x57, 0x90, 0xD4, 0xA3, 0xA4, 0x0D, 0x14, 0xEE, 0x60,
    0x89, 0x12, 0x73, 0x48, 0x70, 0x6B, 0xAD, 0x21, 0x9B, 0x82, 0x7A, 0x06, 0xF6, 0x65, 0x46, 0xAD,
    0x24, 0xAF, 0x9A, 0x93, 0x5F, 0xB0, 0x25, 0x54, 0x4E, 0x54, 0x12, 0x55, 0xB5, 0xFA, 0x0A, 0x6A,
    0x85, 0xEA, 0x2B, 0x54, 0xD5, 0x6F, 0xB8, 0xE5, 0x45, 0xBE, 0x55, 0xD7, 0xF0, 0xE9, 0x90, 0x44,
    0x90, 0x8B, 0x42, 0xAE, 0x58, 0x58, 0x56, 0x7F, 0x9A, 0xB7, 0x9E, 0xA3, 0x73, 0xB0, 0xB1, 0xDA,
    0xAE, 0x4A, 0x03, 0x50, 0x02, 0x98, 0x33, 0x57, 0xCC, 0xCA, 0x01, 0xA5, 0x63, 0x15, 0x60, 0x19,
    0x60, 0x1D, 0x18, 0x84, 0x40, 0x81, 0xA5, 0xA0, 0x64, 0xB2, 0x18, 0xB0, 0x1A, 0xB0, 0x1C, 0xB0,
    0x1E, 0xB0, 0x20, 0xB0, 0x22, 0x04, 0x49, 0xC0, 0x82, 0xF9, 0x35, 0xD3, 0x23, 0x0A, 0xAB, 0x0C,
    0xB2, 0x26, 0x64, 0xA9, 0x00, 0x8D, 0x58, 0x72, 0xAA, 0x4B, 0x72, 0xD5, 0x3D, 0xAF, 0xA1, 0x7B,
    0xAC, 0x3C, 0x70, 0x21, 0xB8, 0x8B, 0x0D, 0xD8, 0x8C, 0x8D, 0x73, 0x6A, 0x76, 0x71, 0x54, 0xD4,
    0x19, 0xE3, 0x34, 0x6A, 0x1F, 0xC7, 0x63, 0xFE, 0xAE, 0xFB, 0x3C, 0xFA, 0xAA, 0xE8, 0xFB, 0x05,
    0x32, 0x42, 0xF1, 0xBD, 0x51, 0x9F, 0xBB, 0xC9, 0x1A, 0x62, 0x9C, 0x19, 0x21, 0xFF, 0xDE, 0x94,
    0x1C, 0x67, 0xAC, 0x86, 0x1E, 0xD8, 0x00, 0x3D, 0x3E, 0x48, 0x80, 0x06, 0xB6, 0x80, 0x1E, 0x3D,
    0x02, 0xBF, 0x9C, 0x3D, 0x92, 0x0F, 0x5A, 0x41, 0x35, 0x36, 0xD3, 0x05, 0xEC, 0xE2, 0x7C, 0x17,
    0xE3, 0x8C, 0xD6, 0x70, 0x33, 0x63, 0x0D, 0x46, 0xD0, 0xDB, 0x41, 0xA0, 0x2D, 0x88, 0x5A, 0x9F,
    0x3B, 0x0F, 0xEF, 0xA1, 0x8F, 0xC2, 0xB3, 0x19, 0x1B, 0xB3, 0x0B, 0xD0, 0xB9, 0xC8, 0xFF, 0x04,
    0xDA, 0xDC, 0x77, 0x50, 0xDB, 0x0E, 0xD5, 0x6F, 0x3B, 0xAC, 0x66, 0x1D, 0x34, 0x2E, 0x26, 0xF7,
    0xB1, 0x4D, 0xB4, 0x0D, 0x3E, 0x92, 0x2C, 0x73, 0x03, 0xD9, 0xAC, 0x99, 0xE1, 0x53, 0x98, 0x43,
    0xD2, 0x26, 0xF2, 0x7C, 0x7B, 0xB4, 0x5D, 0x47, 0x5F, 0xB2, 0x00, 0x74, 0x24, 0x91, 0x19, 0x08,
    0x8D, 0xC2, 0x6B, 0x28, 0xD2, 0x58, 0xE7, 0x3D, 0x34, 0x7A, 0xF8, 0x81, 0xFA, 0x80, 0xB1, 0x3D,
    0xF4, 0x2B, 0x8A, 0xF6, 0x25, 0x39, 0x06, 0xF6, 0xE5, 0x94, 0x7A, 0x86, 0x06, 0x0E, 0xC0, 0x8D,
    0x8E, 0xA1, 0x81, 0x14, 0xD1, 0x5E, 0x91, 0x65, 0x00, 0x6F, 0xBF, 0x65, 0x45, 0xED, 0x5A, 0xB8,
    0x7E, 0x18, 0xE1, 0x0E, 0x2B, 0xA2, 0x9E, 0xD1, 0x01, 0x8C, 0x1E, 0x5F, 0xDC, 0xCF, 0xE2, 0xB7,
    0x53, 0x7F, 0x84, 0x87, 0xF2, 0x9E, 0x2D, 0xC8, 0x64, 0xF4, 0x41, 0x02, 0x3E, 0xC1, 0xC3, 0x52,
    0xB4, 0x92, 0xE3, 0x6C, 0x47, 0x6B, 0x38, 0x9C, 0xDE, 0x93, 0x05, 0xA0, 0xC7, 0x6C, 0x03, 0xF4,
    0xA3, 0xB3, 0x4F, 0x4C, 0x27, 0x5A, 0x14, 0x0D, 0x24, 0xA3, 0x47, 0xD6, 0xC7, 0x74, 0x95, 0x70,
    0x7A, 0x3F, 0xA5, 0x63, 0x3A, 0x0F, 0x30, 0x34, 0x9E, 0x2C, 0x77, 0xE9, 0x1A, 0x2C, 0x80, 0x67,
    0x43, 0xEB, 0xF3, 0x06, 0xAA, 0x4D, 0x57, 0xD6, 0x34, 0x3D, 0xC9, 0x2A, 0x1B, 0x33, 0xFE, 0x4F,
    0x90, 0x6D, 0x79, 0x9F, 0x6C, 0x94, 0xB0, 0x07, 0xBE, 0x6E, 0x9D, 0xC5, 0xD5, 0x7D, 0xB0, 0x4B,
    0x54, 0x7D, 0x00, 0x56, 0x7B, 0x68, 0x8D, 0x7E, 0x2D, 0x3A, 0x45, 0x36, 0xC4, 0x79, 0x7C, 0x3E,
    0x4E, 0xE1, 0x75, 0x45, 0x9A, 0x67, 0x3B, 0x9B, 0xF9, 0x00, 0xBD, 0x47, 0x68, 0xE1, 0x76, 0xEE,
    0x2D, 0x76, 0xFF, 0xAB, 0x47, 0xD6, 0x49, 0x72, 0x92, 0x9A, 0x64, 0x2E, 0x4D, 0xD4, 0xF3, 0xC9,
    0xEC, 0xA1, 0xCA, 0xCF, 0xE2, 0x4C, 0xD7, 0x93, 0x4C, 0xAD, 0x29, 0x62, 0x42, 0x90, 0x1E, 0xE8,
    0x3F, 0x48, 0xC9, 0xC4, 0xD4, 0xB1, 0xDC, 0x1C, 0x82, 0x75, 0x10, 0x16, 0x90, 0x80, 0x02, 0x96,
    0x43, 0x4B, 0x8F, 0xCC, 0x7F, 0x90, 0xAA, 0x74, 0xFE, 0xA4, 0x3B, 0xF9, 0xE1, 0xA2, 0xB8, 0xAC,
    0x17, 0x8F, 0x11, 0x02, 0x85, 0x48, 0x88, 0xA1, 0x0E, 0x8A, 0x3F, 0x4F, 0x6A, 0xF0, 0x86, 0x1C,
    0xE8, 0xF3, 0x6E, 0xB7, 0xD1, 0x6A, 0xF8, 0x9F, 0xE6, 0x3B, 0x3B, 0x3D, 0x6B, 0x09, 0x3C, 0x6C,
    0x93, 0x44, 0x91, 0xB1, 0x7E, 0x84, 0x00, 0xF3, 0x6C, 0xF3, 0x1F, 0xEA, 0x0F, 0x3C, 0xE4, 0xE9,
    0x16, 0xB2, 0xAB, 0x6A, 0xC9, 0x16, 0xD2, 0x24, 0x7E, 0x09, 0x0B, 0x6B, 0x4B, 0x6A, 0x6F, 0x29,
    0xB3, 0x5F, 0xFC, 0x9E, 0x81, 0x1E, 0xEF, 0x89, 0x68, 0x9F, 0x3B, 0x27, 0x9F, 0xBB, 0x8F, 0xCB,
    0x7D, 0x90, 0x4D, 0x00, 0x16, 0xC7, 0x40, 0x43, 0x39, 0x3C, 0x36, 0x26, 0x67, 0x97, 0xE4, 0x18,
    0x00, 0xC6, 0x66, 0x4F, 0xD6, 0xF9, 0x44, 0x01, 0x1F, 0xE1, 0x91, 0xBC, 0xE7, 0x0A, 0x6A, 0x67,
    0x54, 0x8F, 0xD5, 0x30, 0x2D, 0xE3, 0xCC, 0x41, 0x18, 0xE4, 0x06, 0x82, 0x30, 0x23, 0xE0, 0x04,
    0xD8, 0x86, 0xBF, 0x63, 0xB3, 0xC3, 0x21, 0x6B, 0x21, 0x6C, 0x88, 0x03, 0xC2, 0xB9, 0x8D, 0x66,
    0x9A, 0xB6, 0x11, 0xD9, 0x71, 0x13, 0x00, 0xD5, 0x10, 0xAF, 0x5B, 0xC8, 0x6F, 0x3A, 0x9C, 0x95,
    0xE5, 0x28, 0xFE, 0x01, 0x0B, 0x78, 0xA6, 0x86, 0x46, 0x75, 0xAF, 0x87, 0x22, 0x87, 0x9C, 0x1A,
    0xE0, 0x3A, 0x53, 0x59, 0xE0, 0xC4, 0x23, 0x73, 0x4B, 0xC4, 0x72, 0x70, 0x61, 0x2A, 0x46, 0x52,
    0x36, 0xC0, 0xBA, 0x06, 0x6D, 0x01, 0xEA, 0x00, 0x8F, 0xE5, 0xEE, 0x8E, 0x98, 0x39, 0x2F, 0xAC,
    0x2F, 0x8C, 0x97, 0x8D, 0x57, 0xDC, 0x1F, 0xE0, 0x15, 0x42, 0x95, 0x1B, 0xB9, 0x8B, 0x0D, 0xD0,
    0xFB, 0x20, 0xA4, 0x3A, 0xDC, 0x0D, 0x67, 0xC3, 0x6E, 0xA8, 0x71, 0x88, 0xA5, 0x46, 0xAF, 0x33,
    0xA7, 0x85, 0xD5, 0xD2, 0x68, 0x55, 0xF3, 0x82, 0x3E, 0x25, 0xE8, 0xB2, 0x0E, 0x55, 0xE1, 0xF4,
    0xAC, 0x0B, 0x06, 0x17, 0xC7, 0x59, 0x32, 0x7B, 0xB0, 0x09, 0x74, 0xA8, 0xB3, 0x66, 0xF6, 0x0B,
    0xEE, 0x03, 0xB5, 0x6C, 0x62, 0x9B, 0x70, 0x71, 0x33, 0x8A, 0x23, 0x86, 0xD9, 0x23, 0xE4, 0x2D,
    0xB8, 0x73, 0x79, 0x30, 0xFE, 0xA3, 0x50, 0x11, 0x31, 0x90, 0x3D, 0x8C, 0xE3, 0x54, 0x02, 0x58,
    0xE0, 0xAC, 0xAC, 0x29, 0x12, 0x6A, 0x02, 0x59, 0x3F, 0x24, 0x39, 0x64, 0xE4, 0x3C, 0x30, 0x0A,
    0x71, 0xB7, 0x4F, 0xC7, 0xE9, 0xAA, 0xF4, 0x60, 0x5F, 0x78, 0x00, 0xE3, 0xA9, 0x66, 0x06, 0x1B,
    0x2F, 0x07, 0x94, 0xF0, 0x37, 0x46, 0xE8, 0x5C, 0x53, 0x61, 0x98, 0x0D, 0x54, 0x51, 0x43, 0xC9,
    0xFA, 0x6A, 0x47, 0x49, 0x38, 0x9F, 0xFB, 0x00, 0xE1, 0x2E, 0xCC, 0x4E, 0x1B, 0x20, 0x10, 0x8B,
    0x0B, 0xA9, 0xB1, 0x98, 0x6D, 0x99, 0x84, 0x05, 0xFA, 0xA4, 0xBF, 0x62, 0x96, 0xD4, 0x22, 0xA7,
    0x56, 0x58, 0xE0, 0x5D, 0xFE, 0x0A, 0xE2, 0x07, 0x07, 0xF1, 0xA2, 0x85, 0x20, 0x40, 0x74, 0x40,
    0x69, 0x81, 0x53, 0xE6, 0xD3, 0xC4, 0x96, 0x49, 0xE4, 0x02, 0xD3, 0xEF, 0x28, 0x63, 0x96, 0xCC,
    0x13, 0xA6, 0x03, 0xAA, 0x1A, 0xAC, 0x06, 0x45, 0xE0, 0xB1, 0xEF, 0xE8, 0x5A, 0x03, 0x59, 0xC7,
    0x9B, 0x46, 0x2C, 0x5B, 0x68, 0x8A, 0x68, 0xF4, 0x1B, 0xA3, 0x5F, 0xB7, 0xFA, 0x7F, 0x56, 0x7B,
    0xA7, 0x7D, 0xA7, 0xFD, 0x4A, 0xFB, 0xB9, 0xF6, 0x77, 0xB4, 0x2F, 0x57, 0x5E, 0x6A, 0x5F, 0xF4,
    0x5E, 0x0C, 0xC8, 0xFA, 0xF4, 0x7D, 0x82, 0xA7, 0x86, 0xCF, 0x7F, 0x3E, 0xFE, 0x7B, 0xF8, 0xFE,
    0xE8, 0x53, 0xE4, 0xA4, 0x8C, 0xE9, 0xBC, 0x1D, 0x91, 0x31, 0xF5, 0x4D, 0xEF, 0xE7, 0xD3, 0x54,
    0x25, 0x4F, 0xF4, 0x23, 0x54, 0x9D, 0x6D, 0x0F, 0x35, 0xB0, 0xC4, 0xDB, 0x22, 0xFE, 0xB9, 0xE5,
    0xF9, 0x41, 0x46, 0x6C, 0x64, 0x2B, 0x9C, 0xB0, 0xC2, 0x65, 0xFC, 0xF7, 0xA7, 0xB9, 0xFB, 0x0F,
    0x6A, 0x4D, 0x2C, 0xDF, 0xE8, 0xFF, 0x9E, 0x97, 0xCF, 0xDA, 0x19, 0xBD, 0xCF, 0x77, 0xDA, 0x3D,
    0x18, 0xBB, 0x9B, 0x23, 0xC8, 0x82, 0x6A, 0x7F, 0xFA, 0xFE, 0x23, 0xEA, 0x21, 0x5C, 0xF4, 0xBA,
    0xE8, 0x61, 0xD7, 0x9E, 0x3D, 0x7B, 0x1D, 0x01, 0x1B, 0xAC, 0x85, 0x63, 0xE3, 0xFC, 0x92, 0x20,
    0x6B, 0xC1, 0x4A, 0xFA, 0xF8, 0xB4, 0x74, 0x06, 0xAE, 0xB2, 0xBC, 0xB3, 0xDB, 0x74, 0x72, 0x6B,
    0x19, 0x2D, 0x20, 0x89, 0x33, 0x5A, 0x03, 0x3A, 0x9D, 0x39, 0x97, 0x7F, 0x6B, 0xE5, 0xEF, 0xCC,
    0x44, 0x0D, 0x49, 0x9C, 0xB1, 0x1A, 0xCA, 0x7F, 0x71, 0x3E, 0x22, 0xBB, 0x29, 0x0D, 0x7C, 0x61,
    0xD0, 0xE5, 0x87, 0x24, 0x13, 0x79, 0xBE, 0x3D, 0xDA, 0x06, 0x9F, 0xE0, 0x1B, 0x62, 0x14, 0x3C,
    0x09, 0xD4, 0x96, 0xDA, 0x65, 0xF9, 0x0F, 0x37, 0x97, 0xC6, 0xCD, 0x8B, 0x66, 0x47, 0xDA, 0xB1,
    0xC1, 0x40, 0x69, 0x7E, 0x1F, 0x6C, 0x82, 0x2D, 0xFB, 0xD4, 0xE9, 0xCE, 0x42, 0xD4, 0x10, 0xB9,
    0x61, 0xA2, 0xB1, 0xD8, 0xC5, 0x80, 0x15, 0x57, 0xB9, 0x91, 0xBB, 0x7C, 0x59, 0x7B, 0x69, 0x7C,
    0x7E, 0x76, 0x1F, 0x88, 0xE3, 0xB4, 0x0C, 0xA7, 0x26, 0x4B, 0x2A, 0xDF, 0x1E, 0x99, 0xAB, 0x75,
    0x7B, 0x9F, 0xBA, 0xF5, 0x5F, 0xFA, 0xFB, 0x58, 0xAD, 0xB0, 0x18, 0x80, 0x0B, 0x31, 0x31, 0x63,
    0xB2, 0x3B, 0xE4, 0xDF, 0x6D, 0x90, 0xBF, 0xA0, 0x3A, 0xF7, 0xA5, 0xC9, 0x6D, 0x6E, 0x72, 0x23,
    0xDA, 0x48, 0xE0, 0x18, 0xF7, 0x65, 0xBF, 0xB2, 0x65, 0x5C, 0xD9, 0xE9, 0x6E, 0x33, 0x51, 0xE9,
    0x75, 0x3C, 0x2A, 0xBE, 0xB5, 0x19, 0x35, 0x78, 0x3E, 0x7A, 0x6C, 0xE2, 0xA9, 0xDC, 0xC6, 0x5B,
    0x9B, 0xC2, 0xE1, 0x7B, 0x78, 0x14, 0xD4, 0xA1, 0xFC, 0xA6, 0x87, 0xC2, 0x92, 0x3F, 0x77, 0xF8,
    0xB3, 0x3B, 0x34, 0x3C, 0x90, 0x91, 0x05, 0x54, 0x0F, 0xE0, 0x3E, 0xB3, 0x64, 0x4A, 0xCC, 0x99,
    0x4B, 0x28, 0xA8, 0xE6, 0x39, 0x24, 0xF5, 0x1C, 0xC3, 0x22, 0xFD, 0xFE, 0x0B, 0x6A, 0x2A, 0x72,
    0x27, 0x99, 0xF7, 0x78, 0xF2, 0x8C, 0xDD, 0x1F, 0xA2, 0x22, 0x73, 0xED, 0xD4, 0x01, 0x1E, 0xC3,
    0xD4, 0x3F, 0x99, 0x79, 0x36, 0x60, 0x33, 0xFC, 0x3A, 0xBE, 0x45, 0xCF, 0x5E, 0x5B, 0x14, 0xC6,
    0x5F, 0xB9, 0xB6, 0xE4, 0x89, 0x78, 0x84, 0xB6, 0x2B, 0xD3, 0x70, 0x17, 0xC0, 0xBA, 0x7E, 0x3B,
    0x59, 0xA8, 0x19, 0xA9, 0x04, 0x0E, 0xD8, 0x02, 0xB2, 0x66, 0xC4, 0x4D, 0xEA, 0x7A, 0xFD, 0x64,
    0xF8, 0xA5, 0x21, 0xBE, 0xE4, 0xBF, 0xF2, 0xEF, 0x34, 0x99, 0xB7, 0x63, 0xD4, 0x12, 0x91, 0x09,
    0x44, 0x05, 0x7C, 0x10, 0x3F, 0x66, 0x96, 0x2D, 0x30, 0x73, 0x00, 0x3A, 0xA0, 0xB2, 0x51, 0xCA,
    0x63, 0xC0, 0xEF, 0x40, 0x43, 0x81, 0xC7, 0xA5, 0xE8, 0x81, 0x35, 0xA1, 0x24, 0x14, 0x80, 0xB4,
    0xBB, 0xA6, 0xD2, 0x1D, 0x19, 0xC3, 0x2B, 0xD3, 0x0F, 0x0D, 0x3C, 0xC3, 0xE3, 0xAF, 0xE1, 0xBB,
    0xB1, 0x6A, 0xDF, 0x47, 0x43, 0x49, 0x9B, 0xC0, 0xA3, 0x1A, 0x8E, 0x8F, 0x55, 0x45, 0x3D, 0x23,
    0xCD, 0x7E, 0xEE, 0x5D, 0x88, 0x87, 0x7E, 0x4F, 0x68, 0xF8, 0x6A, 0x7F, 0x2C, 0x8D, 0x08, 0x12,
    0x1D, 0x73, 0xA7, 0xA8, 0x4D, 0x2F, 0x04, 0x13, 0xB2, 0x27, 0x41, 0x46, 0x64, 0x4F, 0x6F, 0x03,
    0x13, 0x04, 0x24, 0x71, 0xC6, 0x69, 0x98, 0x6D, 0x90, 0xFF, 0xB5, 0x2E, 0x44, 0x93, 0x3F, 0xE0,
    0xF5, 0x3E, 0x51, 0x43, 0x12, 0x67, 0x9C, 0x86, 0xF4, 0x46, 0x32, 0x41, 0x43, 0x12, 0x67, 0x9C,
    0x86, 0x91, 0x19, 0xF7, 0xCA, 0x6F, 0x01, 0x7F, 0x06, 0x34, 0xB0, 0xB6, 0x50, 0xF6, 0x3D, 0xA5,
    0xA6, 0xBF, 0x08, 0x5C, 0xF6, 0xD6, 0x44, 0x4B, 0xF3, 0x6C, 0x25, 0x4D, 0x17, 0x38, 0x97, 0xAD,
    0x9B, 0xDF, 0x60, 0xDE, 0xB6, 0x6E, 0x71, 0xCB, 0xBA, 0x3B, 0xF3, 0x7F, 0xDB, 0x3B, 0xF3, 0x97,
    0xF6, 0xC6, 0xDD, 0xBF, 0xB7, 0xE5, 0xDD, 0xA7, 0xAD, 0xFC, 0xF2, 0x8F, 0x46, 0x7E, 0xF9, 0x27,
    0x23, 0xFF, 0xF6, 0x99, 0x91, 0x2E, 0xB0, 0x6A, 0x8A, 0x40, 0xAB, 0xEA, 0xCB, 0xE2, 0x87, 0xBB,
    0xD7, 0x9E, 0x0B, 0x8E, 0x7D, 0xFB, 0xF6, 0x0F, 0xF6, 0xC6, 0xAD, 0x1F, 0x5B, 0x39, 0x7F, 0x69,
    0xE4, 0xDD, 0x57, 0xCC, 0xA7, 0x43, 0xCC, 0xC2, 0x7D, 0xD6, 0xE4, 0xAE, 0xAA, 0x99, 0x10, 0xB6,
    0xC2, 0x65, 0xF1, 0x96, 0x5C, 0x53, 0x6C, 0x31, 0xBC, 0xE5, 0x34, 0xB2, 0x11, 0xB6, 0x8C, 0xFD,
    0x7E, 0x05, 0x68, 0xCF, 0x06, 0x2E, 0xFA, 0x49, 0x73, 0x9C, 0x97, 0x9C, 0xD5, 0x1A, 0xB2, 0x59,
    0xA0, 0x44, 0x05, 0x85, 0x12, 0x0B, 0xAE, 0xAD, 0x86, 0x7E, 0xD1, 0x3A, 0x88, 0x97, 0x0E, 0xB3,
    0x57, 0x16, 0x78, 0x63, 0xD8, 0x97, 0x59, 0xD5, 0xCC, 0x41, 0x14, 0xB0, 0x62, 0x6A, 0x66, 0x17,
    0xB7, 0xF8, 0xA0, 0x49, 0x74, 0xEB, 0x9F, 0x45, 0xFB, 0x45, 0x77, 0xD4, 0x9E, 0x01, 0x84, 0xB1,
    0x62, 0xA9, 0xC1, 0xA8, 0xC4, 0xCE, 0xA0, 0x83, 0x70, 0xC8, 0xCD, 0xEE, 0xF7, 0xEE, 0x05, 0xD0,
    0xEF, 0xED, 0xD3, 0x38, 0xBB, 0x77, 0x83, 0x59, 0x87, 0xDC, 0x86, 0x20, 0x15, 0xA0, 0x31, 0x3B,
    0xAC, 0x45, 0xDF, 0xE4, 0x87, 0xB1, 0x71, 0x02, 0x92, 0x20, 0x63, 0xB3, 0x27, 0x27, 0xFA, 0x58,
    0x01, 0x49, 0x9C, 0xF1, 0x1A, 0x24, 0x99, 0x8A, 0xCC, 0x09, 0xE0, 0xC7, 0xE0, 0xFF, 0xAD, 0x94,
    0x21, 0x6C, 0xE4, 0x46, 0x14, 0x86, 0xBF, 0xB5, 0xA5, 0x58, 0x8A, 0xC1, 0xD0, 0xB6, 0xC4, 0xB4,
    0x27, 0x9D, 0x32, 0x5C, 0xDA, 0x78, 0xDC, 0x92, 0xC0, 0x72, 0x4E, 0x8E, 0xA3, 0x82, 0x24, 0x1E,
    0x5D, 0x61, 0x40, 0x8F, 0x93, 0x06, 0x14, 0x1C, 0x47, 0x01, 0xBB, 0xDD, 0xB9, 0x90, 0x03, 0x25,
    0xAB, 0x72, 0x60, 0x85, 0x16, 0x74, 0xD4, 0xB3, 0x9A, 0x01, 0xBE, 0x7D, 0x7D, 0xB1, 0x9B, 0x4D,
    0xA4, 0xDC, 0x5E, 0xEF, 0xB4, 0xF7, 0xFB, 0xFF, 0xAC, 0xE4, 0xF9, 0xCD, 0xEF, 0xB1, 0x9F, 0xB5,
    0xF0, 0x15, 0x1C, 0xAB, 0x0B, 0x39, 0xB5, 0x32, 0xB8, 0xBC, 0x5F, 0x90, 0x12, 0x8B, 0x8F, 0x58,
    0x1B, 0xDA, 0xBC, 0xB7, 0xD2, 0x15, 0xD2, 0xC0, 0x91, 0xBA, 0x90, 0x73, 0x5D, 0xDB, 0xE6, 0x71,
    0x18, 0xD7, 0xF6, 0x9C, 0x6E, 0xAD, 0xFF, 0x0E, 0x0C, 0x8F, 0xFA, 0xF3, 0x30, 0x51, 0x84, 0xC4,
    0xCA, 0x27, 0x96, 0x68, 0xCB, 0xE7, 0x30, 0x9E, 0x75, 0x9F, 0x68, 0x22, 0x63, 0x24, 0x99, 0xBF,
    0xCF, 0xD5, 0xCC, 0x3B, 0x9A, 0x4F, 0xCA, 0x28, 0xE2, 0x36, 0xE3, 0xB0, 0x79, 0x4D, 0x7E, 0x13,
    0x41, 0x02, 0x38, 0x1E, 0xE4, 0x94, 0x95, 0x9F, 0xEA, 0xB7, 0x81, 0xD9, 0xBB, 0x35, 0xD9, 0xBB,
    0x6E, 0xEC, 0xCD, 0x43, 0xA4, 0x08, 0x3D, 0xA5, 0xBF, 0xC2, 0x34, 0xA7, 0x18, 0x19, 0xA8, 0xE4,
    0x3D, 0x96, 0x23, 0x6A, 0x2A, 0xE6, 0x18, 0xB4, 0xDA, 0x2C, 0x30, 0xFE, 0xC0, 0xBF, 0xC8, 0x6F,
    0x7A, 0x64, 0x8D, 0x6B, 0x18, 0x35, 0x93, 0xB5, 0x91, 0x64, 0xFD, 0xF2, 0x6B, 0x6A, 0xB0, 0x85,
    0x48, 0x25, 0xE2, 0x1A, 0x7B, 0x86, 0x3D, 0xC5, 0x9D, 0xE1, 0xDC, 0x77, 0x5A, 0xF9, 0xAB, 0xD8,
    0xD8, 0x6F, 0x66, 0x97, 0xE6, 0x6D, 0x97, 0x8B, 0x67, 0xC3, 0xA4, 0xD5, 0x7B, 0xD4, 0x1C, 0x7F,
    0xCC, 0x32, 0xEA, 0x59, 0x76, 0x69, 0x2E, 0x42, 0x2E, 0x30, 0x30, 0x49, 0x9F, 0xD6, 0x4A, 0xA7,
    0x03, 0x19, 0x18, 0x3E, 0x34, 0xAB, 0x87, 0xD9, 0x3E, 0x5D, 0xFB, 0xBF, 0xDF, 0x85, 0x2B, 0xA2,
    0x95, 0xF5, 0x74, 0x0B, 0x35, 0x8F, 0x64, 0xF3, 0xCE, 0x9D, 0x44, 0x3D, 0x7F, 0x6E, 0x14, 0x07,
    0x1E, 0xD3, 0x50, 0xC3, 0x62, 0xDF, 0xB4, 0x27, 0x0F, 0xB5, 0x6F, 0xDA, 0x61, 0x43, 0x19, 0xC8,
    0xE2, 0x97, 0x49, 0xDB, 0x31, 0xAC, 0xD8, 0x66, 0x69, 0x81, 0x36, 0xEB, 0x80, 0xF8, 0xCF, 0x6E,
    0x50, 0x6B, 0xE5, 0xDE, 0x9A, 0x33, 0x3C, 0x1A, 0xDC, 0xAB, 0xEA, 0x22, 0x14, 0xC2, 0xEC, 0x3E,
    0xA7, 0x4C, 0x0B, 0x27, 0x8B, 0xB6, 0x18, 0xB4, 0x2D, 0xA9, 0x1F, 0x36, 0x70, 0x57, 0xD1, 0xBA,
    0x5E, 0x2D, 0xF5, 0x4F, 0xD4, 0x89, 0xAC, 0x37, 0x12, 0x8D, 0xF8, 0xED, 0xA7, 0xF2, 0x69, 0x3F,
    0x09, 0xF7, 0xF3, 0x7A, 0x0E, 0x3F, 0x8E, 0x49, 0x6D, 0x87, 0xED, 0x9E, 0x84, 0xEC, 0x5A, 0x08,
    0x73, 0xB8, 0x82, 0x01, 0x56, 0x6B, 0xEC, 0xFA, 0xF1, 0xDC, 0xF7, 0x79, 0x1B, 0x0F, 0x39, 0xFB,
    0xBD, 0x0D, 0x78, 0x01, 0xF4, 0x90, 0x77, 0x50, 0x06, 0xB6, 0x12, 0xE9, 0x47, 0xFE, 0x8E, 0xCC,
    0x94, 0x4C, 0xC9, 0x6F, 0x94, 0x3F, 0x94, 0xEB, 0x48, 0x71, 0x2D, 0xB1, 0x54, 0xCC, 0xCB, 0x88,
    0x91, 0x89, 0x2A, 0x8B, 0x58, 0xA5, 0x56, 0x8E, 0x33, 0xE9, 0xE7, 0xCA, 0xAE, 0xFC, 0x22, 0xB5,
    0x8D, 0xD9, 0xC8, 0xBA, 0x36, 0xD7, 0xF1, 0x79, 0x19, 0x22, 0xA5, 0x1F, 0x29, 0x45, 0xA2, 0x55,
    0xEA, 0xD2, 0x33, 0x9F, 0xB8, 0xAC, 0xCD, 0x9B, 0x68, 0x37, 0xD2, 0x95, 0x7D, 0xBB, 0x6B, 0xBF,
    0x91, 0xF6, 0x9F, 0x2E, 0x13, 0x09, 0x45, 0xB4, 0xBE, 0x0C, 0xC6, 0x1B, 0xEF, 0xF4, 0xDC, 0x2A,
    0x12, 0xCC, 0xCB, 0x3F, 0x83, 0xF9, 0xE9, 0xF7, 0x60, 0x7E, 0xBE, 0x08, 0xE6, 0x17, 0xBD, 0xBA,
    0x54, 0x92, 0x12, 0xCB, 0x50, 0x76, 0xC6, 0x17, 0xD1, 0x35, 0x46, 0x36, 0xD8, 0xB6, 0xE7, 0x5B,
    0xE0, 0xC3, 0xF7, 0xC8, 0x22, 0xED, 0x6D, 0xC8, 0x44, 0xEE, 0xFA, 0xB5, 0xEC, 0xFC, 0x98, 0xFD,
    0xFD, 0x6D, 0x30, 0x27, 0x6F, 0x83, 0xF9, 0xE1, 0x24, 0x98, 0xF3, 0x22, 0x98, 0x41, 0x33, 0xE3,
    0xD3, 0xCC, 0x99, 0xAC, 0x29, 0xA5, 0xA7, 0x7A, 0x33, 0x60, 0xA9, 0xF5, 0x38, 0xD2, 0x03, 0xAA,
    0x06, 0x4C, 0x82, 0x4C, 0x3A, 0xB0, 0x03, 0x70, 0xAE, 0x54, 0x8A, 0x61, 0xAE, 0xD4, 0x58, 0xAC,
    0xFF, 0x0D, 0x23, 0x83, 0x66, 0x74, 0x6C, 0x75, 0xD8, 0x80, 0x05, 0xCE, 0x94, 0x84, 0x66, 0x7B,
    0x27, 0x71, 0x99, 0xA5, 0xC4, 0xEB, 0x2B, 0x0D, 0x79, 0x85, 0x93, 0x70, 0xB0, 0x8A, 0x90, 0x18,
    0x3F, 0x83, 0xE5, 0x2C, 0x69, 0x83, 0xB6, 0x31, 0xE9, 0x99, 0x96, 0x99, 0xF5, 0xE4, 0x1D, 0x22,
    0x12, 0xEE, 0xC0, 0xC1, 0x5E, 0xEC, 0xD8, 0x1B, 0xBF, 0x42, 0x62, 0xB2, 0x8C, 0x22, 0xB1, 0xD3,
    0x03, 0xB4, 0x42, 0x25, 0x4C, 0x9A, 0x5D, 0xA2, 0x5B, 0x34, 0x01, 0xCB, 0xBF, 0x55, 0x8D, 0x81,
    0x46, 0x04, 0x51, 0x14, 0x40, 0xCF, 0xBE, 0x47, 0x2B, 0x8F, 0xDE, 0x17, 0xB4, 0x0F, 0x40, 0xA4,
    0x07, 0xB0, 0xD8, 0x99, 0x79, 0x9F, 0x12, 0xFA, 0x84, 0x50, 0x8C, 0xF6, 0x12, 0x20, 0x98, 0x4F,
    0x58, 0x40, 0x80, 0xC1, 0x02, 0xAA, 0xBD, 0xEC, 0x0F, 0x8C, 0x7E, 0xA0, 0xE9, 0x0F, 0x06, 0x61,
    0x50, 0xBD, 0xC6, 0x00, 0x5D, 0xD7, 0x81, 0x7B, 0x9D, 0x73, 0x43, 0x41, 0xC0, 0xE9, 0xA2, 0x59,
    0xAA, 0x4F, 0x25, 0x3C, 0x63, 0x7E, 0x71, 0x1F, 0x12, 0x6D, 0x1F, 0x1F, 0x65, 0x9B, 0x53, 0x7B,
    0xE0, 0x90, 0x65, 0xDA, 0x6B, 0x93, 0x6A, 0x9F, 0xAA, 0x8C, 0x1B, 0xA9, 0xD8, 0xA6, 0x8A, 0x17,
    0x2F, 0x3F, 0x41, 0x27, 0xE6, 0x94, 0xD5, 0xAA, 0x93, 0x40, 0xE8, 0xEE, 0xF7, 0xED, 0xFA, 0x6E,
    0x1F, 0x7B, 0xB0, 0xEF, 0x83, 0x3B, 0x6A, 0xF0, 0x52, 0x44, 0x2E, 0xCC, 0xCE, 0x3F, 0xA9, 0xCD,
    0xF0, 0x4D, 0x19, 0xF0, 0x5E, 0xDC, 0xB1, 0xB3, 0x9F, 0x83, 0xED, 0xA6, 0xAE, 0xC4, 0x54, 0xF1,
    0xC6, 0xE9, 0x6A, 0xF5, 0x3A, 0xCE, 0xE6, 0x7F, 0x1A, 0xD3, 0x38, 0x0D, 0xA9, 0x64, 0xCD, 0x03,
    0x6E, 0xCA, 0x64, 0x81, 0x13, 0xAE, 0xD8, 0x50, 0x53, 0x35, 0x61, 0xC8, 0xD3, 0xE8, 0x0C, 0x60,
    0x07, 0xB6, 0x07, 0xA7, 0x10, 0x80, 0x02, 0x18, 0xC1, 0x0C, 0x60, 0x15, 0xBC, 0x40, 0x04, 0x6A,
    0xE0, 0x6B, 0xFE, 0x64, 0xA9, 0xE0, 0x13, 0x94, 0x00, 0xB4, 0xD0, 0xB3, 0xE8, 0xB0, 0xCA, 0x32,
    0xE1, 0xE0, 0x0C, 0x2E, 0x61, 0x03, 0xB7, 0x30, 0x40, 0x8F, 0x51, 0xAC, 0xE0, 0x12, 0x1E, 0xCE,
    0xE7, 0xCB, 0x1A, 0xFE, 0x00, 0xAD, 0x98, 0x21, 0x70, 0xEC, 0xB8, 0x19, 0xC7, 0xFF, 0xBB, 0x9E,
    0x3E, 0xCF, 0xD4, 0x40, 0xB4, 0x87, 0x4C, 0x0A, 0x8E, 0x5C, 0xCC, 0x67, 0x76, 0x2D, 0x35, 0x05,
    0x05, 0x07, 0x4A, 0xCA, 0xA7, 0xB0, 0x1C, 0x15, 0x38, 0x59, 0xBF, 0x1E, 0x28, 0x08, 0x78, 0xC7,
    0x49, 0x0F, 0x14, 0x94, 0x4F, 0x41, 0x66, 0xAA, 0xBC, 0xD5, 0xB5, 0xF0, 0x81, 0x73, 0x71, 0x89,
    0x7B, 0x53, 0x7E, 0x6A, 0xA3, 0x99, 0xA8, 0x7D, 0xCA, 0x7E, 0xFD, 0x2C, 0x65, 0x9D, 0x4D, 0xBC,
    0xD9, 0x4B, 0x36, 0x67, 0xFF, 0x7F, 0x5E, 0x5B, 0xFA, 0xF4, 0x45, 0x13, 0xDB, 0xFA, 0x5B, 0x2A,
    0x4F, 0x6D, 0xF5, 0x85, 0x2D, 0x7F, 0x6E, 0x11, 0xB7, 0x35, 0x05, 0x96, 0x06, 0x76, 0xB5, 0x26,
    0xCB, 0xD2, 0xC0, 0x54, 0x29, 0x9E, 0x08, 0x18, 0xC8, 0xCD, 0x0E, 0x7F, 0xDD, 0x20, 0xFF, 0x86,
    0xDA, 0x7C, 0x23, 0x4C, 0xEE, 0xB3, 0x2E, 0xEF, 0x19, 0x93, 0xF5, 0x07, 0xE8, 0x80, 0x9C, 0x29,
    0x0D, 0x0A, 0x02, 0x0A, 0x0F, 0xFC, 0x58, 0xA1, 0x02, 0x1A, 0xC0, 0x21, 0x6D, 0x44, 0x81, 0xE5,
    0x81, 0x17, 0x29, 0xA7, 0xB6, 0x24, 0x2B, 0x4F, 0xBD, 0x86, 0xF6, 0x58, 0xA4, 0x42, 0x22, 0xD6,
    0x6E, 0xD8, 0xA7, 0x01, 0x8D, 0x46, 0x90, 0xA7, 0xAE, 0xA4, 0x3E, 0x27, 0x35, 0xA3, 0x0E, 0x05,
    0x39, 0x94, 0x5F, 0x07, 0x54, 0xA8, 0x79, 0x3F, 0xE1, 0x1D, 0x28, 0x15, 0x20, 0x3C, 0x30, 0xA7,
    0x1E, 0xA8, 0x02, 0x80, 0x73, 0xA6, 0x64, 0x04, 0x16, 0x4C, 0x8D, 0x0A, 0x55, 0xFB, 0x1E, 0x82,
    0x02, 0x66, 0x1C, 0xB3, 0x26, 0xCF, 0x42, 0xC0, 0x33, 0x95, 0xE2, 0xAB, 0xAC, 0x97, 0xBF, 0xB0,
    0x7C, 0x44, 0xDC, 0x8E, 0x4B, 0x02, 0xD4, 0xDF, 0xAB, 0x5F, 0x63, 0xE9, 0xB1, 0xD4, 0xD0, 0xF2,
    0x34, 0x54, 0x64, 0x73, 0x6A, 0x33, 0xB2, 0x88, 0x18, 0x8B, 0x7C, 0x02, 0xF5, 0x4C, 0xE0, 0xF3,
    0x33, 0xA6, 0x66, 0x4E, 0xB6, 0x14, 0x7C, 0x2D, 0x5A, 0x7B, 0x26, 0x41, 0x61, 0x09, 0xEA, 0x9D,
    0x00, 0x9E, 0x82, 0x68, 0xC3, 0x90, 0x71, 0x22, 0xEF, 0x9C, 0x98, 0xF7, 0x53, 0x32, 0x2E, 0x1F,
    0xEA, 0x37, 0x78, 0xFD, 0xE3, 0x95, 0xC0, 0x9B, 0x16, 0x42, 0xA1, 0x06, 0x34, 0xD2, 0xE6, 0x51,
    0x7B, 0x68, 0x0F, 0xEF, 0xE7, 0xD6, 0x67, 0xBD, 0x2F, 0x8C, 0x17, 0xAD, 0xAF, 0x40, 0x9B, 0x41,
    0x7C, 0x32, 0x5C, 0x72, 0x21, 0x57, 0x71, 0x00, 0x82, 0xC7, 0x95, 0x87, 0x7C, 0x83, 0x9F, 0x22,
    0x37, 0x2E, 0xFE, 0x8F, 0xB0, 0x6E, 0xB1, 0xDD, 0x34, 0x44, 0xBB, 0x44, 0xA9, 0x24, 0x2A, 0x94,
    0xA8, 0x21, 0xD4, 0x02, 0x85, 0xD1, 0xC8, 0x86, 0xD8, 0xDE, 0x62, 0xF6, 0x1F, 0x0B, 0xDC, 0x74,
    0xC0, 0x5F, 0x0C, 0x20, 0x5B, 0x06, 0x40, 0xC5, 0xD4, 0x4C, 0xC3, 0x04, 0xC6, 0x01, 0x1E, 0xFA,
    0x45, 0x4A, 0x2F, 0x05, 0x02, 0x06, 0x5D, 0xC6, 0xB4, 0xB1, 0x5B, 0x64, 0x80, 0x1B, 0x83, 0xD9,
    0x75, 0x87, 0xF9, 0x75, 0x8F, 0xEC, 0xDB, 0xED, 0x2D, 0x75, 0x28, 0xDA, 0x4B, 0x08, 0xD5, 0xC4,
    0x67, 0xB4, 0xA4, 0x5B, 0x54, 0x38, 0x41, 0x8D, 0x32, 0x3E, 0xBF, 0x5C, 0xAA, 0x34, 0x44, 0x4B,
    0xE4, 0x59, 0x1E, 0xD8, 0x15, 0x91, 0x22, 0xB2, 0x7E, 0xEE, 0xE3, 0x9F, 0x6E, 0x3C, 0x96, 0xF1,
    0x18, 0xB8, 0x84, 0xCB, 0xB9, 0x36, 0xAA, 0xF7, 0x99, 0x1B, 0x0A, 0xA1, 0xA3, 0xBC, 0xCF, 0xB8,
    0x8A, 0x13, 0x76, 0x7E, 0xEE, 0x62, 0xC9, 0xE2, 0xAE, 0xE1, 0x3C, 0xC4, 0x56, 0xED, 0x71, 0xEF,
    0x75, 0x46, 0x64, 0x22, 0xBD, 0xB8, 0xA7, 0x3B, 0x80, 0x11, 0x26, 0x67, 0xE2, 0xAE, 0x84, 0x59,
    0x13, 0xF9, 0x01, 0x0D, 0x8C, 0x1C, 0x37, 0x02, 0xEA, 0xA2, 0xF5, 0xCB, 0xE2, 0xAD, 0xAD, 0x8B,
    0xDF, 0xD9, 0xAA, 0xF8, 0xA2, 0x13, 0x9F, 0xFF, 0xDE, 0x88, 0x8B, 0x0B, 0x93, 0x7F, 0x78, 0xA7,
    0xB2, 0x7F, 0xBC, 0x43, 0x46, 0x94, 0xF8, 0xF0, 0x07, 0x14, 0x1F, 0xDE, 0xB5, 0x43, 0x9D, 0x28,
    0xBE, 0x30, 0x1C, 0xDB, 0x2F, 0xB9, 0x4D, 0x53, 0xB4, 0x2E, 0x14, 0x6D, 0x98, 0x53, 0x07, 0x41,
    0x1E, 0x55, 0x7B, 0x8B, 0x1A, 0x12, 0x8B, 0xF1, 0xF9, 0x08, 0x00, 0xF5, 0x8C, 0x03, 0x66, 0xB7,
    0x40, 0x2C, 0x17, 0xF8, 0x55, 0xBA, 0x57, 0xEA, 0x0C, 0x15, 0xE4, 0xDB, 0x4D, 0x6C, 0x3B, 0xE4,
    0xF0, 0xF3, 0xE0, 0xB3, 0xA8, 0x22, 0x78, 0xA1, 0x7D, 0xD9, 0xF8, 0x13, 0xED, 0x17, 0xDA, 0x37,
    0xDA, 0x3B, 0xED, 0xAD, 0xFE, 0x5F, 0xAF, 0x6F, 0x3A, 0xFD, 0xD1, 0x68, 0x6A, 0x35, 0x61, 0xD0,
    0x06, 0xFA, 0x27, 0xF8, 0xB2, 0xCC, 0x3A, 0x41, 0x66, 0xBE, 0x41, 0xDC, 0x8E, 0xCC, 0x73, 0xDC,
    0x6B, 0x75, 0x7F, 0x37, 0x8B, 0x29, 0xDD, 0x13, 0x98, 0xC2, 0xE4, 0x8C, 0x60, 0xD6, 0xAA, 0x30,
    0x57, 0x28, 0xCC, 0x4A, 0xF1, 0xDE, 0xAE, 0xD5, 0xCA, 0x90, 0x3A, 0xFF, 0xFA, 0x3B, 0x75, 0xF6,
    0xED, 0x37, 0xAA, 0xB9, 0x66, 0x6E, 0xDE, 0xA9, 0x66, 0x25, 0x54, 0x23, 0x99, 0x9A, 0xC1, 0x61,
    0x0E, 0xBF, 0x6E, 0x4F, 0xD5, 0xE6, 0xA4, 0x2A, 0xEA, 0x65, 0x66, 0x35, 0xFC, 0xE1, 0xD7, 0x96,
    0x03, 0x56, 0x99, 0xAD, 0xA2, 0xD7, 0x8C, 0x39, 0x5F, 0xA4, 0xF8, 0xE2, 0x38, 0x3F, 0x0B, 0xF1,
    0x1F, 0x2E, 0xA3, 0x6A, 0xBE, 0xE4, 0x42, 0xAE, 0x7A, 0xDA, 0x0D, 0xD5, 0xE8, 0x86, 0x01, 0xCD,
    0x53, 0x61, 0x5C, 0x15, 0x4D, 0xC1, 0x97, 0xD1, 0x14, 0x88, 0xC8, 0x0C, 0x40, 0x02, 0xC7, 0xF3,
    0xC3, 0x0D, 0x92, 0x90, 0x89, 0x9C, 0x5C, 0x1C, 0xC1, 0xE4, 0x89, 0x84, 0x3E, 0x11, 0xAD, 0x67,
    0x1B, 0x72, 0x27, 0xF9, 0x7E, 0xB8, 0x6E, 0x88, 0x19, 0x62, 0x2B, 0xDA, 0xC4, 0xB6, 0x31, 0xCF,
    0x49, 0xEA, 0x57, 0xEC, 0x93, 0x5A, 0x42, 0x98, 0x80, 0xBC, 0xB3, 0xC8, 0xAE, 0x7B, 0xE0, 0xA3,
    0x49, 0xA3, 0xA9, 0x04, 0xA3, 0x00, 0x32, 0x98, 0xDD, 0x74, 0x71, 0x34, 0x2D, 0x8C, 0xE7, 0x56,
    0x1A, 0x15, 0x6A, 0x2C, 0xF9, 0x18, 0x20, 0xB8, 0xC4, 0xE1, 0x35, 0x10, 0x51, 0x04, 0x10, 0x23,
    0x0B, 0xC8, 0xA9, 0x96, 0x90, 0x52, 0x49, 0x41, 0x34, 0x27, 0x02, 0xE4, 0x54, 0xFA, 0xA4, 0x68,
    0x5F, 0xC3, 0x9A, 0x28, 0x72, 0xF9, 0x99, 0x50, 0xAF, 0x81, 0x73, 0xD8, 0x01, 0x00, 0xBB, 0x40,
    0x86, 0x04, 0xF6, 0x41, 0x1B, 0x86, 0x3A, 0x84, 0xDC, 0x22, 0xC0, 0x33, 0xC3, 0xAE, 0xEF, 0x7E,
    0x7D, 0x2C, 0x1F, 0xEA, 0x39, 0xEE, 0x12, 0x45, 0xFB, 0x14, 0x6B, 0xC7, 0x6C, 0xF8, 0xBC, 0x62,
    0xC4, 0x45, 0x7B, 0x59, 0x0C, 0x7C, 0x88, 0xC4, 0xEB, 0x2A, 0xD6, 0xC7, 0x38, 0x0F, 0x4C, 0xB5,
    0xF3, 0x8A, 0x9D, 0xC7, 0xF7, 0xAB, 0x8A, 0xC7, 0xF3, 0xF1, 0x2D, 0x9B, 0x53, 0x27, 0xC8, 0x55,
    0x6F, 0x43, 0x8D, 0x3A, 0x8E, 0xD6, 0x51, 0x44, 0x83, 0xB6, 0x97, 0x9F, 0xA2, 0x1A, 0xEE, 0x16,
    0xEA, 0xF2, 0x6D, 0x28, 0xC8, 0xCD, 0xA8, 0xBB, 0xCC, 0x6F, 0x71, 0x59, 0x92, 0xBA, 0x94, 0xC2,
    0x5C, 0x2E, 0xB2, 0x81, 0x6E, 0xCB, 0x3A, 0x24, 0xE2, 0xF5, 0x14, 0x13, 0xDB, 0x08, 0x6E, 0x9B,
    0xDD, 0x62, 0x4E, 0x24, 0x88, 0x64, 0x2B, 0x39, 0x7F, 0x13, 0xC5, 0x27, 0xB2, 0xDD, 0x3E, 0x16,
    0x4E, 0x66, 0x56, 0x66, 0xBD, 0x2C, 0x8C, 0x14, 0xAD, 0xAC, 0xB8, 0x0A, 0xF2, 0x0C, 0x72, 0x36,
    0xF4, 0xD9, 0x57, 0xED, 0xD5, 0x27, 0xA8, 0x81, 0x2A, 0x27, 0x2A, 0x89, 0xA4, 0xAA, 0xD8, 0x45,
    0x9A, 0x18, 0x20, 0x7F, 0xC6, 0x25, 0xDF, 0xE5, 0x9B, 0x0A, 0x3F, 0xFA, 0x2A, 0x23, 0x3B, 0x0C,
    0x17, 0x0A, 0x1A, 0xF0, 0xC0, 0xBF, 0x49, 0x7D, 0xA4, 0x9E, 0x32, 0x17, 0xE0, 0xA7, 0x03, 0x9A,
    0xBC, 0x1F, 0xD0, 0x5A, 0x22, 0xEB, 0x67, 0x29, 0xE6, 0xD2, 0xCF, 0x2C, 0x91, 0x89, 0x25, 0xC1,
    0xA3, 0x61, 0x6D, 0xFF, 0x81, 0x5D, 0x3C, 0x72, 0x36, 0x7C, 0xAF, 0x32, 0x4E, 0x1A, 0xE9, 0xC4,
    0xD3, 0x18, 0xD1, 0x16, 0x8C, 0x50, 0xA2, 0x5D, 0x71, 0xDE, 0x81, 0x06, 0x18, 0x89, 0xC3, 0x73,
    0xC7, 0xE3, 0x6E, 0xEA, 0xBE, 0x43, 0x93, 0x86, 0x5E, 0x07, 0xB0, 0x02, 0x7E, 0x73, 0x3E, 0xF7,
    0xF1, 0x2B, 0x58, 0x0D, 0x96, 0xCC, 0x96, 0x3E, 0xDA, 0x79, 0x71, 0xF1, 0xAE, 0xCD, 0x3E, 0xDC,
    0x5B, 0xF9, 0x60, 0xED, 0x0F, 0x6C, 0x9C, 0x63, 0x75, 0xD1, 0xFA, 0x39, 0xF5, 0x28, 0x29, 0x40,
    0xAA, 0xF7, 0xF8, 0x0C, 0x12, 0x88, 0x68, 0x80, 0x2C, 0x13, 0x00, 0xAC, 0x98, 0x12, 0x0B, 0x46,
    0xF2, 0x79, 0x45, 0xB7, 0xC8, 0xA9, 0x87, 0x9F, 0x45, 0x9F, 0xCD, 0x93, 0xCF, 0x6A, 0xBF, 0xBC,
    0x33, 0xD9, 0xFF, 0x5A, 0xFD, 0x31, 0x39, 0xAC, 0xD2, 0x04, 0x7D, 0xBB, 0xD7, 0xA6, 0x9F, 0xDD,
    0x56, 0xA3, 0x8E, 0x6F, 0x91, 0x9E, 0x39, 0xE8, 0xAC, 0x87, 0x2E, 0x0C, 0x74, 0xA9, 0xB0, 0x26,
    0x44, 0xB4, 0x68, 0x53, 0x59, 0x66, 0xA1, 0xE1, 0x99, 0x61, 0x97, 0x18, 0xCD, 0xF9, 0xB0, 0x31,
    0x4F, 0xCD, 0x18, 0x92, 0xED, 0xF8, 0xDE, 0x8C, 0x9B, 0xAD, 0x19, 0xAF, 0x7F, 0x99, 0x8C, 0xF8,
    0x13, 0x06, 0x53, 0x9E, 0x6F, 0xBB, 0xC9, 0x70, 0x57, 0xC3, 0x03, 0x19, 0xD2, 0x1D, 0x1D, 0xC5,
    0x97, 0x01, 0x9E, 0xAB, 0x5E, 0x6C, 0xB2, 0xEB, 0xF6, 0x23, 0x59, 0x3A, 0x1D, 0x72, 0x86, 0x87,
    0x55, 0x61, 0x50, 0xE0, 0x2A, 0x0E, 0xE0, 0xB0, 0x47, 0xD3, 0xCC, 0x6A, 0x32, 0xCD, 0xDC, 0x6A,
    0x91, 0xCC, 0xB4, 0x7A, 0x85, 0x99, 0x8E, 0xE6, 0x89, 0x64, 0x9E, 0x4B, 0xBE, 0x6A, 0xA2, 0x09,
    0x65, 0x83, 0x59, 0xB1, 0x71, 0xCE, 0x46, 0xC3, 0x62, 0xA4, 0x62, 0x76, 0x8C, 0x53, 0x33, 0x0E,
    0x98, 0xD9, 0x69, 0xDE, 0x8C, 0xEC, 0xF7, 0x9A, 0xA8, 0xBF, 0x37, 0xCF, 0x18, 0xCB, 0x6D, 0x26,
    0x79, 0xE2, 0xD4, 0x17, 0x75, 0x34, 0x50, 0x36, 0xC8, 0x38, 0xED, 0x00, 0x99, 0x54, 0xBF, 0x4A,
    0xE6, 0x99, 0x5D, 0xDF, 0x1B, 0xA7, 0xE4, 0xFD, 0x0A, 0x65, 0xEB, 0xF1, 0xB2, 0x9D, 0x88, 0xD4,
    0x00, 0x20, 0x46, 0x96, 0xA8, 0x1F, 0x49, 0xAA, 0x5A, 0xD0, 0x26, 0xA3, 0x0D, 0x50, 0xEF, 0xEA,
    0xF5, 0x46, 0xF8, 0x3A, 0xE3, 0x5B, 0xFB, 0x04, 0x76, 0x18, 0x0D, 0xCF, 0xE7, 0x16, 0x7E, 0xC6,
    0xC0, 0xA5, 0xDF, 0xC3, 0x46, 0xB7, 0xFE, 0xD7, 0xD6, 0xE0, 0x3E, 0x4F, 0xA6, 0x96, 0x33, 0x05,
    0x53, 0x5E, 0x70, 0x9F, 0xB9, 0xCE, 0x17, 0xED, 0x64, 0xC6, 0xD2, 0xC7, 0x19, 0xCE, 0x95, 0x86,
    0xD4, 0xA8, 0xE2, 0xF1, 0x8A, 0x4B, 0xD6, 0xF1, 0x25, 0x91, 0xD4, 0xBF, 0xCF, 0xAD, 0x87, 0xFF,
    0x73, 0x0A, 0xA7, 0x30, 0x08, 0xFA, 0x2B, 0x68, 0x2E, 0x7C, 0x9F, 0x3B, 0x0E, 0x28, 0x48, 0x3D,
    0x34, 0xB0, 0x9C, 0xC9, 0x22, 0xEB, 0x10, 0x19, 0xAF, 0x63, 0x1D, 0xC7, 0xC4, 0xD8, 0x7C, 0x34,
    0x2C, 0x55, 0xD5, 0x83, 0x27, 0x0E, 0x47, 0x3E, 0x4F, 0x6E, 0x35, 0x73, 0x55, 0xD6, 0x57, 0xC2,
    0x54, 0x55, 0xAC, 0x7D, 0xB4, 0x00, 0xF2, 0xFC, 0x81, 0x5B, 0xB4, 0x00, 0x91, 0x89, 0xF0, 0x79,
    0xE2, 0xC2, 0x43, 0xAC, 0x09, 0xC2, 0x49, 0x25, 0x8C, 0x68, 0x19, 0x3E, 0x16, 0x07, 0x10, 0x26,
    0xB5, 0x5C, 0x01, 0xE2, 0x96, 0xE9, 0x81, 0x37, 0x0A, 0x25, 0xB0, 0x04, 0x3C, 0xD2, 0xF6, 0x7C,
    0xEB, 0x8A, 0xBD, 0xB7, 0xAB, 0xBB, 0xA1, 0xE1, 0xB7, 0x1E, 0xA0, 0x30, 0x28, 0x2D, 0x3C, 0x71,
    0xE1, 0x6A, 0x3B, 0x34, 0x14, 0xD4, 0x4A, 0xB2, 0x57, 0x73, 0xEF, 0xF1, 0xA7, 0x4B, 0xE0, 0xFC,
    0x4B, 0x48, 0x32, 0x6F, 0xD6, 0x16, 0xF0, 0x88, 0x03, 0xD0, 0xD5, 0xCC, 0x73, 0x00, 0x87, 0xE1,
    0x0A, 0xD8, 0x80, 0x8F, 0x69, 0x5B, 0xDF, 0x0E, 0xC2, 0xF2, 0x90, 0x28, 0x6E, 0xE2, 0xD4, 0x56,
    0x7F, 0x73, 0x7C, 0x7C, 0x69, 0x43, 0x08, 0x83, 0xB2, 0x1B, 0x8E, 0x71, 0x23, 0x32, 0x2C, 0x14,
    0xCF, 0x90, 0x68, 0xB1, 0x52, 0xB4, 0x01, 0x39, 0x08, 0x32, 0x89, 0x6C, 0x17, 0x6A, 0x19, 0x2B,
    0xB2, 0xAF, 0x1D, 0x5F, 0xFB, 0x81, 0x92, 0xA9, 0xF9, 0x3A, 0x70, 0xB9, 0xE3, 0x7A, 0x2D, 0x80,
    0xC7, 0xAC, 0x69, 0xC3, 0x0C, 0x75, 0xB9, 0xD1, 0x22, 0xEB, 0xEF, 0xC9, 0x3B, 0x2D, 0x88, 0xCB,
    0x36, 0xF1, 0x26, 0x4E, 0x1E, 0x89, 0xF8, 0x38, 0x6C, 0x76, 0x1E, 0x87, 0x82, 0x8F, 0x87, 0xC1,
    0x9B, 0xBB, 0x44, 0x35, 0x00, 0x8D, 0x71, 0x3B, 0xD6, 0x51, 0x0F, 0xAF, 0x22, 0xBD, 0x7E, 0x8C,
    0x3F, 0x66, 0xE5, 0x08, 0x9F, 0x02, 0x0D, 0xEB, 0xB8, 0xE5, 0x18, 0xE0, 0x2B, 0xC0, 0xB2, 0x88,
    0x06, 0x3D, 0x73, 0x05, 0xC7, 0x46, 0x7A, 0x60, 0x1F, 0x2B, 0xEA, 0x23, 0x7C, 0x7E, 0x90, 0x9C,
    0xC8, 0x44, 0x0C, 0xB0, 0x0B, 0x51, 0x1F, 0x49, 0xD7, 0x53, 0x1C, 0xCE, 0x98, 0x00, 0x37, 0x73,
    0x70, 0x99, 0x85, 0xCB, 0x3B, 0x38, 0x61, 0xE0, 0x4A, 0x05, 0x27, 0x01, 0xBA, 0x4D, 0xF0, 0x79,
    0x2C, 0x8B, 0x75, 0x79, 0x9F, 0x62, 0xE1, 0x19, 0x32, 0x0E, 0xD2, 0x00, 0xC5, 0x88, 0xC7, 0x59,
    0xB2, 0x29, 0x8E, 0xF1, 0x9C, 0xCF, 0x8B, 0x16, 0x7E, 0x27, 0x97, 0x97, 0x8C, 0x30, 0xB1, 0x2E,
    0xC6, 0x80, 0x94, 0x8F, 0xEE, 0x28, 0x46, 0x3C, 0xFC, 0x5E, 0x11, 0xB1, 0xF6, 0x56, 0x11, 0x0B,
    0x28, 0x93, 0x0E, 0x37, 0xDC, 0xDB, 0xA4, 0xC6, 0xDC, 0x56, 0xC8, 0x7A, 0xD1, 0x16, 0xF1, 0x65,
    0xC8, 0xFA, 0x92, 0x4B, 0x6A, 0xC0, 0x37, 0x80, 0xF6, 0x40, 0x6D, 0x81, 0xAA, 0x07, 0x84, 0x39,
    0x48, 0x03, 0xA1, 0x6A, 0x94, 0xA8, 0x50, 0x3F, 0x7C, 0x7C, 0x8D, 0x45, 0xF6, 0xCF, 0xBB, 0x4F,
    0x82, 0x6B, 0x93, 0x1E, 0xE1, 0x55, 0x7C, 0x7C, 0xF7, 0x32, 0xED, 0x4F, 0xF5, 0xB0, 0x3F, 0xF2,
    0xBE, 0x3F, 0x19, 0x51, 0xE4, 0xC5, 0xFD, 0xF9, 0xD6, 0xC6, 0xD5, 0x51, 0xDC, 0xC4, 0x39, 0xFE,
    0xD8, 0x1F, 0x41, 0x21, 0xF2, 0xF0, 0xD3, 0xAB, 0xDE, 0x4B, 0x73, 0x87, 0x1C, 0xFE, 0x0A, 0x6D,
    0x90, 0x33, 0x40, 0xBD, 0x07, 0xD9, 0x26, 0x8A, 0x91, 0x05, 0x6A, 0x3C, 0x66, 0x79, 0x30, 0xD7,
    0x34, 0x47, 0x00, 0xA6, 0x4A, 0xB3, 0xAF, 0x30, 0x0B, 0x01, 0x4D, 0xC0, 0x62, 0xAA, 0xC9, 0x27,
    0x81, 0x59, 0x93, 0xD5, 0xB3, 0xA0, 0xD1, 0x3C, 0xD2, 0xDD, 0xE7, 0x75, 0x7E, 0xE7, 0xBB, 0xD8,
    0x6A, 0xEB, 0xBE, 0x3A, 0x29, 0x7D, 0x6A, 0x9F, 0xE7, 0x77, 0xD3, 0xBF, 0xBB, 0x0F, 0x89, 0xB9,
    0xFB, 0x23, 0xFC, 0xEE, 0x90, 0xE2, 0xD0, 0x6C, 0x27, 0x8A, 0x2E, 0x45, 0x0E, 0xF7, 0x34, 0x73,
    0x2B, 0x0C, 0xBF, 0xDB, 0xED, 0x87, 0x5A, 0x4D, 0xDD, 0x97, 0xFB, 0xD8, 0x69, 0x5D, 0xFC, 0x64,
    0xFD, 0x7B, 0xC0, 0xF0, 0xBB, 0xDD, 0x7E, 0xA8, 0xD5, 0xDA, 0xFD, 0xB9, 0x8F, 0x9B, 0x46, 0x8E,
    0x9F, 0x4D, 0xAF, 0x59, 0xC0, 0x1D, 0x93, 0xBC, 0x6C, 0x7A, 0x39, 0x69, 0x78, 0xDC, 0x62, 0xE8,
    0x34, 0xC9, 0x33, 0x27, 0x78, 0x29, 0xB2, 0x9E, 0xC7, 0x3F, 0xF7, 0xD0, 0xE3, 0x0E, 0x2C, 0x55,
    0x4C, 0x3B, 0x99, 0x9A, 0x4C, 0x23, 0x0B, 0xE3, 0xF9, 0x36, 0x8D, 0x77, 0xE9, 0xB8, 0x65, 0xB9,
    0x47, 0x49, 0x9E, 0x3F, 0x6D, 0xF9, 0x3F, 0xBD, 0x99, 0x01, 0x84, 0xE4, 0x56, 0x18, 0xC7, 0x7F,
    0xC9, 0xBB, 0x4E, 0xB8, 0xD0, 0x07, 0x8B, 0xDE, 0x61, 0x03, 0x87, 0x3A, 0x77, 0x1B, 0x80, 0xC5,
    0xCE, 0x26, 0x55, 0x14, 0xA5, 0x8A, 0x02, 0x50, 0x28, 0x16, 0x00, 0x70, 0x98, 0xBB, 0x09, 0x14,
    0x14, 0x0E, 0x45, 0x01, 0x87, 0xC3, 0x81, 0x02, 0xD8, 0x92, 0xEB, 0x3E, 0x57, 0x14, 0x45, 0xA3,
    0x00, 0x70, 0x69, 0x01, 0x85, 0x8B, 0xDB, 0x70, 0x61, 0x33, 0xF3, 0xFA, 0x5D, 0x62, 0x33, 0x6D,
    0xA3, 0x63, 0x32, 0xC9, 0xF5, 0xF9, 0xBE, 0x8C, 0xC4, 0x7B, 0xFF, 0xEF, 0xF7, 0x7D, 0x79, 0xEF,
    0x0B, 0xBB, 0x44, 0xC0, 0x45, 0x02, 0xD6, 0xC0, 0x1B, 0x83, 0x73, 0x99, 0xE1, 0x5E, 0xE6, 0xA8,
    0x3F, 0x0A, 0x94, 0x29, 0xF0, 0x4C, 0x89, 0x9F, 0x9C, 0xA3, 0xE3, 0x05, 0xDA, 0xD6, 0x04, 0x76,
    0x45, 0xC8, 0x11, 0xA7, 0x04, 0x9C, 0xA0, 0x91, 0xA7, 0x71, 0x8A, 0x4E, 0xB8, 0x1E, 0x11, 0xB0,
    0x8C, 0x21, 0x02, 0xC7, 0x66, 0xDA, 0x56, 0x61, 0xF2, 0xFC, 0x16, 0xA7, 0x10, 0x7A, 0xD6, 0x06,
    0xD6, 0x46, 0x71, 0xF8, 0x90, 0x70, 0x41, 0xF4, 0x90, 0x28, 0xFA, 0x48, 0x9E, 0xBC, 0xF2, 0xD6,
    0xE1, 0x66, 0x6D, 0x14, 0x13, 0x81, 0xA5, 0x05, 0xF2, 0xC4, 0xFD, 0x04, 0x02, 0xBA, 0x31, 0x19,
    0xB0, 0x15, 0x33, 0xB2, 0x44, 0x56, 0xA0, 0x01, 0x18, 0x46, 0xEC, 0x16, 0xE0, 0x1B, 0xEE, 0x06,
    0x0D, 0x8E, 0xFB, 0x26, 0x97, 0xBB, 0x6A, 0x7A, 0x4C, 0x78, 0xDA, 0xC5, 0xBA, 0x1D, 0xC4, 0x5C,
    0x18, 0x89, 0x55, 0xC8, 0x5D, 0x0D, 0x1B, 0x6A, 0x04, 0x1B, 0xE1, 0xA6, 0x01, 0x27, 0x44, 0xD0,
    0x11, 0x76, 0x04, 0x1E, 0xA1, 0x47, 0xF0, 0x11, 0x7E, 0x24, 0x01, 0x24, 0x03, 0xBA, 0x14, 0x48,
    0xE1, 0x6E, 0xF8, 0x4E, 0x73, 0xE8, 0xE2, 0xBC, 0x17, 0xC2, 0xF2, 0x6B, 0x9C, 0xAB, 0x1C, 0x2F,
    0xAB, 0xC6, 0xF3, 0x13, 0xC5, 0xE2, 0x06, 0xBC, 0x84, 0x48, 0x23, 0x9C, 0x0D, 0xDB, 0x2C, 0x3E,
    0x9B, 0x96, 0x9F, 0x88, 0x36, 0x8E, 0x12, 0xF7, 0x63, 0xA2, 0xCF, 0x40, 0x98, 0xD5, 0xEB, 0x92,
    0x59, 0x72, 0x36, 0x3A, 0x0F, 0x55, 0x1D, 0xE3, 0x7F, 0x59, 0x02, 0xB4, 0x39, 0x5C, 0x16, 0x08,
    0xD7, 0xC4, 0x39, 0xE0, 0x56, 0xC7, 0xEA, 0xFB, 0x07, 0xDE, 0xA7, 0x85, 0xE3, 0xC4, 0xC2, 0xC3,
    0x55, 0xE6, 0xFD, 0x5E, 0x39, 0x1C, 0x0C, 0xDE, 0xFA, 0x77, 0x19, 0xBF, 0x5D, 0x06, 0xB6, 0x12,
    0x6E, 0xC3, 0x85, 0x91, 0x8D, 0xEF, 0x67, 0x35, 0xC0, 0x98, 0xE6, 0xA2, 0x72, 0x90, 0x28, 0xB3,
    0xE8, 0x0E, 0x7E, 0xFC, 0x00, 0xF5, 0x67, 0xD1, 0x22, 0x4F, 0x9E, 0xC6, 0x13, 0x54, 0x8E, 0x4E,
    0x66, 0xE1, 0x87, 0x7E, 0xB2, 0x50, 0x57, 0xA5, 0x64, 0x30, 0x94, 0xDD, 0x29, 0x80, 0x14, 0x66,
    0xE1, 0xBB, 0x85, 0x75, 0x1F, 0xE3, 0x94, 0xB0, 0x60, 0x0C, 0x2C, 0x17, 0x31, 0x8D, 0x6B, 0xF0,
    0xBF, 0x3D, 0x47, 0xD9, 0x02, 0x59, 0x3D, 0x39, 0x2C, 0x4B, 0x58, 0x1A, 0xBC, 0xC4, 0xD1, 0x07,
    0xBE, 0x49, 0x95, 0x15, 0xD8, 0x6C, 0x28, 0xEC, 0xF5, 0xA1, 0x9B, 0xF1, 0x95, 0x04, 0x1D, 0x01,
    0x3B, 0xE0, 0xE0, 0xB9, 0xC4, 0x9E, 0x39, 0x97, 0x48, 0x7B, 0x14, 0x77, 0xC6, 0x1D, 0x24, 0x66,
    0xC3, 0x29, 0x5C, 0xFF, 0xCB, 0xA9, 0x73, 0xE3, 0x3B, 0xD2, 0xA7, 0x1B, 0xDE, 0x64, 0xE4, 0xA9,
    0xBB, 0xB0, 0xB5, 0x58, 0x0A, 0x1B, 0x43, 0x1E, 0x16, 0x62, 0x29, 0xF4, 0xAD, 0x9D, 0x0F, 0x00,
    0xA4, 0xB0, 0x86, 0x14, 0xCF, 0xC6, 0xA1, 0xCD, 0x96, 0xAA, 0xA8, 0xA9, 0x2A, 0xD2, 0x92, 0x85,
    0xB5, 0xB5, 0x58, 0x09, 0x62, 0x35, 0x67, 0x8F, 0xDC, 0x2A, 0xB4, 0x85, 0x4C, 0x03, 0x00, 0x6A,
    0x9C, 0x15, 0xD4, 0xB8, 0x2B, 0x5C, 0x0B, 0x1A, 0x02, 0x38, 0x01, 0x80, 0x3D, 0x91, 0xD4, 0x0A,
    0xD5, 0x4A, 0x1D, 0xC1, 0x02, 0x00, 0x06, 0x80, 0xF9, 0x79, 0xA1, 0xD7, 0xF9, 0x61, 0x60, 0xC6,
    0x30, 0xF8, 0x79, 0x1E, 0xD8, 0xEC, 0x5E, 0x68, 0x86, 0x46, 0x07, 0x2F, 0x83, 0x20, 0xE6, 0x6C,
    0x8E, 0x63, 0xC1, 0x7B, 0x69, 0x08, 0x3E, 0x2E, 0x80, 0x0E, 0xA7, 0xF1, 0x14, 0x7A, 0x2E, 0x48,
    0x8D, 0xA7, 0xF0, 0x5F, 0xDE, 0xAD, 0x07, 0x69, 0x28, 0x68, 0x03, 0x21, 0x3C, 0x5B, 0xE0, 0xAE,
    0xC1, 0x7F, 0x99, 0x10, 0xAA, 0x1C, 0xE8, 0xA8, 0x11, 0x6C, 0x84, 0x1B, 0x01, 0x47, 0xC8, 0x11,
    0x74, 0x04, 0xBC, 0xF1, 0x12, 0x1A, 0x17, 0x7E, 0x24, 0x01, 0x24, 0x03, 0xAE, 0x53, 0x70, 0x4A,
    0xCE, 0x1E, 0x3A, 0x16, 0xE1, 0x17, 0xFC, 0x31, 0xA5, 0xC4, 0x37, 0xB8, 0x05, 0x5F, 0xA4, 0xEE,
    0xFA, 0xC0, 0x7F, 0x95, 0x08, 0xE0, 0xF0, 0x9A, 0xAE, 0xC1, 0x82, 0x66, 0x35, 0x57, 0x36, 0xD6,
    0x3F, 0x67, 0xB7, 0x9D, 0x27, 0xFB, 0xF3, 0x20, 0x66, 0x21, 0x80, 0xFB, 0xD4, 0xC7, 0xCA, 0xA2,
    0xBF, 0x31, 0xB7, 0x44, 0x70, 0xE8, 0x3E, 0x2B, 0x8B, 0xC3, 0x65, 0x0E, 0xB8, 0x16, 0xFF, 0x17,
    0x73, 0xE8, 0xE6, 0x23, 0x90, 0x90, 0x0D, 0x77, 0xF8, 0xC3, 0xDB, 0x0D, 0x77, 0xE3, 0x06, 0xCE,
    0x0A, 0xEF, 0x55, 0x1C, 0x7C, 0x92, 0x1D, 0xF0, 0xF9, 0x50, 0x2A, 0xCE, 0xE8, 0xBF, 0xB5, 0xF1,
    0x7D, 0x81, 0x67, 0xB8, 0x6B, 0xD9, 0x60, 0xDD, 0xEB, 0xDB, 0xBF, 0x53, 0x28, 0x31, 0x0B, 0x41,
    0x77, 0xBC, 0x5B, 0xC8, 0x4A, 0x8C, 0x9A, 0x1D, 0xAD, 0x9D, 0x2F, 0x48, 0xAE, 0xE8, 0x6B, 0x31,
    0x98, 0x5F, 0x4B, 0xAD, 0x10, 0x63, 0xBE, 0xCD, 0x6C, 0x33, 0xF6, 0x0B, 0xFA, 0xAF, 0x74, 0x78,
    0x0E, 0x6B, 0xB9, 0x0E, 0x8E, 0x0E, 0x40, 0xB7, 0xBC, 0xAD, 0x67, 0x1E, 0xA9, 0x22, 0x6D, 0xEA,
    0xB9, 0xC5, 0x64, 0x82, 0x94, 0x5D, 0x26, 0xF7, 0x6B, 0xDB, 0x8A, 0x2C, 0x55, 0x59, 0x53, 0xB7,
    0x2F, 0xA5, 0x33, 0xB9, 0xAD, 0x91, 0x85, 0xA5, 0x4C, 0xD8, 0xF1, 0xA5, 0xEC, 0x87, 0xD4, 0x6F,
    0xDF, 0x30, 0x08, 0xCC, 0xDF, 0xA1, 0xA9, 0xE5, 0x08, 0x16, 0x69, 0xDB, 0xD4, 0x76, 0x72, 0xB9,
    0x22, 0x8C, 0xCD, 0x5A, 0xD1, 0x18, 0xD0, 0x40, 0x73, 0x04, 0x0E, 0x01, 0xEF, 0x1A, 0xE8, 0xDF,
    0x5D, 0x9E, 0x51, 0x37, 0xDA, 0xE5, 0x46, 0xBB, 0x6D, 0x79, 0xCF, 0xD2, 0xEE, 0xCC, 0x8C, 0x29,
    0x68, 0xBF, 0x81, 0x0E, 0xAF, 0xE9, 0x0A, 0x2C, 0x1C, 0x52, 0x9F, 0x74, 0xFD, 0x6E, 0x6F, 0x9E,
    0x2D, 0x0D, 0x74, 0x10, 0x95, 0xCE, 0xF3, 0xFB, 0xCB, 0x0C, 0x78, 0xAB, 0xF0, 0xAB, 0x39, 0x72,
    0xF3, 0x11, 0x48, 0x5B, 0x1A, 0xE8, 0x30, 0xAA, 0x5E, 0xA7, 0x9B, 0xE6, 0x64, 0xF6, 0x64, 0xF7,
    0x3F, 0xAB, 0xCC, 0x62, 0x02, 0x98, 0x43, 0xF5, 0x01, 0xCC, 0xC5, 0x3C, 0xBB, 0x08, 0x6D, 0x1D,
    0xA9, 0x72, 0x27, 0xC2, 0x4E, 0x76, 0xA3, 0x03, 0x1C, 0x89, 0x79, 0xF6, 0x91, 0xE8, 0x74, 0x3D,
    0xBD, 0x87, 0x54, 0x77, 0x6B, 0x6F, 0x82, 0x36, 0xA8, 0x7C, 0x2C, 0xC3, 0x46, 0x67, 0x38, 0x83,
    0xAA, 0x50, 0xEB, 0x66, 0xD1, 0x1C, 0xCE, 0x47, 0x61, 0x6C, 0xDA, 0xDF, 0x1C, 0xD2, 0xC1, 0x24,
    0xFA, 0xB7, 0xEC, 0xE8, 0xCA, 0x9C, 0x84, 0xDF, 0x8D, 0x60, 0xE8, 0x44, 0x92, 0xA1, 0xD1, 0x61,
    0x44, 0xEE, 0xBD, 0xDD, 0x35, 0x2C, 0x7A, 0x6F, 0xF9, 0xB6, 0xB8, 0x3D, 0x86, 0x68, 0xA8, 0x48,
    0xB7, 0xD0, 0x2B, 0x42, 0x9B, 0xED, 0xF6, 0x19, 0x1B, 0x8C, 0xB4, 0xE5, 0x33, 0x36, 0x00, 0x6C,
    0x96, 0x80, 0x8E, 0xE1, 0x14, 0x48, 0x95, 0x01, 0x71, 0x3C, 0x53, 0x71, 0x91, 0x54, 0x3C, 0x47,
    0xA6, 0x0F, 0x72, 0xB9, 0x12, 0x6D, 0x3E, 0x31, 0xFC, 0x53, 0xDF, 0x4D, 0xA0, 0x8D, 0x21, 0xFA,
    0x6F, 0x3D, 0xDE, 0x45, 0x4F, 0x60, 0x3B, 0xBD, 0x9B, 0xED, 0x57, 0x0B, 0xB7, 0x00, 0xEA, 0x69,
    0x79, 0xFB, 0xFA, 0xE3, 0x79, 0x55, 0x0D, 0xCA, 0x02, 0x01, 0x70, 0x04, 0x2C, 0xA6, 0x67, 0x56,
    0x2B, 0xDA, 0x18, 0xFA, 0x3A, 0xC6, 0x78, 0x6E, 0x3F, 0xCF, 0x09, 0x6C, 0xC6, 0xBD, 0xF0, 0xA7,
    0xC9, 0x79, 0x37, 0xDA, 0x2F, 0x46, 0x73, 0xC2, 0xF4, 0xF5, 0xEC, 0x46, 0x0D, 0xCE, 0xAA, 0xFD,
    0x85, 0x31, 0x35, 0xDD, 0xA2, 0xFB, 0x14, 0x48, 0x81, 0x10, 0xD0, 0x86, 0xEB, 0x71, 0x8A, 0x5B,
    0x84, 0xA8, 0x5C, 0x27, 0xBE, 0xF1, 0x8D, 0x4E, 0x54, 0x1E, 0xC8, 0x93, 0x53, 0xA8, 0x16, 0x90,
    0x56, 0x70, 0x5A, 0x40, 0x98, 0x23, 0x6B, 0xB6, 0xBA, 0xFB, 0x78, 0xF3, 0xC7, 0x7D, 0x22, 0xBA,
    0x91, 0xA2, 0x93, 0x39, 0x01, 0x11, 0x21, 0x01, 0x73, 0xB9, 0x5B, 0xE0, 0x9B, 0x0A, 0x95, 0x15,
    0xA8, 0xD7, 0x05, 0xCE, 0x65, 0x0E, 0x57, 0x06, 0x2E, 0xC4, 0xA3, 0x58, 0xBC, 0x81, 0x82, 0x05,
    0xAD, 0x56, 0x09, 0x4E, 0x31, 0x1D, 0x67, 0x37, 0xB4, 0x81, 0x20, 0x6B, 0x7E, 0xC7, 0x33, 0x46,
    0xC2, 0xB8, 0x8C, 0x21, 0x12, 0x33, 0xE2, 0x45, 0x0B, 0xED, 0xE6, 0xE0, 0x4D, 0x5F, 0x6B, 0x6C,
    0x2C, 0x6E, 0x40, 0x75, 0xFF, 0xAC, 0x9A, 0xBC, 0xDE, 0xFC, 0xF8, 0x3E, 0x8E, 0x5D, 0xE1, 0xBE,
    0xA8, 0xA7, 0xDF, 0x2B, 0xD5, 0x31, 0x9E, 0x2D, 0xF1, 0xFD, 0x62, 0x72, 0xEE, 0xBF, 0x00, 0xA5,
    0x51, 0x01, 0x86, 0x1C, 0x41, 0x14, 0x7D, 0xD3, 0x45, 0x1A, 0x85, 0x7F, 0x82, 0xA4, 0x2F, 0xB0,
    0xA6, 0x00, 0x82, 0xEE, 0xA9, 0x4E, 0x16, 0x41, 0xAE, 0x91, 0x63, 0x4C, 0x4C, 0x65, 0x1B, 0x0B,
    0xC8, 0x25, 0x72, 0x80, 0x00, 0x82, 0xB6, 0x53, 0xC9, 0x20, 0x08, 0xB4, 0x04, 0xB0, 0xD0, 0xB9,
    0x41, 0x91, 0x46, 0xA3, 0xA2, 0xF2, 0x6A, 0x3A, 0x1B, 0x66, 0x4D, 0xB0, 0xB6, 0xFF, 0xFB, 0xDF,
    0xFB, 0xEF, 0x57, 0x7D, 0xAD, 0xDE, 0x3E, 0x39, 0x22, 0xA5, 0x78, 0xC4, 0x92, 0x1F, 0x9E, 0xB8,
    0x59, 0xFB, 0xC7, 0xA3, 0x6A, 0x2D, 0x36, 0xE8, 0x11, 0x19, 0x3D, 0x99, 0x81, 0x38, 0xF1, 0x0C,
    0x67, 0x60, 0xF1, 0xF6, 0x7E, 0x7F, 0x72, 0xD6, 0xA2, 0x6A, 0xE5, 0x4B, 0xA8, 0x2E, 0x83, 0x2D,
    0x87, 0x8D, 0xF6, 0x5B, 0x71, 0x44, 0x23, 0xDE, 0xA8, 0xA1, 0x52, 0xA3, 0xBC, 0x0B, 0xDA, 0x4F,
    0x84, 0x5C, 0xFD, 0x3D, 0xC3, 0x51, 0xB5, 0x0A, 0xE2, 0xA2, 0xF6, 0x3D, 0x21, 0x6E, 0xAE, 0x5E,
    0x4C, 0x56, 0x85, 0x46, 0x8D, 0xBC, 0xD2, 0xDC, 0x6D, 0xE0, 0x2A, 0x1E, 0xE6, 0x15, 0xF9, 0x1C,
    0x10, 0x71, 0x0F, 0xCB, 0x3B, 0x90, 0x3C, 0x00, 0x6F, 0x32, 0x1E, 0xB4, 0xEA, 0xFC, 0xE8, 0x13,
    0xAA, 0xC1, 0x86, 0xFD, 0xBC, 0x9F, 0x6D, 0x20, 0xC3, 0xDE, 0xED, 0x9D, 0xC5, 0x76, 0x2D, 0x6D,
    0x6F, 0xC5, 0xE5, 0xCC, 0x5C, 0x87, 0x62, 0x80, 0x89, 0xCA, 0xA1, 0xAE, 0x05, 0xA8, 0x2F, 0x9E,
    0x82, 0xAC, 0x06, 0xB5, 0x8F, 0x80, 0x0E, 0x23, 0x00, 0xE5, 0x59, 0xCA, 0x96, 0x45, 0x98, 0xB8,
    0xC8, 0xE5, 0xF9, 0xEF, 0x1B, 0xE0, 0xD7, 0xED, 0xAD, 0x2B, 0x7E, 0x74, 0x9D, 0x53, 0x87, 0xAE,
    0xF3, 0x5A, 0x91, 0x3D, 0x53, 0xDF, 0xBE, 0xB6, 0x35, 0x38, 0x35, 0x74, 0x2B, 0xFB, 0xD5, 0x60,
    0x7B, 0xF4, 0x41, 0xAE, 0xA6, 0xEA, 0x65, 0x30, 0x8A, 0x18, 0xAD, 0x1A, 0x37, 0xA5, 0xCF, 0x8F,
    0x48, 0x57, 0xAF, 0x7F, 0xCE, 0xE6, 0xF5, 0xF7, 0x60, 0xF4, 0x21, 0x58, 0x39, 0x84, 0x8D, 0x74,
    0x63, 0x23, 0x97, 0xC3, 0xB6, 0x2A, 0x7D, 0x6F, 0xB4, 0x87, 0x05, 0xEF, 0x17, 0x01, 0xE5, 0x00,
    0x71, 0x5C, 0x48, 0x21, 0x13, 0xB6, 0xC5, 0x94, 0x47, 0xB0, 0x77, 0xCA, 0x88, 0xD5, 0xA2, 0x18,
    0x22, 0x13, 0xB6, 0x6A, 0xCC, 0x23, 0x0B, 0xD0, 0xBB, 0xFF, 0x61, 0x5D, 0x8C, 0xFF, 0x80, 0xE3,
    0x47, 0x71, 0xF7, 0x6A, 0x62, 0x4D, 0x13, 0x52, 0x02, 0x8C, 0x83, 0xF6, 0xD2, 0x11, 0x83, 0x5C,
    0x7B, 0x79, 0xEF, 0x25, 0x41, 0x47, 0x68, 0xCA, 0x6D, 0xC6, 0xF2, 0x89, 0x87, 0x19, 0x72, 0xDD,
    0xA5, 0x94, 0xDA, 0x63, 0xC9, 0x6E, 0x66, 0x3F, 0x6E, 0x50, 0xCC, 0x36, 0xA5, 0xA0, 0x53, 0x72,
    0xC8, 0xE6, 0x60, 0x15, 0x96, 0x97, 0x15, 0xF6, 0x86, 0x52, 0xCD, 0x9C, 0x80, 0xFC, 0x07, 0x65,
    0x96, 0xB9, 0x74, 0x4D, 0x69, 0xCB, 0xCC, 0x27, 0x29, 0xEB, 0x2C, 0xB3, 0x6D, 0x96, 0x05, 0x48,
    0x53, 0x9A, 0x66, 0x9C, 0xC4, 0x59, 0x8D, 0x6A, 0x48, 0x61, 0x17, 0x77, 0x11, 0xFD, 0x69, 0x9C,
    0xD1, 0x18, 0x36, 0xDA, 0xF8, 0x07, 0x84, 0x90, 0x81, 0x66, 0xC4, 0x40, 0x10, 0x86, 0xBF, 0xBB,
    0x20, 0x58, 0x4C, 0xDF, 0x20, 0x70, 0xE0, 0xA8, 0x00, 0x1C, 0xD2, 0x64, 0x9F, 0xA7, 0x50, 0x28,
    0x8A, 0xEA, 0xED, 0xC3, 0x14, 0x04, 0xB6, 0x28, 0x02, 0x95, 0x3C, 0x42, 0x1E, 0xA1, 0x80, 0x02,
    0x16, 0x87, 0xE2, 0xEE, 0xB6, 0x33, 0x77, 0x45, 0x0A, 0x2A, 0xBF, 0xEC, 0x9A, 0xF9, 0xF7, 0x9B,
    0x7F, 0xD7, 0x7D, 0xD3, 0x65, 0x9E, 0xC5, 0xBF, 0x97, 0x61, 0x29, 0xAD, 0x68, 0x5D, 0xBB, 0x0C,
    0x90, 0x28, 0x66, 0x5C, 0xA0, 0x12, 0x1A, 0x61, 0x10, 0xC6, 0xCC, 0x7D, 0x04, 0x31, 0xA9, 0xAD,
    0xED, 0x69, 0xA0, 0x7D, 0xA5, 0x3B, 0x43, 0xE5, 0x29, 0xC3, 0xE3, 0x92, 0x90, 0x58, 0xCF, 0x94,
    0x13, 0x02, 0xF5, 0x89, 0xF6, 0x81, 0xC1, 0x85, 0x43, 0x19, 0xF4, 0x7F, 0x35, 0xEC, 0x73, 0x78,
    0x89, 0xE1, 0xC9, 0xF9, 0x8D, 0xC0, 0x2D, 0x34, 0xBF, 0x43, 0xD7, 0x9F, 0x14, 0x93, 0xC2, 0xB0,
    0x90, 0x23, 0x6A, 0xD8, 0x39, 0x5F, 0x7D, 0x50, 0x9D, 0x2C, 0xF0, 0x5B, 0x71, 0x21, 0x8C, 0xD6,
    0x5D, 0xDE, 0x62, 0x10, 0xC3, 0xCA, 0xF9, 0xC2, 0x39, 0xB0, 0x4A, 0x06, 0x71, 0xC1, 0xBE, 0x7C,
    0x8C, 0x5F, 0xB6, 0x6E, 0x7B, 0x9D, 0xE9, 0x01, 0xE0, 0xBA, 0xFF, 0xF7, 0x19, 0xCA, 0x44, 0x9D,
    0xD8, 0x25, 0x6E, 0x12, 0xFC, 0x55, 0x97, 0xA7, 0x7D, 0x9E, 0xD4, 0x53, 0x67, 0x1A, 0xF1, 0x1B,
    0xE7, 0x11, 0x68, 0x41, 0x4F, 0xCD, 0x54, 0xD0, 0xF5, 0x0A, 0xB1, 0x50, 0xDB, 0x08, 0x77, 0x96,
    0x68, 0x7D, 0x64, 0x15, 0xC1, 0xFD, 0xAC, 0xA1, 0x64, 0xD8, 0x85, 0x34, 0x00, 0x65, 0x8F, 0x01,
    0x66, 0x04, 0x41, 0x10, 0x45, 0x7F, 0x66, 0x48, 0x87, 0xC1, 0x06, 0x20, 0x56, 0x04, 0x02, 0x60,
    0xFB, 0x02, 0xD9, 0x4C, 0x6E, 0x94, 0x0B, 0x84, 0x9E, 0xDC, 0x20, 0x07, 0x1A, 0x9B, 0x3A, 0x42,
    0x8E, 0x30, 0xC8, 0x01, 0x16, 0x83, 0x42, 0xCB, 0x4F, 0x55, 0x69, 0x19, 0x49, 0x5A, 0x3F, 0xE6,
    0xFF, 0xFA, 0xBF, 0x4C, 0x03, 0x33, 0x82, 0x4C, 0x09, 0x9A, 0x1E, 0x74, 0xC6, 0xC8, 0x19, 0x25,
    0x55, 0x53, 0x15, 0x1A, 0xCC, 0x46, 0x68, 0xF7, 0x7D, 0x1E, 0x39, 0x3F, 0x64, 0x0D, 0x50, 0x14,
    0x1D, 0x89, 0xB4, 0xE6, 0x69, 0x90, 0x41, 0x76, 0x53, 0x32, 0x80, 0x77, 0x4A, 0xE0, 0xDF, 0xFF,
    0x75, 0x12, 0xCF, 0xF6, 0xD6, 0xF1, 0xAE, 0xEF, 0x20, 0x29, 0x0E, 0x0E, 0xC0, 0x2F, 0xF2, 0x33,
    0x50, 0x88, 0xCC, 0x37, 0x8C, 0x27, 0xE0, 0xFA, 0xB0, 0x07, 0x46, 0x62, 0xCF, 0x4F, 0x8C, 0x5F,
    0xC0, 0xFD, 0x9F, 0xFC, 0x05, 0x17, 0x0C, 0xAC, 0xD8, 0xC9, 0x09, 0x19, 0x8F, 0x00, 0x8E, 0x66,
    0xAE, 0xDB, 0xFE, 0x76, 0x9A, 0x8E, 0x7F, 0xCD, 0xB8, 0x89, 0x6C, 0x7E, 0xB5, 0x1E, 0xFD, 0x3D,
    0x1F, 0x48, 0x54, 0x83, 0x4F, 0x49, 0xEE, 0x24, 0x49, 0xBF, 0x18, 0xE7, 0xC6, 0xE2, 0x5E, 0xB1,
    0x59, 0xF1, 0x8C, 0x20, 0x28, 0xAC, 0x4E, 0xD3, 0x1B, 0xC3, 0xED, 0x76, 0xAD, 0x42, 0x2E, 0xDA,
    0xAF, 0x8A, 0xAA, 0x98, 0xE3, 0xAA, 0xF6, 0x67, 0x52, 0xDC, 0xEF, 0x34, 0x9C, 0x07, 0xC5, 0x51,
    0xF1, 0xA2, 0x5D, 0x25, 0x6D, 0x34, 0xFD, 0xD4, 0x2F, 0xAF, 0xF0, 0x0D, 0xB5, 0x95, 0x81, 0x86,
    0x24, 0x57, 0x14, 0x86, 0xBF, 0xAA, 0x5A, 0x0A, 0x95, 0x9D, 0x82, 0x20, 0xB3, 0x36, 0xE9, 0x20,
    0x58, 0xD1, 0xDB, 0x05, 0x8B, 0x81, 0x9D, 0xBA, 0x8F, 0x90, 0x47, 0x18, 0x04, 0x01, 0x04, 0x30,
    0xE8, 0x4C, 0x5F, 0x60, 0xB1, 0xC8, 0xBC, 0x40, 0x18, 0x04, 0x90, 0x10, 0x2C, 0x4A, 0xD2, 0x3B,
    0x7D, 0x1F, 0xA1, 0x1E, 0xA1, 0x04, 0x20, 0xAC, 0x0A, 0x45, 0x2E, 0x7A, 0xFA, 0xE6, 0xFC, 0xD2,
    0xA6, 0xD7, 0x4E, 0x62, 0x07, 0xD9, 0x3B, 0xFD, 0xB5, 0xD3, 0xE7, 0xFC, 0x75, 0xEE, 0x5F, 0xB7,
    0x9C, 0x1A, 0x5A, 0xE0, 0x35, 0x64, 0x11, 0x8A, 0x01, 0xEA, 0x00, 0x0D, 0xB0, 0x49, 0x29, 0xAE,
    0x0C, 0xC5, 0xCA, 0xA9, 0x26, 0x8D, 0xB4, 0xB4, 0xC6, 0x03, 0xE3, 0xD4, 0x48, 0x81, 0x22, 0x8D,
    0xCC, 0xDE, 0xDC, 0xB0, 0x5A, 0xB4, 0x2E, 0x2E, 0xAA, 0x30, 0x2C, 0xF2, 0xE0, 0x17, 0x38, 0x16,
    0x70, 0x2F, 0x8A, 0x91, 0x43, 0xF3, 0xC3, 0x8E, 0xF2, 0x60, 0x4C, 0x6F, 0x3B, 0x3B, 0x98, 0x1D,
    0xB9, 0x6F, 0x7F, 0x79, 0x91, 0x27, 0x79, 0x93, 0x47, 0x79, 0x95, 0x67, 0x79, 0xE7, 0x74, 0x7F,
    0x2F, 0xAD, 0x1A, 0x6E, 0xED, 0x2F, 0x1F, 0x2D, 0x57, 0xF6, 0xCC, 0x5C, 0xED, 0xA9, 0x42, 0xAB,
    0xAD, 0x92, 0xAD, 0xAD, 0x59, 0x49, 0x51, 0x3F, 0x47, 0x15, 0x82, 0x24, 0x4E, 0x62, 0xD0, 0x65,
    0x6A, 0xF0, 0xBF, 0x9E, 0x4A, 0x58, 0xE0, 0xC7, 0x45, 0x11, 0xB6, 0x8B, 0x3A, 0xB4, 0x8B, 0x96,
    0xFA, 0xCD, 0x56, 0x3D, 0x61, 0xE3, 0xE1, 0x29, 0x80, 0x85, 0x29, 0x1A, 0x3B, 0x36, 0xCE, 0xE2,
    0x1E, 0x7E, 0x9D, 0xA0, 0x7B, 0x6D, 0x34, 0x8E, 0xAE, 0xEA, 0xE9, 0xF2, 0x89, 0x8E, 0x6B, 0x4E,
    0x68, 0xFC, 0x03, 0x2A, 0x07, 0x50, 0xA5, 0xE4, 0x1B, 0x03, 0x56, 0x9E, 0x2C, 0x79, 0xCA, 0x3F,
    0x3C, 0xB3, 0x97, 0x9E, 0x8B, 0xCA, 0x67, 0xB1, 0xF2, 0xD5, 0x50, 0xF9, 0xC6, 0x57, 0xFE, 0x9A,
    0x8A, 0x73, 0xDD, 0xD0, 0x7E, 0x29, 0x56, 0x4E, 0x35, 0x69, 0x72, 0xD3, 0x72, 0x6D, 0x34, 0x76,
    0x6D, 0x65, 0x3D, 0xF2, 0xE4, 0x65, 0x4E, 0xBD, 0x2B, 0x03, 0x40, 0x7B, 0x6A, 0x6F, 0x79, 0xE8,
    0xF2, 0x68, 0x9E, 0x06, 0xF3, 0xE6, 0xE9, 0xAE, 0xCD, 0x6B, 0x34, 0xF5, 0x60, 0x78, 0x74, 0x0F,
    0x46, 0x04, 0xD2, 0x60, 0xC4, 0x59, 0x5F, 0x6E, 0xDB, 0xA9, 0x5E, 0xAF, 0xD7, 0x17, 0xCB, 0xA9,
    0xDD, 0x2E, 0xA7, 0x7A, 0x58, 0x66, 0x97, 0x4F, 0xA8, 0x42, 0x64, 0x56, 0x0C, 0x2C, 0x6B, 0x8F,
    0x1E, 0x89, 0x50, 0xAC, 0x5C, 0x69, 0x35, 0x69, 0xB8, 0x3A, 0x86, 0xB5, 0x25, 0x9B, 0xA2, 0xB7,
    0x0B, 0x26, 0x69, 0x84, 0x62, 0xE5, 0xAC, 0xE6, 0x4C, 0x63, 0x5A, 0x7E, 0xAC, 0x42, 0x31, 0xCE,
    0xA8, 0xC3, 0x92, 0xC6, 0xFA, 0xDD, 0x08, 0x2C, 0x76, 0x33, 0x3D, 0x5F, 0xAB, 0x49, 0xF3, 0x0D,
    0xC7, 0xB4, 0xD4, 0xBE, 0xF6, 0x45, 0x6F, 0xDB, 0x4C, 0x99, 0xF5, 0x12, 0xA5, 0xC5, 0xCA, 0x59,
    0xCD, 0x49, 0x83, 0x1E, 0x0F, 0x75, 0x0A, 0xED, 0x6F, 0xE3, 0x79, 0xF7, 0xEA, 0xAC, 0xFB, 0x82,
    0x8E, 0x77, 0x3E, 0xAB, 0x34, 0xD9, 0xE7, 0xCA, 0xD4, 0x93, 0x75, 0x9C, 0x28, 0xFA, 0x09, 0x6E,
    0x1D, 0x2A, 0x56, 0xCE, 0x6A, 0xEE, 0x8C, 0xE3, 0xBD, 0xFA, 0x6E, 0x97, 0x6F, 0xBB, 0x67, 0xCB,
    0x6E, 0x6A, 0xD3, 0x68, 0x9B, 0xE5, 0x3B, 0xF8, 0x1A, 0xF2, 0x1B, 0x23, 0x79, 0xA8, 0x34, 0xA7,
    0x23, 0x10, 0xF9, 0x8A, 0xB5, 0x45, 0xEB, 0xA2, 0x27, 0xD6, 0x3E, 0x9B, 0x1A, 0xAA, 0xD1, 0x26,
    0x3A, 0xAC, 0xEC, 0x1E, 0xDF, 0x9E, 0x6A, 0x26, 0xC8, 0x76, 0x50, 0x19, 0x8D, 0x87, 0xE7, 0xC0,
    0xDA, 0x88, 0x7C, 0x6C, 0x3C, 0xB7, 0x78, 0xC6, 0x77, 0x1A, 0x04, 0x5F, 0x0C, 0xB5, 0x4D, 0x63,
    0x76, 0x67, 0x22, 0x97, 0xF6, 0xAB, 0x71, 0xF5, 0xF7, 0x2F, 0xC3, 0x69, 0xFB, 0xFB, 0x18, 0xE3,
    0xB4, 0x4E, 0xE3, 0x6A, 0xBB, 0x09, 0xB3, 0x78, 0x4A, 0x6E, 0xC3, 0x52, 0x05, 0xAB, 0x03, 0x97,
    0x44, 0x76, 0xFC, 0xE5, 0xFF, 0x1C, 0xC6, 0xF3, 0xF1, 0x93, 0x91, 0xF7, 0xFF, 0x1D, 0x5C, 0x1E,
    0x4E, 0x09, 0x38, 0xEC, 0xFF, 0xBE, 0xFA, 0x23, 0xA0, 0x35, 0x2C, 0x9B, 0x4F, 0x50, 0x5A, 0xBD,
    0x36, 0x94, 0x5A, 0xEF, 0x51, 0xAC, 0x9C, 0x6A, 0xD2, 0x48, 0xAB, 0xA4, 0x5D, 0xBB, 0x5F, 0x8F,
    0x3F, 0x02, 0x96, 0xB5, 0x23, 0xDB, 0xD6, 0x3D, 0xE5, 0x4F, 0x47, 0xAF, 0xF8, 0x6C, 0x7E, 0xF4,
    0x94, 0x93, 0xF9, 0x51, 0xC5, 0xD9, 0xFC, 0x28, 0x77, 0xCC, 0x8F, 0xE0, 0xC3, 0x7C, 0xE5, 0x97,
    0x50, 0x8C, 0x7B, 0x5B, 0x17, 0xD8, 0x1D, 0x3A, 0x23, 0xEC, 0x93, 0x51, 0x28, 0x56, 0x4E, 0x35,
    0x69, 0xA4, 0x55, 0x59, 0xD7, 0x7E, 0x38, 0x67, 0xBA, 0x71, 0xA7, 0x23, 0x40, 0x87, 0x81, 0x8E,
    0x05, 0x1D, 0x10, 0x3A, 0x2A, 0x78, 0xFC, 0x90, 0xFD, 0x7A, 0x24, 0x1B, 0x87, 0xD7, 0xEB, 0xC4,
    0x05, 0xA5, 0xAC, 0xD6, 0xF2, 0xDC, 0xCA, 0xE9, 0x1A, 0x88, 0xFA, 0xDA, 0xBF, 0x5E, 0x55, 0x90,
    0xC4, 0x49, 0x7C, 0x78, 0xBD, 0xEE, 0x5B, 0x89, 0x6C, 0xC4, 0x1E, 0x97, 0xB1, 0x03, 0xB4, 0x5D,
    0x19, 0xF6, 0xA7, 0x10, 0x85, 0x62, 0xA8, 0x83, 0xC5, 0x9A, 0xE9, 0xC3, 0xBF, 0x37, 0xE0, 0xD9,
    0x61, 0x52, 0x9B, 0x34, 0x7E, 0xB9, 0xBB, 0x7A, 0x67, 0x3A, 0xEF, 0xC4, 0x87, 0xCF, 0x7D, 0x94,
    0x36, 0x96, 0xB3, 0xD4, 0x97, 0xC9, 0x69, 0xA6, 0xD6, 0xF0, 0x39, 0x34, 0x44, 0xF3, 0x12, 0xCD,
    0x40, 0x84, 0x29, 0x9A, 0x71, 0xA1, 0xF8, 0x9F, 0x9C, 0x6A, 0x0D, 0x1D, 0x39, 0x50, 0x79, 0x98,
    0x0F, 0xF0, 0xCB, 0x09, 0x59, 0x78, 0x48, 0xE9, 0x0A, 0xF7, 0x29, 0x59, 0xDF, 0x0E, 0xCD, 0xC8,
    0x30, 0xE7, 0x5E, 0x5C, 0x3D, 0x81, 0xD5, 0xC4, 0xED, 0xCA, 0x8D, 0x22, 0x18, 0xA3, 0xF1, 0x33,
    0x9B, 0xF4, 0xC2, 0xF5, 0xD6, 0x33, 0xC0, 0xB9, 0x71, 0x62, 0x0C, 0x29, 0xBD, 0xF0, 0x14, 0x3F,
    0x40, 0x31, 0x19, 0x3D, 0xE4, 0x0E, 0xAD, 0x7F, 0xF7, 0x54, 0xFE, 0xB7, 0xA7, 0x4D, 0xE4, 0x76,
    0xA5, 0xED, 0x1D, 0x4F, 0x7F, 0x03, 0xD5, 0x99, 0x01, 0xA4, 0x25, 0xD7, 0xFD, 0xC7, 0x3F, 0x33,
    0x93, 0xEC, 0xFC, 0xFF, 0x7B, 0x92, 0x77, 0xFE, 0xFE, 0x94, 0xA8, 0xF7, 0x76, 0x8A, 0x62, 0x1B,
    0x37, 0x3B, 0xC1, 0xC3, 0xC3, 0xDC, 0x3B, 0xA7, 0x6D, 0x09, 0x8A, 0x04, 0x02, 0x1A, 0x94, 0x06,
    0x05, 0xB2, 0xD5, 0x94, 0xA5, 0x77, 0xF7, 0x4E, 0x1B, 0x40, 0x49, 0x82, 0x02, 0x82, 0x45, 0x00,
    0x68, 0xF0, 0xE8, 0xE2, 0x66, 0xEF, 0xB4, 0x05, 0x14, 0x9D, 0xED, 0x22, 0x28, 0x32, 0x59, 0x14,
    0x44, 0xF6, 0x34, 0x6F, 0xE8, 0x54, 0xE7, 0xDE, 0xD3, 0xF3, 0x33, 0x77, 0x32, 0xAF, 0x6F, 0xEF,
    0xBE, 0xEC, 0x6E, 0x03, 0x3D, 0xCE, 0x77, 0xCE, 0x9C, 0xDF, 0xF9, 0xFE, 0xBE, 0xBF, 0xDF, 0x3D,
    0xE7, 0xDC, 0xF3, 0xEE, 0xCC, 0xEB, 0xD0, 0xC5, 0x1C, 0x6D, 0x32, 0x34, 0x33, 0x52, 0x52, 0x66,
    0x24, 0x6E, 0x8D, 0x76, 0x9D, 0xB7, 0x2E, 0x51, 0xC5, 0x2D, 0xE2, 0xB2, 0x21, 0x2A, 0x2D, 0xD1,
    0x1D, 0x4B, 0x78, 0xAF, 0x26, 0x38, 0xA9, 0xE0, 0xA4, 0x84, 0x7F, 0x7A, 0xAC, 0x0A, 0x58, 0x18,
    0x78, 0x1E, 0x54, 0x4B, 0xEA, 0x98, 0x25, 0x26, 0xF3, 0x7A, 0xCA, 0x4B, 0x32, 0x56, 0x25, 0x46,
    0x3F, 0x94, 0x3A, 0xA1, 0x5D, 0xB8, 0x49, 0xD0, 0x41, 0x0E, 0xBA, 0x24, 0xF2, 0x8A, 0x36, 0x6C,
    0xDB, 0xC4, 0x2D, 0xF3, 0x97, 0xBA, 0x25, 0x5D, 0x47, 0xD7, 0xB2, 0xFC, 0xA2, 0x2E, 0x69, 0x67,
    0xA1, 0x4D, 0x5C, 0x15, 0x3B, 0x03, 0x38, 0xD7, 0xFA, 0x0A, 0xFF, 0x56, 0x73, 0x27, 0x15, 0x76,
    0xD4, 0x81, 0x9F, 0xC1, 0x11, 0x1C, 0xE7, 0x6E, 0xE3, 0x2B, 0xE1, 0x86, 0x68, 0x83, 0xBA, 0x81,
    0x9E, 0x71, 0x69, 0xA6, 0xDD, 0xC6, 0x57, 0x6E, 0xCD, 0xB0, 0x52, 0xC3, 0x6A, 0x16, 0x95, 0x52,
    0x95, 0x99, 0xF5, 0xFC, 0x17, 0x20, 0x83, 0x6F, 0x02, 0x90, 0x41, 0xBA, 0x39, 0x06, 0xE7, 0x2C,
    0x71, 0xAB, 0x1A, 0x74, 0xA9, 0x3A, 0x52, 0xF6, 0x66, 0xCC, 0xC8, 0x52, 0x32, 0x8E, 0x13, 0xE6,
    0x58, 0x6D, 0xE6, 0x51, 0xA9, 0x65, 0x26, 0x34, 0x33, 0x4D, 0x4A, 0x9A, 0x31, 0x43, 0xB7, 0x74,
    0xBD, 0x5B, 0xE4, 0x5C, 0x89, 0xFA, 0xCD, 0x06, 0x34, 0x00, 0x39, 0xFD, 0x6C, 0x7A, 0x2B, 0x7F,
    0x2F, 0x91, 0x59, 0x0E, 0x4F, 0x6A, 0xA2, 0x7B, 0x96, 0xE8, 0x77, 0x16, 0x59, 0x05, 0x55, 0xB6,
    0xE8, 0x62, 0x89, 0x26, 0x23, 0x61, 0x4A, 0x8A, 0xC4, 0x94, 0x90, 0x9A, 0x85, 0x73, 0x66, 0xE5,
    0x5C, 0x21, 0x90, 0xFB, 0xD3, 0x2B, 0x2A, 0x5C, 0x9F, 0x89, 0xF8, 0x8A, 0x46, 0xBF, 0xA2, 0x95,
    0x15, 0x6D, 0x89, 0x21, 0xB1, 0x24, 0x26, 0xB8, 0xED, 0x8A, 0xE6, 0xC0, 0x1B, 0xAE, 0xF1, 0x29,
    0x36, 0xBA, 0x82, 0x14, 0x98, 0x01, 0x53, 0x20, 0x03, 0x72, 0x6F, 0x17, 0x64, 0x5B, 0x5B, 0x0E,
    0x24, 0x05, 0xC4, 0xDE, 0xC6, 0xCA, 0x03, 0x0D, 0xEC, 0x01, 0x13, 0xA4, 0x2F, 0x76, 0x5D, 0x7D,
    0x40, 0x8E, 0x65, 0x46, 0xCD, 0x34, 0x2C, 0xC9, 0xA2, 0x72, 0xD4, 0xD1, 0x30, 0x3D, 0x80, 0x7C,
    0x02, 0xBA, 0xDD, 0xEA, 0x08, 0x6A, 0xF0, 0x54, 0x22, 0x8F, 0xB4, 0x3B, 0xA6, 0xC6, 0x75, 0x35,
    0x96, 0xBC, 0x93, 0x1C, 0x1A, 0xF1, 0x37, 0x90, 0x08, 0xC3, 0x42, 0xE0, 0x41, 0x23, 0x18, 0x74,
    0x01, 0x81, 0x85, 0xD0, 0x43, 0x55, 0xDE, 0x56, 0xE4, 0xAE, 0xE3, 0x74, 0x7E, 0xD2, 0xEF, 0x75,
    0x56, 0x25, 0x9C, 0x58, 0xF8, 0xC4, 0x12, 0xCA, 0x04, 0x95, 0xA3, 0x8E, 0xA6, 0xE1, 0x00, 0xCB,
    0xC4, 0xEB, 0x64, 0xA3, 0xCE, 0xE9, 0xFC, 0x9C, 0x2B, 0x1F, 0xA5, 0x02, 0x38, 0xDF, 0x0A, 0x64,
    0x59, 0xBE, 0x4A, 0x5C, 0xE4, 0x32, 0x5F, 0xE7, 0x5B, 0xB2, 0xE4, 0x5F, 0x25, 0x86, 0x7C, 0x05,
    0x85, 0xE0, 0x06, 0x90, 0x02, 0xBA, 0x84, 0xA8, 0x86, 0xB0, 0x01, 0xBA, 0x71, 0x1F, 0xA0, 0xB6,
    0x2B, 0xA2, 0x2A, 0xD0, 0x45, 0x6F, 0x5F, 0x42, 0xD0, 0x88, 0xB9, 0xF7, 0x4B, 0x01, 0xD1, 0x19,
    0x34, 0x57, 0xBE, 0xF6, 0x1B, 0x57, 0xC0, 0x15, 0x38, 0x8B, 0x61, 0x73, 0xEF, 0x1A, 0x03, 0x6E,
    0xF5, 0x1B, 0x20, 0x2A, 0xFB, 0x90, 0x29, 0x90, 0x01, 0x0D, 0x84, 0x35, 0xC4, 0x62, 0x36, 0x3D,
    0x77, 0x0E, 0xD8, 0x3E, 0x73, 0x25, 0x66, 0x60, 0xDA, 0x0B, 0x90, 0x54, 0x87, 0x57, 0x6F, 0x5E,
    0xBE, 0x79, 0xF9, 0xF0, 0x6A, 0x52, 0xE5, 0xAC, 0x8A, 0x55, 0x91, 0x03, 0xBC, 0x3E, 0x6E, 0xA4,
    0xC0, 0x8A, 0xE0, 0xA2, 0x8A, 0xAA, 0x45, 0x1D, 0x95, 0x81, 0x55, 0x05, 0x56, 0x1B, 0x1A, 0xED,
    0x05, 0x12, 0x98, 0x5F, 0x81, 0x6C, 0x0A, 0xD3, 0x0C, 0xAE, 0x5C, 0x83, 0xE4, 0x18, 0xB4, 0xED,
    0xA1, 0x6A, 0xE2, 0x3A, 0x2D, 0xD2, 0x6E, 0x55, 0x4F, 0xAF, 0xDC, 0xB1, 0x99, 0x2E, 0x6C, 0xA6,
    0x3C, 0xE2, 0xD2, 0xDF, 0x57, 0x36, 0xED, 0x5C, 0xAD, 0xEC, 0xA2, 0x78, 0xBD, 0x7B, 0xA0, 0x04,
    0xEF, 0x12, 0xD9, 0xA1, 0x9E, 0x14, 0x91, 0x23, 0x5A, 0x13, 0x75, 0xA3, 0x51, 0x59, 0x89, 0x90,
    0x5B, 0x7E, 0x6E, 0xF9, 0x91, 0x1D, 0xED, 0x97, 0x2F, 0x92, 0xE9, 0x27, 0xA9, 0x3C, 0xCF, 0xE9,
    0xD3, 0x68, 0x3C, 0x89, 0x4A, 0x3B, 0x9C, 0x42, 0xC3, 0x09, 0x24, 0x9B, 0x0F, 0xF9, 0x1B, 0xF2,
    0x63, 0x2E, 0x9E, 0x3E, 0x75, 0xBC, 0x65, 0x2E, 0xBC, 0xFE, 0xB4, 0xB9, 0x63, 0x89, 0x3E, 0xB7,
    0xFD, 0x49, 0x33, 0xFE, 0xDD, 0x20, 0x76, 0x0D, 0xA9, 0xDB, 0xF8, 0xDB, 0x85, 0xE9, 0xD0, 0x5E,
    0x59, 0x79, 0x76, 0xFC, 0xD8, 0xB8, 0x49, 0x58, 0x3C, 0x89, 0x9F, 0xC4, 0x93, 0xB8, 0x12, 0x5F,
    0xF2, 0x90, 0x7C, 0x08, 0x5D, 0x8D, 0xF6, 0x48, 0x0C, 0xA4, 0xFC, 0x67, 0x98, 0x41, 0xD0, 0x81,
    0x6B, 0x3D, 0x2A, 0xFA, 0xA2, 0x4B, 0x48, 0xAA, 0xBE, 0x3D, 0xBF, 0x90, 0x13, 0xD9, 0x85, 0x89,
    0x1B, 0x69, 0x77, 0xF5, 0xCF, 0x2D, 0x63, 0x1C, 0xC6, 0xCD, 0x3C, 0x96, 0xC1, 0x96, 0xCB, 0x9D,
    0xF1, 0xF7, 0xA6, 0xEF, 0xED, 0x2A, 0x0F, 0x70, 0x0C, 0xB2, 0xED, 0x5A, 0x5F, 0xC7, 0x4C, 0xFA,
    0xEF, 0xF0, 0xF6, 0x7B, 0xDE, 0x09, 0xE4, 0xDE, 0xB9, 0x12, 0x01, 0xC0, 0xD9, 0x31, 0x6D, 0xB5,
    0xC9, 0x3B, 0x6D, 0xB2, 0x5C, 0x33, 0xD7, 0x8E, 0xB9, 0x37, 0xC7, 0x4D, 0x6C, 0x92, 0xB5, 0xAA,
    0xA6, 0x69, 0x68, 0x33, 0x6D, 0x6C, 0xA6, 0x4A, 0x3B, 0xF5, 0xFB, 0x27, 0xFD, 0x8E, 0xAB, 0x95,
    0x4F, 0x78, 0x97, 0xCF, 0xE9, 0x32, 0x9C, 0x21, 0xAA, 0x7E, 0x34, 0xDE, 0x6E, 0xDB, 0x73, 0x40,
    0x06, 0xBC, 0x89, 0xAA, 0x9D, 0xD7, 0xB9, 0xEF, 0x75, 0x3E, 0x1E, 0x75, 0x62, 0x03, 0x1A, 0xC1,
    0xE8, 0xD3, 0xD3, 0xC1, 0x8E, 0xB6, 0xA8, 0x84, 0xA8, 0x18, 0xE9, 0xFF, 0x0B, 0x9C, 0x97, 0xFF,
    0xEE, 0xB1, 0x0C, 0x38, 0x02, 0x3E, 0x00, 0x2C, 0xC3, 0x5F, 0x1D, 0x7D, 0xF2, 0x27, 0x93, 0xBB,
    0x77, 0x3C, 0xF7, 0xE5, 0x9E, 0x9B, 0xB4, 0x30, 0x01, 0xDD, 0x6D, 0x35, 0x56, 0x5E, 0xE3, 0xBE,
    0xE3, 0xFA, 0xDD, 0x8E, 0x21, 0x0F, 0x05, 0x68, 0x40, 0xD5, 0xCA, 0xE4, 0x1B, 0x6D, 0xE6, 0xA9,
    0xF7, 0x8B, 0xCF, 0xC4, 0xDF, 0xDA, 0xAF, 0x85, 0x2D, 0xEC, 0xE0, 0xBE, 0xCF, 0x85, 0x42, 0xBE,
    0x36, 0xB7, 0x49, 0x8B, 0xDC, 0x39, 0x94, 0x6B, 0x19, 0x8A, 0xDC, 0x8B, 0xED, 0x43, 0x12, 0xE1,
    0x94, 0xD7, 0x01, 0x27, 0xD0, 0xAE, 0xBB, 0xED, 0xC1, 0x99, 0x22, 0x36, 0x27, 0x00, 0x84, 0x1B,
    0xAC, 0x89, 0x1C, 0xEA, 0xA5, 0xC2, 0xD7, 0xC8, 0x49, 0x77, 0x28, 0x38, 0xD7, 0xF9, 0x7A, 0xA6,
    0xEB, 0x39, 0x91, 0x2B, 0x89, 0xA4, 0xB2, 0x32, 0x58, 0xE8, 0xE7, 0xC9, 0x9E, 0xE7, 0x05, 0x3F,
    0x04, 0x4B, 0x50, 0x11, 0x7A, 0xC7, 0x82, 0xD8, 0xA0, 0x61, 0x6F, 0x18, 0x3D, 0x82, 0x63, 0xB0,
    0x50, 0x0F, 0x51, 0x0A, 0x14, 0x68, 0x38, 0x18, 0x7E, 0x06, 0x8E, 0xB2, 0x9C, 0x1F, 0xE8, 0x5D,
    0x24, 0x84, 0x44, 0xD9, 0x5A, 0xF6, 0x44, 0x85, 0x09, 0x64, 0x03, 0x67, 0x48, 0xA4, 0xEF, 0xF6,
    0x81, 0x2E, 0xC1, 0x73, 0x67, 0x64, 0x77, 0xDD, 0x7F, 0xED, 0xD5, 0x57, 0x06, 0xE3, 0x3E, 0x41,
    0x47, 0xD2, 0x04, 0xCE, 0x24, 0x0D, 0xCE, 0xD0, 0x80, 0x83, 0xD4, 0x12, 0x4A, 0xD3, 0x10, 0x76,
    0x30, 0x39, 0x93, 0x5E, 0x05, 0x6B, 0x58, 0x55, 0xA8, 0x6D, 0xD3, 0xC1, 0x52, 0x98, 0x69, 0x1D,
    0x6E, 0xFC, 0x85, 0x0D, 0xD4, 0x70, 0xC6, 0x8B, 0xC0, 0xFC, 0x8F, 0x9C, 0xED, 0x2C, 0xC2, 0x36,
    0x6A, 0x75, 0x95, 0x94, 0x2B, 0x6E, 0x47, 0x0D, 0x36, 0x2E, 0xE9, 0xE2, 0x9A, 0xFC, 0x17, 0x6B,
    0x94, 0x4D, 0x0B, 0xD6, 0xB1, 0x25, 0x35, 0x1D, 0xB1, 0xD9, 0x07, 0x28, 0x9E, 0x86, 0xC6, 0x73,
    0x84, 0x2B, 0x3E, 0xE2, 0x2B, 0x1A, 0x68, 0x93, 0x09, 0x2F, 0x58, 0x2B, 0xAB, 0xEA, 0xBC, 0xC8,
    0xBF, 0xDD, 0x89, 0x0E, 0x55, 0x6C, 0xD8, 0x96, 0x59, 0x42, 0xDC, 0x4A, 0xDD, 0x3B, 0x60, 0xA2,
    0x38, 0x8A, 0x39, 0x8C, 0xCC, 0x17, 0xF5, 0x28, 0x12, 0xE3, 0xB3, 0x7B, 0xA8, 0x25, 0x5E, 0x3B,
    0x7F, 0x83, 0xFF, 0x0B, 0x90, 0x35, 0x06, 0x2B, 0xE0, 0xFD, 0xE0, 0xAF, 0x45, 0x1B, 0xFD, 0xB1,
    0xBC, 0x1D, 0xDD, 0x1F, 0x77, 0xEC, 0x1E, 0x30, 0x19, 0x77, 0xEC, 0x6D, 0x9F, 0x71, 0x6B, 0x55,
    0xF9, 0xFF, 0x55, 0x40, 0x54, 0x42, 0x5C, 0xC0, 0xB0, 0x43, 0x4A, 0xE2, 0xEF, 0x89, 0xB8, 0xEE,
    0x58, 0x55, 0x6A, 0xCD, 0xAA, 0xA5, 0x7B, 0x93, 0xB5, 0x65, 0x55, 0xE3, 0xBB, 0x91, 0xAB, 0xA2,
    0x5F, 0x75, 0x8A, 0xA5, 0xE6, 0xA9, 0xBD, 0xED, 0xDA, 0x8E, 0xBE, 0x26, 0x36, 0xAD, 0xC6, 0xBD,
    0x4D, 0xB2, 0x26, 0x70, 0x05, 0x79, 0xCB, 0xCF, 0x3A, 0xEC, 0x12, 0xD7, 0x86, 0xAE, 0x48, 0x5A,
    0xBC, 0xCD, 0xC1, 0xCB, 0x30, 0xFA, 0x6E, 0xF7, 0xE7, 0xA7, 0x84, 0xFD, 0x9A, 0x16, 0x89, 0xC3,
    0xBD, 0x4C, 0x73, 0x80, 0x9B, 0x90, 0x76, 0x84, 0x0E, 0x56, 0x0D, 0x9F, 0x77, 0x41, 0x35, 0xD9,
    0x26, 0x68, 0xB6, 0xAB, 0xB3, 0xDD, 0xA2, 0x83, 0x48, 0x15, 0x54, 0xEB, 0xB0, 0x5C, 0xDD, 0x2D,
    0x95, 0x33, 0xB2, 0xC4, 0xBA, 0xE3, 0x60, 0xC9, 0x95, 0x8E, 0xBC, 0x96, 0x25, 0xB6, 0x6C, 0x2C,
    0x9F, 0x54, 0x3C, 0x5C, 0x04, 0x40, 0x01, 0x2B, 0x50, 0x2D, 0xAC, 0x0A, 0x69, 0xC8, 0x0B, 0x98,
    0x81, 0x57, 0x81, 0x78, 0x03, 0x2C, 0xBE, 0xB8, 0x01, 0xE2, 0xDE, 0xAB, 0x1E, 0xCF, 0x92, 0xED,
    0x19, 0x57, 0xC3, 0x46, 0xB8, 0xC4, 0xDB, 0xA6, 0x83, 0x39, 0x91, 0x64, 0xE3, 0x2D, 0x8B, 0x71,
    0xC3, 0x91, 0x14, 0xD9, 0xAA, 0x99, 0xB7, 0xAB, 0xD6, 0x26, 0x35, 0x24, 0x30, 0x83, 0x25, 0x51,
    0xEB, 0x49, 0x2B, 0x87, 0xAB, 0x71, 0x8E, 0x60, 0x55, 0x11, 0x37, 0xD0, 0xC9, 0x28, 0x29, 0x5C,
    0x6C, 0x61, 0xD9, 0x77, 0x4A, 0x59, 0x18, 0xDC, 0x06, 0xE5, 0x70, 0x2E, 0xDE, 0x98, 0xA4, 0x22,
    0x97, 0x51, 0x5A, 0xB8, 0x09, 0x90, 0x20, 0x86, 0xEB, 0x84, 0x2D, 0x69, 0xFD, 0x86, 0x33, 0xA2,
    0xB9, 0xD9, 0xA1, 0x39, 0x6C, 0x7D, 0x29, 0x81, 0x73, 0x8D, 0xF2, 0xF0, 0x62, 0xE4, 0xE3, 0xF3,
    0x90, 0x60, 0x7C, 0x0E, 0xAA, 0x40, 0x38, 0xC2, 0x5D, 0xB8, 0x35, 0x0B, 0xE7, 0x0A, 0xB1, 0x8E,
    0xCF, 0x28, 0x08, 0xFA, 0x7B, 0x6F, 0x93, 0x31, 0xE1, 0x08, 0x17, 0x2E, 0x00, 0x1A, 0x38, 0x18,
    0x8E, 0x7D, 0xC6, 0x98, 0x35, 0x79, 0x58, 0x32, 0x8D, 0x4A, 0xB2, 0xA8, 0x20, 0x53, 0x30, 0xD5,
    0x90, 0xEF, 0x41, 0xF2, 0xE9, 0x18, 0x93, 0x0F, 0xB6, 0xEA, 0x12, 0xB1, 0x84, 0xD0, 0xB0, 0x53,
    0x77, 0xCC, 0xED, 0x7E, 0x45, 0xF8, 0x87, 0xFE, 0x21, 0x33, 0x2A, 0x2C, 0x0A, 0x8B, 0x0E, 0x2C,
    0x7B, 0x91, 0x65, 0x32, 0xE6, 0xB6, 0x4B, 0xF7, 0x71, 0xE7, 0x83, 0xB1, 0xF4, 0xCF, 0x7E, 0x4F,
    0x34, 0x47, 0x63, 0xF1, 0x36, 0x2B, 0x60, 0xF8, 0xCA, 0xA2, 0x11, 0x8C, 0x79, 0x65, 0xE4, 0x1C,
    0x33, 0xC5, 0x92, 0x05, 0x35, 0xD9, 0x76, 0xFE, 0x72, 0x4F, 0x4D, 0x3E, 0x1E, 0xF3, 0xDA, 0x4E,
    0x09, 0x1C, 0x8F, 0x79, 0x79, 0xDA, 0x38, 0x7F, 0x67, 0xF4, 0x17, 0x6E, 0xB3, 0xCD, 0x39, 0xAF,
    0xE0, 0xB7, 0x16, 0xFE, 0x66, 0x09, 0x6A, 0x4B, 0x58, 0x6E, 0x1F, 0xD6, 0xDF, 0xB2, 0xE8, 0x31,
    0xE7, 0x51, 0x7F, 0xCC, 0xF9, 0xB4, 0xFE, 0x37, 0x08, 0xB9, 0x4A, 0x64, 0xBE, 0x14, 0xCF, 0x8C,
    0xF8, 0xA9, 0x3B, 0x91, 0xD6, 0x1C, 0x3E, 0x13, 0x93, 0x3D, 0xA3, 0xE5, 0x44, 0x26, 0x74, 0x35,
    0x43, 0xFE, 0xD3, 0x57, 0x5F, 0x7D, 0x25, 0x03, 0x76, 0x41, 0xC6, 0x06, 0xDE, 0x38, 0x87, 0x9C,
    0x8B, 0x81, 0x77, 0xFA, 0xD9, 0xFF, 0x3C, 0x0C, 0x3C, 0xC6, 0xC2, 0x93, 0xC6, 0xDC, 0xBD, 0xE6,
    0xE3, 0x23, 0xE1, 0x12, 0xFD, 0xC8, 0x78, 0x9D, 0x0B, 0xF2, 0xA4, 0x62, 0x1E, 0xC7, 0x67, 0x88,
    0x43, 0xBA, 0x41, 0x36, 0x57, 0x45, 0xFC, 0xFB, 0xBA, 0x41, 0x87, 0x75, 0xC6, 0x24, 0xAC, 0xF7,
    0x38, 0x0A, 0x6B, 0xC5, 0x61, 0x58, 0xC7, 0x92, 0x9E, 0x33, 0x72, 0x31, 0xD2, 0xED, 0x07, 0xF6,
    0xC3, 0xFA, 0xD9, 0x9E, 0x1C, 0xDD, 0xBB, 0x67, 0x25, 0xED, 0x02, 0x9E, 0xFE, 0x35, 0x90, 0xAC,
    0x21, 0xF8, 0xC7, 0x0F, 0xBC, 0x5E, 0xC1, 0x71, 0xFF, 0x07, 0x60, 0x82, 0x6F, 0x0F, 0x21, 0xE6,
    0xC5, 0x95, 0x7B, 0x8B, 0xAB, 0xFE, 0x62, 0xAE, 0x42, 0xD4, 0xDB, 0x32, 0xD0, 0x1C, 0xE0, 0xAB,
    0x32, 0x5C, 0x23, 0x6C, 0xE2, 0x1A, 0xC9, 0x6A, 0x5B, 0x54, 0x0B, 0x38, 0x57, 0x12, 0x35, 0xB1,
    0x45, 0x97, 0x74, 0xA4, 0x36, 0xDA, 0x90, 0x75, 0xFA, 0x1D, 0x0E, 0xD3, 0x1B, 0x31, 0x57, 0x55,
    0xEB, 0xF7, 0x4F, 0x6C, 0x23, 0xF3, 0x62, 0xF2, 0x61, 0xC4, 0xD1, 0xF5, 0xE4, 0xFB, 0x5C, 0x69,
    0xE2, 0xCF, 0xD0, 0x55, 0xD0, 0x11, 0xD7, 0x61, 0xD3, 0x7F, 0x40, 0x11, 0x7D, 0x40, 0xCF, 0xC4,
    0x1D, 0x2F, 0xA0, 0x2F, 0x91, 0x31, 0xD1, 0x1C, 0x72, 0xCD, 0xEB, 0x61, 0xBD, 0x5E, 0x54, 0x7A,
    0x3D, 0x65, 0xBC, 0xDE, 0x25, 0x14, 0x93, 0x8C, 0x3D, 0xB4, 0x25, 0x23, 0xB6, 0xA7, 0xF4, 0xBE,
    0xF4, 0xF3, 0x86, 0x75, 0xC4, 0xD5, 0x48, 0xF4, 0x82, 0xEA, 0xD1, 0x3E, 0xEF, 0x85, 0xF7, 0xE9,
    0xA7, 0x53, 0x26, 0xB6, 0x9F, 0xE2, 0x83, 0xB0, 0x3E, 0x20, 0xFF, 0x65, 0xBD, 0x22, 0xDF, 0xDC,
    0x77, 0xFC, 0xC4, 0xB9, 0xBB, 0xFE, 0xF3, 0x36, 0x3E, 0x3F, 0xBD, 0xF4, 0xF9, 0xE5, 0xB9, 0x62,
    0xB2, 0xD4, 0x6F, 0xA3, 0x5B, 0xD5, 0xE1, 0xE7, 0xE1, 0xDC, 0xCF, 0xCB, 0x9C, 0x17, 0xE0, 0x92,
    0x6C, 0x5C, 0xD7, 0x5F, 0x64, 0x29, 0x8C, 0x5C, 0xCC, 0x68, 0x13, 0x0A, 0x1A, 0x32, 0x99, 0xBF,
    0x47, 0xD2, 0xCB, 0x40, 0xE6, 0x8F, 0xD3, 0xFB, 0x45, 0xBA, 0x1C, 0x81, 0xEA, 0xA7, 0x64, 0x97,
    0x9E, 0xA7, 0x75, 0x6B, 0x82, 0xCE, 0xF9, 0x85, 0xF8, 0x4B, 0x95, 0xBC, 0x77, 0xB7, 0xB9, 0xB1,
    0x5F, 0x6D, 0xDA, 0xFD, 0x2A, 0xB7, 0xFB, 0x95, 0x2E, 0xFB, 0x76, 0xDD, 0xED, 0xDF, 0xB5, 0xF9,
    0xFE, 0xC7, 0x65, 0xF2, 0x9E, 0x23, 0xEE, 0x3A, 0xCF, 0x17, 0x3F, 0x41, 0x0D, 0x93, 0x0A, 0xF6,
    0xCF, 0xE2, 0xCF, 0x6E, 0x23, 0x18, 0x6D, 0x8C, 0x10, 0x3F, 0x00, 0x69, 0x6B, 0x5D, 0x4E, 0x2A,
    0x55, 0xEC, 0x9F, 0xC5, 0xA0, 0xFF, 0xB0, 0x31, 0x80, 0x87, 0xC6, 0x8F, 0x8D, 0xE4, 0x2E, 0xDC,
    0x73, 0xE3, 0xDF, 0x04, 0x9A, 0xDD, 0x60, 0x88, 0xBF, 0x7B, 0xBC, 0xF7, 0x05, 0x2E, 0x03, 0xF3,
    0x5D, 0x18, 0xFC, 0x1F, 0x36, 0x2E, 0xBE, 0x03, 0x07, 0x5D, 0xF2, 0x58, 0x50, 0x85, 0xB4, 0x8F,
    0x8D, 0x3E, 0xDE, 0xF8, 0xD3, 0xBE, 0x0B, 0xDC, 0x32, 0x69, 0x32, 0x67, 0xB2, 0x96, 0xCC, 0x91,
    0xA5, 0x36, 0x0B, 0xDD, 0x9C, 0xB4, 0xDB, 0xF9, 0xD3, 0x1E, 0x22, 0x0B, 0x7B, 0x47, 0x2B, 0xD7,
    0xED, 0x4B, 0x2B, 0xFD, 0x27, 0x79, 0x3F, 0x73, 0xE6, 0xF4, 0x16, 0x30, 0xBC, 0x0E, 0x64, 0x28,
    0xBB, 0xDF, 0x15, 0x8D, 0x6F, 0xAC, 0xCD, 0x83, 0xEF, 0x8A, 0xCE, 0x6A, 0xEC, 0xCC, 0xAD, 0x3C,
    0x95, 0xDB, 0xC9, 0x7F, 0xC9, 0xBB, 0xA3, 0x82, 0xC8, 0xB2, 0x37, 0x21, 0xD3, 0x1C, 0x1C, 0x10,
    0x1F, 0x13, 0x54, 0x00, 0x10, 0x12, 0x91, 0x5B, 0x5D, 0xEE, 0x95, 0x60, 0xE0, 0x29, 0xD9, 0xDB,
    0x2D, 0x2C, 0x37, 0x84, 0x9F, 0x7E, 0x54, 0xA8, 0xD7, 0xEE, 0xD8, 0xE9, 0x7E, 0x35, 0xDF, 0x7E,
    0x8F, 0x05, 0x99, 0xDD, 0x17, 0xDB, 0x47, 0x85, 0x7E, 0xED, 0x33, 0xCF, 0x11, 0x6E, 0x05, 0x13,
    0xF1, 0xF5, 0xA0, 0x82, 0xE7, 0x5A, 0xB8, 0xE5, 0xFD, 0x2B, 0xEF, 0x6F, 0x3C, 0x17, 0xEF, 0x8F,
    0xF7, 0xED, 0x91, 0x59, 0xC4, 0xE6, 0xFD, 0x8D, 0xF7, 0xAF, 0x84, 0x5B, 0xC1, 0x65, 0x03, 0xE0,
    0x35, 0xDE, 0x85, 0xFD, 0x5B, 0xB0, 0xBC, 0xE2, 0xB5, 0x63, 0x1F, 0x3F, 0xF0, 0xB1, 0xF0, 0xF1,
    0xD1, 0x65, 0x0F, 0x1F, 0x5F, 0x6C, 0xB1, 0x8F, 0x7F, 0xC9, 0x73, 0x84, 0xEB, 0x7D, 0x26, 0xE2,
    0xFB, 0x26, 0x1C, 0xCB, 0x5B, 0xA8, 0xB4, 0x4A, 0xEA, 0xC8, 0xE6, 0xD0, 0x2E, 0xF1, 0xBE, 0x30,
    0xF3, 0x48, 0xAB, 0x87, 0xEF, 0xEB, 0x85, 0xB3, 0x91, 0x73, 0x76, 0xF8, 0x9F, 0xC2, 0x54, 0x39,
    0x9B, 0xA5, 0x1E, 0x53, 0xC8, 0x32, 0x0F, 0x69, 0xA5, 0xAF, 0x9D, 0x4D, 0x01, 0x5D, 0x40, 0xEC,
    0xF9, 0xAC, 0x1E, 0xFC, 0x8D, 0x37, 0xFE, 0x0E, 0x39, 0x22, 0xE3, 0xD8, 0x63, 0xFC, 0x8D, 0x97,
    0x45, 0x1E, 0x9E, 0x9A, 0x69, 0x06, 0xDE, 0xF9, 0xBF, 0xF1, 0x80, 0x94, 0xDC, 0xE4, 0x26, 0x85,
    0xDD, 0xF7, 0xA4, 0xA1, 0x9D, 0x91, 0x7F, 0xB7, 0x59, 0x20, 0x97, 0xBE, 0x0B, 0xC8, 0x85, 0xC5,
    0x70, 0x91, 0xEE, 0x58, 0x42, 0x0B, 0x44, 0xCD, 0x70, 0x91, 0xEE, 0x58, 0x52, 0xC0, 0x4B, 0x0F,
    0x97, 0x74, 0xB7, 0x8D, 0x47, 0xD6, 0xDB, 0x95, 0xCB, 0xBF, 0x00, 0xDD, 0x5A, 0x2F, 0x6C, 0xF3,
    0x38, 0x14, 0xFF, 0x35, 0x93, 0xEE, 0xA4, 0x14, 0x14, 0x1F, 0x2A, 0x3D, 0x8D, 0x8C, 0xA3, 0x84,
    0xE3, 0x8D, 0x93, 0x91, 0x0B, 0x87, 0xB7, 0x5B, 0x38, 0x2A, 0x47, 0x05, 0x07, 0x2C, 0x17, 0x8C,
    0x4B, 0x9D, 0x1C, 0xE9, 0xB8, 0x74, 0x1C, 0x05, 0x1C, 0x2A, 0x2A, 0x18, 0x88, 0x26, 0xAF, 0xBE,
    0xF8, 0xDD, 0x9C, 0x5E, 0xF2, 0xA5, 0xDF, 0x32, 0x3B, 0xCF, 0xD2, 0xBE, 0xE4, 0xBD, 0xD7, 0xBA,
    0xB1, 0xDF, 0xF3, 0xF3, 0xFB, 0x63, 0x67, 0x6F, 0xCA, 0x18, 0x53, 0x4E, 0x20, 0x7A, 0xD2, 0x65,
    0xAA, 0xF9, 0xEE, 0x6C, 0xF5, 0xD7, 0xF1, 0x7B, 0xE8, 0x64, 0x0A, 0x88, 0xC1, 0xB7, 0x91, 0x89,
    0x00, 0x80, 0xA9, 0xA6, 0xFC, 0xFA, 0xFB, 0xBE, 0x79, 0xD9, 0x6B, 0xDD, 0x5C, 0xC2, 0x5B, 0xE2,
    0x0F, 0xB8, 0x4F, 0xFA, 0xB8, 0x7D, 0x6F, 0xDE, 0xE5, 0x7D, 0xE6, 0xD4, 0x1E, 0x15, 0x76, 0x97,
    0xF7, 0x9F, 0x4A, 0xB9, 0x31, 0xA6, 0x6E, 0x41, 0x03, 0x1E, 0x40, 0x63, 0x09, 0xBC, 0x98, 0xDC,
    0x03, 0x52, 0xFE, 0x69, 0x4C, 0x63, 0xA1, 0x82, 0x0F, 0x98, 0xC6, 0x81, 0x0F, 0x13, 0x59, 0xA2,
    0x90, 0x5B, 0x65, 0x8E, 0x2D, 0xE0, 0xCA, 0x07, 0x94, 0x71, 0xE0, 0xC7, 0x64, 0xB1, 0x29, 0xA4,
    0x50, 0x46, 0xB7, 0x80, 0x95, 0x0F, 0x28, 0xE3, 0xC0, 0x8F, 0x49, 0x2A, 0x42, 0xEC, 0x2E, 0x82,
    0x7D, 0x26, 0xC4, 0xE8, 0xB2, 0x0C, 0x75, 0x98, 0x10, 0x8B, 0x23, 0xD9, 0x06, 0x7A, 0x4B, 0x88,
    0xB9, 0x91, 0x8A, 0x40, 0x57, 0xF1, 0xB0, 0xFB, 0x29, 0x2C, 0x5D, 0x88, 0xF8, 0x19, 0x06, 0x5E,
    0x59, 0xE5, 0xF0, 0x9E, 0x94, 0x32, 0x20, 0x0E, 0xA8, 0xA0, 0x34, 0x18, 0xA4, 0xA3, 0xDF, 0xF0,
    0xC0, 0xD0, 0xF3, 0x58, 0xDB, 0x5F, 0x80, 0xEB, 0xCF, 0x2F, 0x6C, 0xF0, 0x06, 0x61, 0x21, 0xFE,
    0xAE, 0xE4, 0x91, 0x97, 0x8A, 0x9D, 0xDF, 0x1E, 0xE4, 0x20, 0xD9, 0xC6, 0xDF, 0xFB, 0x3C, 0x12,
    0x60, 0xF1, 0xE4, 0x12, 0x20, 0xBF, 0x9A, 0xC5, 0xAE, 0x09, 0xD9, 0x9A, 0x83, 0xB4, 0xF3, 0xE3,
    0x10, 0xBC, 0x29, 0x78, 0x18, 0xD1, 0xCB, 0x73, 0x42, 0x0F, 0x2D, 0x16, 0xA2, 0x9F, 0x94, 0x0A,
    0x29, 0x65, 0x7E, 0x7E, 0x39, 0xB1, 0xBA, 0x80, 0x85, 0x28, 0x43, 0x84, 0x04, 0x11, 0x79, 0xB5,
    0x72, 0x39, 0xA4, 0x2D, 0x36, 0xF6, 0x5B, 0xEF, 0x9D, 0xAB, 0xD8, 0x91, 0x6E, 0x44, 0x18, 0xA4,
    0x8D, 0xBF, 0xEB, 0x71, 0x49, 0x1B, 0x9A, 0x6C, 0xA5, 0x01, 0x16, 0xA2, 0x8C, 0xEE, 0xEB, 0x76,
    0xB2, 0x72, 0x39, 0xA4, 0xA5, 0xC2, 0x7E, 0xEB, 0x9B, 0xEC, 0x89, 0x74, 0x23, 0xC2, 0x20, 0x6D,
    0xDC, 0x64, 0x5C, 0xD2, 0x58, 0x22, 0x6A, 0x38, 0xF1, 0x64, 0xCB, 0x1E, 0xB5, 0x44, 0xE8, 0x37,
    0x06, 0x69, 0x96, 0x8C, 0x85, 0x10, 0x9F, 0x6E, 0x91, 0x5C, 0x80, 0xC8, 0x50, 0x46, 0x2A, 0x22,
    0x04, 0x2C, 0x11, 0xE7, 0x84, 0xF3, 0xAB, 0x35, 0xB6, 0x74, 0x3C, 0xBA, 0x45, 0xCC, 0xB1, 0x44,
    0x8A, 0xDD, 0x6B, 0x9C, 0x6D, 0x91, 0x39, 0x6A, 0xF9, 0xF7, 0x5A, 0x16, 0x15, 0x62, 0x6F, 0xE0,
    0x11, 0xF3, 0x0B, 0x9B, 0x0A, 0x1C, 0x49, 0xAB, 0x78, 0x3A, 0x45, 0x0A, 0x03, 0xC6, 0x20, 0xE6,
    0x3F, 0x28, 0xC5, 0x58, 0x7B, 0x46, 0x69, 0xA9, 0x88, 0x78, 0x76, 0x64, 0x70, 0x7E, 0x26, 0x15,
    0xC6, 0x0F, 0xA4, 0x5F, 0x28, 0x05, 0xC5, 0x3D, 0xC1, 0x33, 0xA9, 0x10, 0xF7, 0xB5, 0x20, 0xFE,
    0xD1, 0xE5, 0x2B, 0xEF, 0x65, 0x5F, 0xCC, 0x0A, 0xAC, 0xB1, 0xC0, 0xAF, 0xC2, 0x0F, 0x1C, 0x0B,
    0x5C, 0x2A, 0x3C, 0x56, 0x26, 0x77, 0x98, 0x55, 0x06, 0x43, 0x14, 0xFA, 0x7C, 0x01, 0xBD, 0xA6,
    0x2C, 0xC7, 0x4A, 0xE9, 0x78, 0xBF, 0xC6, 0x9F, 0x0E, 0x55, 0xEA, 0xAE, 0xC1, 0x83, 0x87, 0x75,
    0x1E, 0x19, 0xBA, 0xA2, 0x78, 0x48, 0xD1, 0xEB, 0x1E, 0xB8, 0x96, 0x32, 0x7F, 0x34, 0xA6, 0xB4,
    0xD8, 0xB2, 0xC5, 0x0C, 0xD8, 0xE7, 0x09, 0x80, 0x30, 0x95, 0xED, 0xB4, 0xAD, 0x8C, 0x30, 0x39,
    0xBF, 0xA6, 0xE8, 0xCA, 0xE1, 0x41, 0x45, 0x05, 0xAA, 0x6A, 0x4B, 0x6B, 0xC8, 0xDC, 0x22, 0x66,
    0x52, 0xBE, 0xC7, 0x13, 0x6B, 0xC2, 0x42, 0xAC, 0x73, 0xF5, 0xF6, 0x1F, 0x22, 0x50, 0x79, 0xE1,
    0x55, 0x98, 0x1C, 0x34, 0xE7, 0xD0, 0xD5, 0x19, 0xD8, 0xA2, 0x35, 0x8A, 0x3F, 0x2F, 0xE7, 0x14,
    0x9D, 0xB3, 0xF4, 0x78, 0x23, 0xD9, 0x7A, 0x54, 0x7B, 0x86, 0xCD, 0x70, 0x8D, 0xC9, 0xA2, 0x0E,
    0x11, 0xA0, 0xB1, 0x7A, 0x3B, 0x23, 0x40, 0xD8, 0xE3, 0x2D, 0x02, 0x8A, 0xDD, 0xDE, 0x69, 0x60,
    0x1E, 0xEF, 0x3F, 0x84, 0x87, 0xF8, 0x48, 0xB8, 0x87, 0xCF, 0x87, 0x27, 0x0D, 0x7D, 0xB2, 0x4C,
    0x77, 0x9C, 0x25, 0x67, 0xCD, 0x92, 0xA3, 0xFE, 0xEF, 0x81, 0x0C, 0x96, 0x0A, 0x98, 0x0F, 0x4B,
    0xCE, 0x1C, 0xD6, 0x57, 0xDC, 0x35, 0x7C, 0xC0, 0x5C, 0xD7, 0xA1, 0xE9, 0xB0, 0x90, 0xCB, 0x0A,
    0x8A, 0x54, 0xDA, 0x25, 0x34, 0x25, 0x91, 0x39, 0xE5, 0xBA, 0x08, 0x60, 0xAA, 0x7D, 0x0C, 0x4F,
    0x5A, 0xAC, 0x8B, 0x38, 0x90, 0x41, 0xBA, 0xCD, 0xC4, 0xB9, 0x5B, 0x7B, 0x22, 0x97, 0xD5, 0x4A,
    0xB6, 0xCC, 0x7F, 0xE9, 0xA6, 0x07, 0x8C, 0xDE, 0xCE, 0xE4, 0xD9, 0x46, 0x1D, 0xA2, 0x84, 0xD0,
    0x8C, 0x36, 0x6F, 0xD3, 0xD9, 0xA1, 0x0B, 0xBA, 0x98, 0xD1, 0xF8, 0xD3, 0x06, 0xAA, 0xBE, 0x32,
    0xF5, 0xEA, 0x05, 0x59, 0x89, 0x0C, 0x78, 0x06, 0xF4, 0x64, 0xF8, 0x0D, 0x50, 0x35, 0x94, 0xC6,
    0xC2, 0x00, 0x37, 0x15, 0x56, 0x15, 0x7E, 0xAE, 0xAD, 0x79, 0x67, 0x86, 0x1A, 0xCB, 0xBF, 0xB1,
    0xAE, 0x16, 0x2A, 0x57, 0x27, 0xA8, 0x06, 0xAA, 0x9C, 0x3A, 0xC3, 0x3D, 0xF0, 0x07, 0x90, 0xE5,
    0x58, 0xFF, 0x83, 0xA5, 0xA9, 0x13, 0x53, 0xE3, 0xA6, 0x06, 0xB0, 0x2A, 0x41, 0xDB, 0x06, 0xAC,
    0xCE, 0xD4, 0x0D, 0x68, 0x00, 0x24, 0xE4, 0x9F, 0xD4, 0xA3, 0xEA, 0xF5, 0x78, 0xFE, 0xB6, 0xC7,
    0xB2, 0x72, 0x8C, 0xA8, 0xC7, 0x83, 0x25, 0xFA, 0xC3, 0x1E, 0x7B, 0x22, 0x5D, 0x33, 0x83, 0xEB,
    0x42, 0x9D, 0x69, 0x18, 0x31, 0x80, 0xEE, 0xF7, 0xA1, 0xA9, 0xAC, 0x06, 0x7D, 0x1A, 0x62, 0xE6,
    0xD1, 0xA7, 0xDC, 0x5B, 0xF2, 0x60, 0x9B, 0x19, 0x90, 0xD9, 0x19, 0xEC, 0xED, 0x0C, 0x9A, 0x76,
    0x64, 0x3B, 0x2C, 0x39, 0x5A, 0x06, 0xDA, 0xB2, 0x22, 0x5F, 0xC9, 0x32, 0x3B, 0xF2, 0xCD, 0x8E,
    0xD4, 0xBD, 0x28, 0x5E, 0x36, 0xEE, 0x37, 0xEA, 0x62, 0x3B, 0xD3, 0x30, 0x62, 0x40, 0xAC, 0x88,
    0x29, 0xB1, 0x27, 0x41, 0x24, 0x92, 0x84, 0x77, 0x27, 0x6D, 0x3D, 0x72, 0x9D, 0xFF, 0x13, 0x77,
    0xEC, 0x29, 0x8D, 0x3B, 0x83, 0xA9, 0x26, 0xDE, 0xC4, 0xB1, 0x03, 0x59, 0x4E, 0x1D, 0x78, 0xB1,
    0x26, 0x9D, 0xE1, 0xA3, 0x5B, 0x4D, 0x16, 0x72, 0xB1, 0xCC, 0x3E, 0x95, 0x41, 0x86, 0x8F, 0xEF,
    0x7F, 0x01, 0x35, 0xCC, 0xB1, 0x0D, 0x43, 0x21, 0x0C, 0x06, 0xE1, 0x53, 0x28, 0x29, 0x32, 0x82,
    0x47, 0xC8, 0x08, 0x66, 0x33, 0x56, 0x63, 0x94, 0x48, 0x2C, 0x80, 0x94, 0x86, 0x02, 0xFC, 0x07,
    0x8A, 0x57, 0x9F, 0xEE, 0xE3, 0xF5, 0x05, 0xF2, 0x04, 0x6C, 0x03, 0x55, 0x80, 0xD4, 0x48, 0xCB,
    0x06, 0x79, 0xA5, 0x89, 0xA9, 0x6F, 0x5C, 0x3F, 0x9D, 0xD8, 0x55, 0x3C, 0x4C, 0x7C, 0xC2, 0x83,
    0xB7, 0xB4, 0x48, 0xE1, 0x03, 0x54, 0xDB, 0x7D, 0x0B, 0xA7, 0x3C, 0xDE, 0x95, 0xFF,
};

static const EpdGlyph jetbrainsmono_12_regularGlyphs[] = {
    { 0, 0, 0, 0, 0, 0, 0 }, // U+0000
    { 0, 0, 0, 0, 0, 0, 0 }, // U+0001
    { 0, 0, 0, 0, 0, 0, 0 }, // U+0002
    { 0, 0, 0, 0, 0, 0, 0 }, // U+0003
    { 0, 0, 0, 0, 0, 0, 0 }, // U+0004
    { 0, 0, 0, 0, 0, 0, 0 }, // U+0005
    { 0, 0, 0, 0, 0, 0, 0 }, // U+0006
    { 0, 0, 0, 0, 0, 0, 0 }, // U+0007
    { 0, 0, 0, 0, 0, 0, 0 }, // U+0008
    { 0, 0, 0, 0, 0, 0, 0 }, // U+0009
    { 0, 0, 0, 0, 0, 0, 0 }, // U+000A
    { 0, 0, 0, 0, 0, 0, 0 }, // U+000B
    { 0, 0, 0, 0, 0, 0, 0 }, // U+000C
    { 0, 0, 0, 0, 0, 0, 0 }, // U+000D
    { 0, 0, 0, 0, 0, 0, 0 }, // U+000E
    { 0, 0, 0, 0, 0, 0, 0 }, // U+000F
    { 0, 0, 0, 0, 0, 0, 0 }, // U+0010
    { 0, 0, 0, 0, 0, 0, 0 }, // U+0011
    { 0, 0, 0, 0, 0, 0, 0 }, // U+0012
    { 0, 0, 0, 0, 0, 0, 0 }, // U+0013
    { 0, 0, 0, 0, 0, 0, 0 }, // U+0014
    { 0, 0, 0, 0, 0, 0, 0 }, // U+0015
    { 0, 0, 0, 0, 0, 0, 0 }, // U+0016
    { 0, 0, 0, 0, 0, 0, 0 }, // U+0017
    { 0, 0, 0, 0, 0, 0, 0 }, // U+0018
    { 0, 0, 0, 0, 0, 0, 0 }, // U+0019
    { 0, 0, 0, 0, 0, 0, 0 }, // U+001A
    { 0, 0, 0, 0, 0, 0, 0 }, // U+001B
    { 0, 0, 0, 0, 0, 0, 0 }, // U+001C
    { 0, 0, 0, 0, 0, 0, 0 }, // U+001D
    { 0, 0, 0, 0, 0, 0, 0 }, // U+001E
    { 0, 0, 0, 0, 0, 0, 0 }, // U+001F
    { 0, 0, 240, 0, 0, 0, 0 }, // U+0020
    { 5, 18, 240, 5, 18, 23, 0 }, // !
    { 9, 7, 240, 3, 18, 16, 23 }, // "
    { 15, 18, 240, 0, 18, 68, 39 }, // #
    { 13, 25, 240, 1, 22, 82, 107 }, // $
    { 15, 18, 240, 0, 18, 68, 189 }, // %
    { 16, 18, 240, 0, 18, 72, 257 }, // &
    { 3, 7, 240, 6, 18, 6, 329 }, // '
    { 9, 24, 240, 4, 21, 54, 335 }, // (
    { 9, 24, 240, 2, 21, 54, 389 }, // )
    { 15, 13, 240, 0, 16, 49, 443 }, // *
    { 13, 12, 240, 1, 14, 39, 492 }, // +
    { 5, 8, 240, 5, 4, 10, 531 }, // ,
    { 9, 2, 240, 3, 9, 5, 541 }, // -
    { 5, 4, 240, 5, 4, 5, 546 }, // .
    { 13, 24, 240, 1, 21, 78, 551 }, // /
    { 11, 18, 240, 2, 18, 50, 629 }, // 0
    { 12, 18, 240, 2, 18, 54, 679 }, // 1
    { 13, 18, 240, 1, 18, 59, 733 }, // 2
    { 12, 18, 240, 1, 18, 54, 792 }, // 3
    { 12, 18, 240, 1, 18, 54, 846 }, // 4
    { 12, 18, 240, 1, 18, 54, 900 }, // 5
    { 13, 18, 240, 1, 18, 59, 954 }, // 6
    { 12, 18, 240, 2, 18, 54, 1013 }, // 7
    { 13, 18, 240, 1, 18, 59, 1067 }, // 8
    { 13, 18, 240, 1, 18, 59, 1126 }, // 9
    { 5, 14, 240, 5, 14, 18, 1185 }, // :
    { 5, 18, 240, 5, 14, 23, 1203 }, // ;
    { 11, 14, 240, 2, 15, 39, 1226 }, // <
    { 11, 8, 240, 2, 12, 22, 1265 }, // =
    { 11, 14, 240, 2, 15, 39, 1287 }, // >
    { 10, 18, 240, 3, 18, 45, 1326 }, // ?
    { 13, 22, 240, 1, 18, 72, 1371 }, // @
    { 13, 18, 240, 1, 18, 59, 1443 }, // A
    { 12, 18, 240, 2, 18, 54, 1502 }, // B
    { 12, 18, 240, 2, 18, 54, 1556 }, // C
    { 11, 18, 240, 2, 18, 50, 1610 }, // D
    { 11, 18, 240, 2, 18, 50, 1660 }, // E
    { 12, 18, 240, 2, 18, 54, 1710 }, // F
    { 11, 18, 240, 2, 18, 50, 1764 }, // G
    { 11, 18, 240, 2, 18, 50, 1814 }, // H
    { 11, 18, 240, 2, 18, 50, 1864 }, // I
    { 12, 18, 240, 1, 18, 54, 1914 }, // J
    { 12, 18, 240, 2, 18, 54, 1968 }, // K
    { 11, 18, 240, 3, 18, 50, 2022 }, // L
    { 13, 18, 240, 1, 18, 59, 2072 }, // M
    { 11, 18, 240, 2, 18, 50, 2131 }, // N
    { 11, 18, 240, 2, 18, 50, 2181 }, // O
    { 12, 18, 240, 2, 18, 54, 2231 }, // P
    { 12, 22, 240, 2, 18, 66, 2285 }, // Q
    { 12, 18, 240, 2, 18, 54, 2351 }, // R
    { 13, 18, 240, 1, 18, 59, 2405 }, // S
    { 13, 18, 240, 1, 18, 59, 2464 }, // T
    { 11, 18, 240, 2, 18, 50, 2523 }, // U
    { 13, 18, 240, 1, 18, 59, 2573 }, // V
    { 15, 18, 240, 0, 18, 68, 2632 }, // W
    { 13, 18, 240, 1, 18, 59, 2700 }, // X
    { 15, 18, 240, 0, 18, 68, 2759 }, // Y
    { 11, 18, 240, 2, 18, 50, 2827 }, // Z
    { 7, 23, 240, 5, 20, 41, 2877 }, // [
    { 13, 24, 240, 1, 21, 78, 2918 }, // <backslash>
    { 7, 23, 240, 3, 20, 41, 2996 }, // ]
    { 11, 10, 240, 2, 19, 28, 3037 }, // ^
    { 13, 2, 240, 1, 0, 7, 3065 }, // _
    { 6, 4, 240, 4, 20, 6, 3072 }, // `
    { 12, 14, 240, 1, 14, 42, 3078 }, // a
    { 11, 18, 240, 2, 18, 50, 3120 }, // b
    { 12, 14, 240, 2, 14, 42, 3170 }, // c
    { 11, 18, 240, 2, 18, 50, 3212 }, // d
    { 11, 14, 240, 2, 14, 39, 3262 }, // e
    { 13, 18, 240, 1, 18, 59, 3301 }, // f
    { 11, 18, 240, 2, 14, 50, 3360 }, // g
    { 11, 18, 240, 2, 18, 50, 3410 }, // h
    { 12, 19, 240, 2, 19, 57, 3460 }, // i
    { 10, 23, 240, 2, 19, 58, 3517 }, // j
    { 12, 18, 240, 2, 18, 54, 3575 }, // k
    { 14, 18, 240, 0, 18, 63, 3629 }, // l
    { 13, 14, 240, 1, 14, 46, 3692 }, // m
    { 11, 14, 240, 2, 14, 39, 3738 }, // n
    { 11, 14, 240, 2, 14, 39, 3777 }, // o
    { 11, 18, 240, 2, 14, 50, 3816 }, // p
    { 11, 18, 240, 2, 14, 50, 3866 }, // q
    { 12, 14, 240, 2, 14, 42, 3916 }, // r
    { 11, 14, 240, 2, 14, 39, 3958 }, // s
    { 12, 18, 240, 1, 18, 54, 3997 }, // t
    { 11, 14, 240, 2, 14, 39, 4051 }, // u
    { 13, 14, 240, 1, 14, 46, 4090 }, // v
    { 15, 14, 240, 0, 14, 53, 4136 }, // w
    { 13, 14, 240, 1, 14, 46, 4189 }, // x
    { 13, 18, 240, 1, 14, 59, 4235 }, // y
    { 11, 14, 240, 2, 14, 39, 4294 }, // z
    { 12, 23, 240, 1, 20, 69, 4333 }, // {
    { 3, 24, 240, 6, 21, 18, 4402 }, // |
    { 12, 23, 240, 2, 20, 69, 4420 }, // }
    { 13, 5, 240, 1, 11, 17, 4489 }, // ~
    { 0, 0, 0, 0, 0, 0, 4506 }, // U+007F
    { 0, 0, 0, 0, 0, 0, 0 }, // U+0080
    { 0, 0, 0, 0, 0, 0, 0 }, // U+0081
    { 0, 0, 0, 0, 0, 0, 0 }, // U+0082
    { 0, 0, 0, 0, 0, 0, 0 }, // U+0083
    { 0, 0, 0, 0, 0, 0, 0 }, // U+0084
    { 0, 0, 0, 0, 0, 0, 0 }, // U+0085
    { 0, 0, 0, 0, 0, 0, 0 }, // U+0086
    { 0, 0, 0, 0, 0, 0, 0 }, // U+0087
    { 0, 0, 0, 0, 0, 0, 0 }, // U+0088
    { 0, 0, 0, 0, 0, 0, 0 }, // U+0089
    { 0, 0, 0, 0, 0, 0, 0 }, // U+008A
    { 0, 0, 0, 0, 0, 0, 0 }, // U+008B
    { 0, 0, 0, 0, 0, 0, 0 }, // U+008C
    { 0, 0, 0, 0, 0, 0, 0 }, // U+008D
    { 0, 0, 0, 0, 0, 0, 0 }, // U+008E
    { 0, 0, 0, 0, 0, 0, 0 }, // U+008F
    { 0, 0, 0, 0, 0, 0, 0 }, // U+0090
    { 0, 0, 0, 0, 0, 0, 0 }, // U+0091
    { 0, 0, 0, 0, 0, 0, 0 }, // U+0092
    { 0, 0, 0, 0, 0, 0, 0 }, // U+0093
    { 0, 0, 0, 0, 0, 0, 0 }, // U+0094
    { 0, 0, 0, 0, 0, 0, 0 }, // U+0095
    { 0, 0, 0, 0, 0, 0, 0 }, // U+0096
    { 0, 0, 0, 0, 0, 0, 0 }, // U+0097
    { 0, 0, 0, 0, 0, 0, 0 }, // U+0098
    { 0, 0, 0, 0, 0, 0, 0 }, // U+0099
    { 0, 0, 0, 0, 0, 0, 0 }, // U+009A
    { 0, 0, 0, 0, 0, 0, 0 }, // U+009B
    { 0, 0, 0, 0, 0, 0, 0 }, // U+009C
    { 0, 0, 0, 0, 0, 0, 0 }, // U+009D
    { 0, 0, 0, 0, 0, 0, 0 }, // U+009E
    { 0, 0, 0, 0, 0, 0, 0 }, // U+009F
    { 0, 0, 240, 0, 0, 0, 0 }, // U+00A0
    { 5, 18, 240, 5, 14, 23, 0 }, // U+00A1
    { 12, 21, 240, 2, 18, 63, 23 }, // U+00A2
    { 13, 18, 240, 1, 18, 59, 86 }, // U+00A3
    { 13, 15, 240, 1, 16, 49, 145 }, // U+00A4
    { 15, 18, 240, 0, 18, 68, 194 }, // U+00A5
    { 3, 23, 240, 6, 20, 18, 262 }, // U+00A6
    { 13, 22, 240, 1, 18, 72, 280 }, // U+00A7
    { 9, 3, 240, 3, 19, 7, 352 }, // U+00A8
    { 13, 18, 240, 1, 20, 59, 359 }, // U+00A9
    { 7, 8, 240, 4, 19, 14, 418 }, // U+00AA
    { 15, 12, 240, 0, 13, 45, 432 }, // U+00AB
    { 11, 5, 240, 2, 10, 14, 477 }, // U+00AC
    { 0, 0, 0, 0, 0, 0, 491 }, // U+00AD
    { 13, 17, 240, 1, 19, 56, 491 }, // U+00AE
    { 9, 2, 240, 3, 19, 5, 547 }, // U+00AF
    { 9, 8, 240, 3, 19, 18, 552 }, // U+00B0
    { 13, 15, 240, 1, 15, 49, 570 }, // U+00B1
    { 9, 11, 240, 3, 21, 25, 619 }, // U+00B2
    { 9, 11, 240, 3, 21, 25, 644 }, // U+00B3
    { 6, 4, 240, 5, 20, 6, 669 }, // U+00B4
    { 11, 18, 240, 2, 14, 50, 675 }, // U+00B5
    { 12, 22, 240, 1, 18, 66, 725 }, // U+00B6
    { 5, 4, 240, 5, 11, 5, 791 }, // U+00B7
    { 6, 6, 240, 5, 0, 9, 796 }, // U+00B8
    { 9, 11, 240, 3, 21, 25, 805 }, // U+00B9
    { 7, 8, 240, 4, 19, 14, 830 }, // U+00BA
    { 15, 12, 240, 0, 13, 45, 844 }, // U+00BB
    { 15, 19, 240, 0, 19, 72, 889 }, // U+00BC
    { 15, 20, 240, 0, 19, 75, 961 }, // U+00BD
    { 15, 19, 240, 0, 19, 72, 1036 }, // U+00BE
    { 10, 18, 240, 2, 14, 45, 1108 }, // U+00BF
    { 13, 24, 240, 1, 24, 78, 1153 }, // U+00C0
    { 13, 24, 240, 1, 24, 78, 1231 }, // U+00C1
    { 13, 24, 240, 1, 24, 78, 1309 }, // U+00C2
    { 13, 23, 240, 1, 23, 75, 1387 }, // U+00C3
    { 13, 23, 240, 1, 23, 75, 1462 }, // U+00C4
    { 13, 24, 240, 1, 24, 78, 1537 }, // U+00C5
    { 15, 18, 240, 0, 18, 68, 1615 }, // U+00C6
    { 12, 24, 240, 2, 18, 72, 1683 }, // U+00C7
    { 11, 24, 240, 2, 24, 66, 1755 }, // U+00C8
    { 11, 24, 240, 2, 24, 66, 1821 }, // U+00C9
    { 11, 24, 240, 2, 24, 66, 1887 }, // U+00CA
    { 11, 23, 240, 2, 23, 64, 1953 }, // U+00CB
    { 11, 24, 240, 2, 24, 66, 2017 }, // U+00CC
    { 11, 24, 240, 2, 24, 66, 2083 }, // U+00CD
    { 11, 24, 240, 2, 24, 66, 2149 }, // U+00CE
    { 11, 23, 240, 2, 23, 64, 2215 }, // U+00CF
    { 13, 18, 240, 0, 18, 59, 2279 }, // U+00D0
    { 11, 23, 240, 2, 23, 64, 2338 }, // U+00D1
    { 11, 24, 240, 2, 24, 66, 2402 }, // U+00D2
    { 11, 24, 240, 2, 24, 66, 2468 }, // U+00D3
    { 11, 24, 240, 2, 24, 66, 2534 }, // U+00D4
    { 11, 23, 240, 2, 23, 64, 2600 }, // U+00D5
    { 11, 23, 240, 2, 23, 64, 2664 }, // U+00D6
    { 11, 11, 240, 2, 14, 31, 2728 }, // U+00D7
    { 15, 20, 240, 0, 19, 75, 2759 }, // U+00D8
    { 11, 24, 240, 2, 24, 66, 2834 }, // U+00D9
    { 11, 24, 240, 2, 24, 66, 2900 }, // U+00DA
    { 11, 24, 240, 2, 24, 66, 2966 }, // U+00DB
    { 11, 23, 240, 2, 23, 64, 3032 }, // U+00DC
    { 15, 24, 240, 0, 24, 90, 3096 }, // U+00DD
    { 12, 18, 240, 2, 18, 54, 3186 }, // U+00DE
    { 12, 18, 240, 2, 18, 54, 3240 }, // U+00DF
    { 12, 20, 240, 1, 20, 60, 3294 }, // U+00E0
    { 12, 20, 240, 1, 20, 60, 3354 }, // U+00E1
    { 12, 20, 240, 1, 20, 60, 3414 }, // U+00E2
    { 12, 19, 240, 1, 19, 57, 3474 }, // U+00E3
    { 12, 19, 240, 1, 19, 57, 3531 }, // U+00E4
    { 12, 20, 240, 1, 20, 60, 3588 }, // U+00E5
    { 15, 14, 240, 0, 14, 53, 3648 }, // U+00E6
    { 12, 20, 240, 2, 14, 60, 3701 }, // U+00E7
    { 11, 20, 240, 2, 20, 55, 3761 }, // U+00E8
    { 11, 20, 240, 2, 20, 55, 3816 }, // U+00E9
    { 11, 20, 240, 2, 20, 55, 3871 }, // U+00EA
    { 11, 19, 240, 2, 19, 53, 3926 }, // U+00EB
    { 12, 20, 240, 2, 20, 60, 3979 }, // U+00EC
    { 12, 20, 240, 2, 20, 60, 4039 }, // U+00ED
    { 12, 20, 240, 2, 20, 60, 4099 }, // U+00EE
    { 12, 19, 240, 2, 19, 57, 4159 }, // U+00EF
    { 13, 19, 240, 1, 19, 62, 4216 }, // U+00F0
    { 11, 19, 240, 2, 19, 53, 4278 }, // U+00F1
    { 11, 20, 240, 2, 20, 55, 4331 }, // U+00F2
    { 11, 20, 240, 2, 20, 55, 4386 }, // U+00F3
    { 11, 20, 240, 2, 20, 55, 4441 }, // U+00F4
    { 11, 19, 240, 2, 19, 53, 4496 }, // U+00F5
    { 11, 19, 240, 2, 19, 53, 4549 }, // U+00F6
    { 11, 14, 240, 2, 15, 39, 4602 }, // U+00F7
    { 15, 16, 240, 0, 15, 60, 4641 }, // U+00F8
    { 11, 20, 240, 2, 20, 55, 4701 }, // U+00F9
    { 11, 20, 240, 2, 20, 55, 4756 }, // U+00FA
    { 11, 20, 240, 2, 20, 55, 4811 }, // U+00FB
    { 11, 19, 240, 2, 19, 53, 4866 }, // U+00FC
    { 13, 24, 240, 1, 20, 78, 4919 }, // U+00FD
    { 11, 22, 240, 2, 18, 61, 4997 }, // U+00FE
    { 13, 23, 240, 1, 19, 75, 5058 }, // U+00FF
    { 13, 23, 240, 1, 23, 75, 0 }, // U+0100
    { 12, 19, 240, 1, 19, 57, 75 }, // U+0101
    { 13, 24, 240, 1, 24, 78, 132 }, // U+0102
    { 12, 20, 240, 1, 20, 60, 210 }, // U+0103
    { 14, 23, 240, 1, 18, 81, 270 }, // U+0104
    { 14, 19, 240, 1, 14, 67, 351 }, // U+0105
    { 12, 24, 240, 2, 24, 72, 418 }, // U+0106
    { 12, 20, 240, 2, 20, 60, 490 }, // U+0107
    { 12, 24, 240, 2, 24, 72, 550 }, // U+0108
    { 12, 20, 240, 2, 20, 60, 622 }, // U+0109
    { 12, 23, 240, 2, 23, 69, 682 }, // U+010A
    { 12, 19, 240, 2, 19, 57, 751 }, // U+010B
    { 12, 24, 240, 2, 24, 72, 808 }, // U+010C
    { 12, 20, 240, 2, 20, 60, 880 }, // U+010D
    { 11, 24, 240, 2, 24, 66, 940 }, // U+010E
    { 15, 18, 240, 1, 18, 68, 1006 }, // U+010F
    { 13, 18, 240, 0, 18, 59, 1074 }, // U+0110
    { 13, 18, 240, 2, 18, 59, 1133 }, // U+0111
    { 11, 23, 240, 2, 23, 64, 1192 }, // U+0112
    { 11, 19, 240, 2, 19, 53, 1256 }, // U+0113
    { 11, 24, 240, 2, 24, 66, 1309 }, // U+0114
    { 11, 20, 240, 2, 20, 55, 1375 }, // U+0115
    { 11, 23, 240, 2, 23, 64, 1430 }, // U+0116
    { 11, 19, 240, 2, 19, 53, 1494 }, // U+0117
    { 12, 23, 240, 2, 18, 69, 1547 }, // U+0118
    { 11, 19, 240, 2, 14, 53, 1616 }, // U+0119
    { 11, 24, 240, 2, 24, 66, 1669 }, // U+011A
    { 11, 20, 240, 2, 20, 55, 1735 }, // U+011B
    { 11, 24, 240, 2, 24, 66, 1790 }, // U+011C
    { 11, 24, 240, 2, 20, 66, 1856 }, // U+011D
    { 11, 24, 240, 2, 24, 66, 1922 }, // U+011E
    { 11, 24, 240, 2, 20, 66, 1988 }, // U+011F
    { 11, 23, 240, 2, 23, 64, 2054 }, // U+0120
    { 11, 23, 240, 2, 19, 64, 2118 }, // U+0121
    { 11, 24, 240, 2, 18, 66, 2182 }, // U+0122
    { 11, 26, 240, 2, 22, 72, 2248 }, // U+0123
    { 11, 24, 240, 2, 24, 66, 2320 }, // U+0124
    { 15, 25, 240, -2, 25, 94, 2386 }, // U+0125
    { 15, 18, 240, 0, 18, 68, 2480 }, // U+0126
    { 13, 18, 240, 0, 18, 59, 2548 }, // U+0127
    { 11, 23, 240, 2, 23, 64, 2607 }, // U+0128
    { 12, 19, 240, 2, 19, 57, 2671 }, // U+0129
    { 11, 23, 240, 2, 23, 64, 2728 }, // U+012A
    { 12, 19, 240, 2, 19, 57, 2792 }, // U+012B
    { 11, 24, 240, 2, 24, 66, 2849 }, // U+012C
    { 12, 20, 240, 2, 20, 60, 2915 }, // U+012D
    { 11, 23, 240, 2, 18, 64, 2975 }, // U+012E
    { 12, 24, 240, 2, 19, 72, 3039 }, // U+012F
    { 11, 23, 240, 2, 23, 64, 3111 }, // U+0130
    { 12, 14, 240, 2, 14, 42, 3175 }, // U+0131
    { 15, 24, 240, 1, 24, 90, 3217 }, // U+0134
    { 13, 24, 240, 2, 20, 78, 3307 }, // U+0135
    { 12, 24, 240, 2, 18, 72, 3385 }, // U+0136
    { 12, 24, 240, 2, 18, 72, 3457 }, // U+0137
    { 13, 14, 240, 2, 14, 46, 3529 }, // U+0138
    { 12, 24, 240, 2, 24, 72, 3575 }, // U+0139
    { 14, 24, 240, 0, 24, 84, 3647 }, // U+013A
    { 11, 24, 240, 3, 18, 66, 3731 }, // U+013B
    { 14, 24, 240, 0, 18, 84, 3797 }, // U+013C
    { 11, 18, 240, 3, 18, 50, 3881 }, // U+013D
    { 14, 18, 240, 0, 18, 63, 3931 }, // U+013E
    { 11, 18, 240, 3, 18, 50, 3994 }, // U+013F
    { 16, 18, 240, 0, 18, 72, 4044 }, // U+0140
    { 14, 18, 240, 0, 18, 63, 4116 }, // U+0141
    { 14, 18, 240, 0, 18, 63, 4179 }, // U+0142
    { 11, 24, 240, 2, 24, 66, 4242 }, // U+0143
    { 11, 20, 240, 2, 20, 55, 4308 }, // U+0144
    { 11, 24, 240, 2, 18, 66, 4363 }, // U+0145
    { 11, 20, 240, 2, 14, 55, 4429 }, // U+0146
    { 11, 24, 240, 2, 24, 66, 4484 }, // U+0147
    { 11, 20, 240, 2, 20, 55, 4550 }, // U+0148
    { 14, 20, 240, -1, 20, 70, 4605 }, // U+0149
    { 11, 22, 240, 2, 18, 61, 4675 }, // U+014A
    { 11, 18, 240, 2, 14, 50, 4736 }, // U+014B
    { 11, 23, 240, 2, 23, 64, 4786 }, // U+014C
    { 11, 19, 240, 2, 19, 53, 4850 }, // U+014D
    { 11, 24, 240, 2, 24, 66, 4903 }, // U+014E
    { 11, 20, 240, 2, 20, 55, 4969 }, // U+014F
    { 12, 24, 240, 2, 24, 72, 5024 }, // U+0150
    { 12, 20, 240, 2, 20, 60, 5096 }, // U+0151
    { 14, 18, 240, 1, 18, 63, 5156 }, // U+0152
    { 15, 14, 240, 0, 14, 53, 5219 }, // U+0153
    { 12, 24, 240, 2, 24, 72, 5272 }, // U+0154
    { 12, 20, 240, 2, 20, 60, 5344 }, // U+0155
    { 12, 24, 240, 2, 18, 72, 5404 }, // U+0156
    { 14, 20, 240, 0, 14, 70, 5476 }, // U+0157
    { 12, 24, 240, 2, 24, 72, 5546 }, // U+0158
    { 12, 20, 240, 2, 20, 60, 5618 }, // U+0159
    { 13, 24, 240, 1, 24, 78, 5678 }, // U+015A
    { 11, 20, 240, 2, 20, 55, 5756 }, // U+015B
    { 13, 24, 240, 1, 24, 78, 5811 }, // U+015C
    { 11, 20, 240, 2, 20, 55, 5889 }, // U+015D
    { 13, 24, 240, 1, 18, 78, 5944 }, // U+015E
    { 11, 20, 240, 2, 14, 55, 6022 }, // U+015F
    { 13, 24, 240, 1, 24, 78, 6077 }, // U+0160
    { 11, 20, 240, 2, 20, 55, 6155 }, // U+0161
    { 13, 24, 240, 1, 18, 78, 6210 }, // U+0162
    { 12, 24, 240, 1, 18, 72, 6288 }, // U+0163
    { 13, 24, 240, 1, 24, 78, 6360 }, // U+0164
    { 12, 20, 240, 1, 20, 60, 6438 }, // U+0165
    { 13, 18, 240, 1, 18, 59, 6498 }, // U+0166
    { 12, 18, 240, 1, 18, 54, 6557 }, // U+0167
    { 11, 23, 240, 2, 23, 64, 6611 }, // U+0168
    { 11, 19, 240, 2, 19, 53, 6675 }, // U+0169
    { 11, 23, 240, 2, 23, 64, 6728 }, // U+016A
    { 11, 19, 240, 2, 19, 53, 6792 }, // U+016B
    { 11, 24, 240, 2, 24, 66, 6845 }, // U+016C
    { 11, 20, 240, 2, 20, 55, 6911 }, // U+016D
    { 11, 24, 240, 2, 24, 66, 6966 }, // U+016E
    { 11, 20, 240, 2, 20, 55, 7032 }, // U+016F
    { 12, 24, 240, 2, 24, 72, 7087 }, // U+0170
    { 12, 20, 240, 2, 20, 60, 7159 }, // U+0171
    { 11, 23, 240, 2, 18, 64, 7219 }, // U+0172
    { 11, 19, 240, 2, 14, 53, 7283 }, // U+0173
    { 15, 24, 240, 0, 24, 90, 7336 }, // U+0174
    { 15, 20, 240, 0, 20, 75, 7426 }, // U+0175
    { 15, 24, 240, 0, 24, 90, 7501 }, // U+0176
    { 13, 24, 240, 1, 20, 78, 7591 }, // U+0177
    { 15, 23, 240, 0, 23, 87, 7669 }, // U+0178
    { 11, 24, 240, 2, 24, 66, 7756 }, // U+0179
    { 11, 20, 240, 2, 20, 55, 7822 }, // U+017A
    { 11, 23, 240, 2, 23, 64, 7877 }, // U+017B
    { 11, 19, 240, 2, 19, 53, 7941 }, // U+017C
    { 11, 24, 240, 2, 24, 66, 7994 }, // U+017D
    { 11, 20, 240, 2, 20, 55, 8060 }, // U+017E
    { 9, 18, 240, 4, 18, 41, 8115 }, // U+017F
    { 12, 21, 240, 2, 21, 63, 0 }, // U+01A0
    { 12, 16, 240, 2, 16, 48, 63 }, // U+01A1
    { 13, 21, 240, 2, 21, 69, 111 }, // U+01AF
    { 13, 17, 240, 2, 17, 56, 180 }, // U+01B0
    { 13, 24, 240, 1, 24, 78, 236 }, // U+01CD
    { 12, 20, 240, 1, 20, 60, 314 }, // U+01CE
    { 12, 20, 240, 2, 20, 60, 374 }, // U+01D0
    { 11, 20, 240, 2, 20, 55, 434 }, // U+01D2
    { 11, 20, 240, 2, 20, 55, 489 }, // U+01D4
    { 11, 25, 240, 2, 25, 69, 544 }, // U+01D6
    { 11, 26, 240, 2, 26, 72, 613 }, // U+01D8
    { 11, 26, 240, 2, 26, 72, 685 }, // U+01DA
    { 11, 26, 240, 2, 26, 72, 757 }, // U+01DC
    { 11, 24, 240, 2, 24, 66, 829 }, // U+01E6
    { 11, 24, 240, 2, 20, 66, 895 }, // U+01E7
    { 11, 23, 240, 2, 18, 64, 961 }, // U+01EA
    { 11, 19, 240, 2, 14, 53, 1025 }, // U+01EB
    { 11, 24, 240, 2, 24, 66, 1078 }, // U+01F4
    { 11, 24, 240, 2, 20, 66, 1144 }, // U+01F5
    { 15, 24, 240, 0, 24, 90, 1210 }, // U+01FC
    { 15, 20, 240, 0, 20, 75, 1300 }, // U+01FD
    { 15, 25, 240, 0, 24, 94, 1375 }, // U+01FE
    { 15, 21, 240, 0, 20, 79, 1469 }, // U+01FF
    { 13, 24, 240, 1, 18, 78, 1548 }, // U+0218
    { 11, 20, 240, 2, 14, 55, 1626 }, // U+0219
    { 13, 24, 240, 1, 18, 78, 1681 }, // U+021A
    { 12, 24, 240, 1, 18, 72, 1759 }, // U+021B
    { 6, 4, 0, -11, 20, 6, 0 }, // U+0300
    { 6, 4, 0, -10, 20, 6, 6 }, // U+0301
    { 11, 4, 0, -13, 20, 11, 12 }, // U+0302
    { 9, 3, 0, -12, 19, 7, 23 }, // U+0303
    { 9, 2, 0, -12, 19, 5, 30 }, // U+0304
    { 9, 4, 0, -12, 20, 9, 35 }, // U+0306
    { 5, 3, 0, -10, 19, 4, 44 }, // U+0307
    { 9, 3, 0, -12, 19, 7, 48 }, // U+0308
    { 5, 5, 0, -10, 21, 7, 55 }, // U+0309
    { 7, 6, 0, -11, 20, 11, 62 }, // U+030A
    { 11, 4, 0, -12, 20, 11, 73 }, // U+030B
    { 11, 4, 0, -13, 20, 11, 84 }, // U+030C
    { 11, 4, 0, -14, 20, 11, 95 }, // U+030F
    { 6, 6, 0, -10, 22, 9, 106 }, // U+0312
    { 4, 5, 0, -6, 17, 5, 115 }, // U+031B
    { 5, 3, 0, -10, -2, 4, 120 }, // U+0323
    { 7, 6, 0, -11, -1, 11, 124 }, // U+0325
    { 6, 4, 0, -11, -2, 6, 135 }, // U+0326
    { 6, 6, 0, -10, 0, 9, 141 }, // U+0327
    { 6, 6, 0, -11, 1, 9, 150 }, // U+0328
    { 17, 2, 0, -16, 9, 9, 159 }, // U+0336
    { 15, 16, 0, -15, 15, 60, 168 }, // U+0337
    { 11, 19, 0, -13, 16, 53, 228 }, // U+0338
    { 0, 0, 0, 0, 0, 0, 281 }, // U+034F
    { 11, 23, 240, 2, 23, 64, 0 }, // U+0401
    { 14, 22, 240, 0, 18, 77, 64 }, // U+0402
    { 11, 24, 240, 3, 24, 66, 141 }, // U+0403
    { 12, 18, 240, 2, 18, 54, 207 }, // U+0404
    { 13, 18, 240, 1, 18, 59, 261 }, // U+0405
    { 11, 18, 240, 2, 18, 50, 320 }, // U+0406
    { 11, 23, 240, 2, 23, 64, 370 }, // U+0407
    { 12, 18, 240, 1, 18, 54, 434 }, // U+0408
    { 16, 18, 240, -1, 18, 72, 488 }, // U+0409
    { 14, 18, 240, 1, 18, 63, 560 }, // U+040A
    { 14, 18, 240, 0, 18, 63, 623 }, // U+040B
    { 12, 24, 240, 2, 24, 72, 686 }, // U+040C
    { 13, 24, 240, 1, 24, 78, 758 }, // U+040E
    { 11, 21, 240, 2, 18, 58, 836 }, // U+040F
    { 13, 18, 240, 1, 18, 59, 894 }, // U+0410
    { 12, 18, 240, 2, 18, 54, 953 }, // U+0411
    { 12, 18, 240, 2, 18, 54, 1007 }, // U+0412
    { 11, 18, 240, 3, 18, 50, 1061 }, // U+0413
    { 15, 21, 240, 0, 18, 79, 1111 }, // U+0414
    { 11, 18, 240, 2, 18, 50, 1190 }, // U+0415
    { 15, 18, 240, 0, 18, 68, 1240 }, // U+0416
    { 13, 18, 240, 1, 18, 59, 1308 }, // U+0417
    { 11, 18, 240, 2, 18, 50, 1367 }, // U+0418
    { 11, 24, 240, 2, 24, 66, 1417 }, // U+0419
    { 12, 18, 240, 2, 18, 54, 1483 }, // U+041A
    { 13, 18, 240, 0, 18, 59, 1537 }, // U+041B
    { 13, 18, 240, 1, 18, 59, 1596 }, // U+041C
    { 11, 18, 240, 2, 18, 50, 1655 }, // U+041D
    { 11, 18, 240, 2, 18, 50, 1705 }, // U+041E
    { 11, 18, 240, 2, 18, 50, 1755 }, // U+041F
    { 12, 18, 240, 2, 18, 54, 1805 }, // U+0420
    { 12, 18, 240, 2, 18, 54, 1859 }, // U+0421
    { 13, 18, 240, 1, 18, 59, 1913 }, // U+0422
    { 13, 18, 240, 1, 18, 59, 1972 }, // U+0423
    { 13, 20, 240, 1, 19, 65, 2031 }, // U+0424
    { 13, 18, 240, 1, 18, 59, 2096 }, // U+0425
    { 13, 21, 240, 2, 18, 69, 2155 }, // U+0426
    { 12, 18, 240, 1, 18, 54, 2224 }, // U+0427
    { 13, 18, 240, 1, 18, 59, 2278 }, // U+0428
    { 14, 22, 240, 1, 18, 77, 2337 }, // U+0429
    { 15, 18, 240, -1, 18, 68, 2414 }, // U+042A
    { 13, 18, 240, 1, 18, 59, 2482 }, // U+042B
    { 12, 18, 240, 2, 18, 54, 2541 }, // U+042C
    { 12, 18, 240, 1, 18, 54, 2595 }, // U+042D
    { 14, 18, 240, 1, 18, 63, 2649 }, // U+042E
    { 12, 18, 240, 1, 18, 54, 2712 }, // U+042F
    { 12, 14, 240, 1, 14, 42, 2766 }, // U+0430
    { 11, 19, 240, 2, 19, 53, 2808 }, // U+0431
    { 12, 14, 240, 2, 14, 42, 2861 }, // U+0432
    { 11, 14, 240, 3, 14, 39, 2903 }, // U+0433
    { 15, 17, 240, 0, 14, 64, 2942 }, // U+0434
    { 11, 14, 240, 2, 14, 39, 3006 }, // U+0435
    { 15, 14, 240, 0, 14, 53, 3045 }, // U+0436
    { 13, 14, 240, 1, 14, 46, 3098 }, // U+0437
    { 11, 14, 240, 2, 14, 39, 3144 }, // U+0438
    { 11, 20, 240, 2, 20, 55, 3183 }, // U+0439
    { 13, 14, 240, 2, 14, 46, 3238 }, // U+043A
    { 13, 14, 240, 0, 14, 46, 3284 }, // U+043B
    { 13, 14, 240, 1, 14, 46, 3330 }, // U+043C
    { 11, 14, 240, 2, 14, 39, 3376 }, // U+043D
    { 11, 14, 240, 2, 14, 39, 3415 }, // U+043E
    { 11, 14, 240, 2, 14, 39, 3454 }, // U+043F
    { 11, 18, 240, 2, 14, 50, 3493 }, // U+0440
    { 12, 14, 240, 2, 14, 42, 3543 }, // U+0441
    { 13, 14, 240, 1, 14, 46, 3585 }, // U+0442
    { 13, 18, 240, 1, 14, 59, 3631 }, // U+0443
    { 13, 22, 240, 1, 18, 72, 3690 }, // U+0444
    { 13, 14, 240, 1, 14, 46, 3762 }, // U+0445
    { 13, 17, 240, 2, 14, 56, 3808 }, // U+0446
    { 12, 14, 240, 1, 14, 42, 3864 }, // U+0447
    { 13, 14, 240, 1, 14, 46, 3906 }, // U+0448
    { 14, 18, 240, 1, 14, 63, 3952 }, // U+0449
    { 15, 14, 240, 0, 14, 53, 4015 }, // U+044A
    { 13, 14, 240, 1, 14, 46, 4068 }, // U+044B
    { 12, 14, 240, 2, 14, 42, 4114 }, // U+044C
    { 11, 14, 240, 2, 14, 39, 4156 }, // U+044D
    { 13, 14, 240, 1, 14, 46, 4195 }, // U+044E
    { 12, 14, 240, 1, 14, 42, 4241 }, // U+044F
    { 11, 19, 240, 2, 19, 53, 4283 }, // U+0451
    { 13, 22, 240, 0, 18, 72, 4336 }, // U+0452
    { 11, 20, 240, 3, 20, 55, 4408 }, // U+0453
    { 11, 14, 240, 2, 14, 39, 4463 }, // U+0454
    { 11, 14, 240, 2, 14, 39, 4502 }, // U+0455
    { 12, 19, 240, 2, 19, 57, 4541 }, // U+0456
    { 12, 19, 240, 2, 19, 57, 4598 }, // U+0457
    { 10, 23, 240, 2, 19, 58, 4655 }, // U+0458
    { 15, 14, 240, 0, 14, 53, 4713 }, // U+0459
    { 14, 14, 240, 1, 14, 49, 4766 }, // U+045A
    { 13, 18, 240, 0, 18, 59, 4815 }, // U+045B
    { 13, 20, 240, 2, 20, 65, 4874 }, // U+045C
    { 13, 24, 240, 1, 20, 78, 4939 }, // U+045E
    { 11, 17, 240, 2, 14, 47, 5017 }, // U+045F
    { 11, 21, 240, 3, 21, 58, 5064 }, // U+0490
    { 11, 17, 240, 3, 17, 47, 5122 }, // U+0491
    { 14, 18, 240, 0, 18, 63, 5169 }, // U+0492
    { 13, 14, 240, 1, 14, 46, 5232 }, // U+0493
    { 13, 21, 240, 2, 18, 69, 5278 }, // U+049A
    { 13, 17, 240, 2, 14, 56, 5347 }, // U+049B
    { 12, 21, 240, 2, 18, 63, 5403 }, // U+04A2
    { 12, 17, 240, 2, 14, 51, 5466 }, // U+04A3
    { 15, 18, 240, 0, 18, 68, 5517 }, // U+04AE
    { 13, 18, 240, 1, 14, 59, 5585 }, // U+04AF
    { 15, 18, 240, 0, 18, 68, 5644 }, // U+04B0
    { 13, 18, 240, 1, 14, 59, 5712 }, // U+04B1
    { 13, 21, 240, 1, 18, 69, 5771 }, // U+04B6
    { 13, 17, 240, 1, 14, 56, 5840 }, // U+04B7
    { 12, 18, 240, 2, 18, 54, 5896 }, // U+04BA
    { 12, 14, 240, 2, 14, 42, 5950 }, // U+04BB
    { 11, 18, 240, 2, 18, 50, 5992 }, // U+04D8
    { 11, 14, 240, 2, 14, 39, 6042 }, // U+04D9
    { 15, 23, 240, 0, 23, 87, 6081 }, // U+04DC
    { 15, 19, 240, 0, 19, 72, 6168 }, // U+04DD
    { 13, 23, 240, 1, 23, 75, 6240 }, // U+04DE
    { 13, 19, 240, 1, 19, 62, 6315 }, // U+04DF
    { 11, 23, 240, 2, 23, 64, 6377 }, // U+04E4
    { 11, 19, 240, 2, 19, 53, 6441 }, // U+04E5
    { 11, 23, 240, 2, 23, 64, 6494 }, // U+04E6
    { 11, 19, 240, 2, 19, 53, 6558 }, // U+04E7
    { 11, 18, 240, 2, 18, 50, 6611 }, // U+04E8
    { 11, 14, 240, 2, 14, 39, 6661 }, // U+04E9
    { 12, 23, 240, 1, 23, 69, 6700 }, // U+04F4
    { 12, 19, 240, 1, 19, 57, 6769 }, // U+04F5
    { 13, 23, 240, 1, 18, 75, 0 }, // U+1EA0
    { 12, 19, 240, 1, 14, 57, 75 }, // U+1EA1
    { 13, 25, 240, 1, 25, 82, 132 }, // U+1EA2
    { 12, 21, 240, 1, 21, 63, 214 }, // U+1EA3
    { 15, 26, 240, 1, 26, 98, 277 }, // U+1EA4
    { 15, 23, 240, 1, 23, 87, 375 }, // U+1EA5
    { 13, 26, 240, 1, 26, 85, 462 }, // U+1EA6
    { 13, 22, 240, 1, 22, 72, 547 }, // U+1EA7
    { 13, 26, 240, 1, 26, 85, 619 }, // U+1EA8
    { 13, 24, 240, 1, 24, 78, 704 }, // U+1EA9
    { 13, 25, 240, 1, 25, 82, 782 }, // U+1EAA
    { 12, 25, 240, 1, 25, 75, 864 }, // U+1EAB
    { 13, 29, 240, 1, 24, 95, 939 }, // U+1EAC
    { 12, 25, 240, 1, 20, 75, 1034 }, // U+1EAD
    { 13, 26, 240, 1, 26, 85, 1109 }, // U+1EAE
    { 12, 23, 240, 1, 23, 69, 1194 }, // U+1EAF
    { 13, 26, 240, 1, 26, 85, 1263 }, // U+1EB0
    { 12, 23, 240, 1, 23, 69, 1348 }, // U+1EB1
    { 13, 26, 240, 1, 26, 85, 1417 }, // U+1EB2
    { 12, 23, 240, 1, 23, 69, 1502 }, // U+1EB3
    { 13, 26, 240, 1, 26, 85, 1571 }, // U+1EB4
    { 12, 24, 240, 1, 24, 72, 1656 }, // U+1EB5
    { 13, 29, 240, 1, 24, 95, 1728 }, // U+1EB6
    { 12, 25, 240, 1, 20, 75, 1823 }, // U+1EB7
    { 11, 23, 240, 2, 18, 64, 1898 }, // U+1EB8
    { 11, 19, 240, 2, 14, 53, 1962 }, // U+1EB9
    { 11, 25, 240, 2, 25, 69, 2015 }, // U+1EBA
    { 11, 21, 240, 2, 21, 58, 2084 }, // U+1EBB
    { 11, 23, 240, 2, 23, 64, 2142 }, // U+1EBC
    { 11, 19, 240, 2, 19, 53, 2206 }, // U+1EBD
    { 14, 26, 240, 2, 26, 91, 2259 }, // U+1EBE
    { 14, 23, 240, 2, 23, 81, 2350 }, // U+1EBF
    { 12, 26, 240, 2, 26, 78, 2431 }, // U+1EC0
    { 12, 22, 240, 2, 22, 66, 2509 }, // U+1EC1
    { 12, 26, 240, 2, 26, 78, 2575 }, // U+1EC2
    { 12, 24, 240, 2, 24, 72, 2653 }, // U+1EC3
    { 11, 25, 240, 2, 25, 69, 2725 }, // U+1EC4
    { 11, 25, 240, 2, 25, 69, 2794 }, // U+1EC5
    { 11, 29, 240, 2, 24, 80, 2863 }, // U+1EC6
    { 11, 25, 240, 2, 20, 69, 2943 }, // U+1EC7
    { 11, 25, 240, 2, 25, 69, 3012 }, // U+1EC8
    { 12, 21, 240, 2, 21, 63, 3081 }, // U+1EC9
    { 11, 23, 240, 2, 18, 64, 3144 }, // U+1ECA
    { 12, 24, 240, 2, 19, 72, 3208 }, // U+1ECB
    { 11, 23, 240, 2, 18, 64, 3280 }, // U+1ECC
    { 11, 19, 240, 2, 14, 53, 3344 }, // U+1ECD
    { 11, 25, 240, 2, 25, 69, 3397 }, // U+1ECE
    { 11, 21, 240, 2, 21, 58, 3466 }, // U+1ECF
    { 14, 26, 240, 2, 26, 91, 3524 }, // U+1ED0
    { 14, 23, 240, 2, 23, 81, 3615 }, // U+1ED1
    { 12, 26, 240, 2, 26, 78, 3696 }, // U+1ED2
    { 12, 22, 240, 2, 22, 66, 3774 }, // U+1ED3
    { 12, 26, 240, 2, 26, 78, 3840 }, // U+1ED4
    { 12, 24, 240, 2, 24, 72, 3918 }, // U+1ED5
    { 11, 25, 240, 2, 25, 69, 3990 }, // U+1ED6
    { 11, 25, 240, 2, 25, 69, 4059 }, // U+1ED7
    { 11, 29, 240, 2, 24, 80, 4128 }, // U+1ED8
    { 11, 25, 240, 2, 20, 69, 4208 }, // U+1ED9
    { 12, 24, 240, 2, 24, 72, 4277 }, // U+1EDA
    { 12, 20, 240, 2, 20, 60, 4349 }, // U+1EDB
    { 12, 24, 240, 2, 24, 72, 4409 }, // U+1EDC
    { 12, 20, 240, 2, 20, 60, 4481 }, // U+1EDD
    { 12, 25, 240, 2, 25, 75, 4541 }, // U+1EDE
    { 12, 21, 240, 2, 21, 63, 4616 }, // U+1EDF
    { 12, 23, 240, 2, 23, 69, 4679 }, // U+1EE0
    { 12, 19, 240, 2, 19, 57, 4748 }, // U+1EE1
    { 12, 26, 240, 2, 21, 78, 4805 }, // U+1EE2
    { 12, 21, 240, 2, 16, 63, 4883 }, // U+1EE3
    { 11, 23, 240, 2, 18, 64, 4946 }, // U+1EE4
    { 11, 19, 240, 2, 14, 53, 5010 }, // U+1EE5
    { 11, 25, 240, 2, 25, 69, 5063 }, // U+1EE6
    { 11, 21, 240, 2, 21, 58, 5132 }, // U+1EE7
    { 13, 24, 240, 2, 24, 78, 5190 }, // U+1EE8
    { 13, 20, 240, 2, 20, 65, 5268 }, // U+1EE9
    { 13, 24, 240, 2, 24, 78, 5333 }, // U+1EEA
    { 13, 20, 240, 2, 20, 65, 5411 }, // U+1EEB
    { 13, 25, 240, 2, 25, 82, 5476 }, // U+1EEC
    { 13, 21, 240, 2, 21, 69, 5558 }, // U+1EED
    { 13, 23, 240, 2, 23, 75, 5627 }, // U+1EEE
    { 13, 19, 240, 2, 19, 62, 5702 }, // U+1EEF
    { 13, 26, 240, 2, 21, 85, 5764 }, // U+1EF0
    { 13, 22, 240, 2, 17, 72, 5849 }, // U+1EF1
    { 15, 24, 240, 0, 24, 90, 5921 }, // U+1EF2
    { 13, 24, 240, 1, 20, 78, 6011 }, // U+1EF3
    { 15, 23, 240, 0, 18, 87, 6089 }, // U+1EF4
    { 13, 19, 240, 1, 14, 62, 6176 }, // U+1EF5
    { 15, 25, 240, 0, 25, 94, 6238 }, // U+1EF6
    { 13, 25, 240, 1, 21, 82, 6332 }, // U+1EF7
    { 15, 23, 240, 0, 23, 87, 6414 }, // U+1EF8
    { 13, 23, 240, 1, 19, 75, 6501 }, // U+1EF9
    { 0, 0, 240, 0, 0, 0, 0 }, // U+2001
    { 0, 0, 0, 0, 0, 0, 0 }, // U+200B
    { 0, 0, 0, 0, 0, 0, 0 }, // U+200C
    { 0, 0, 0, 0, 0, 0, 0 }, // U+200D
    { 0, 0, 0, 0, 0, 0, 0 }, // U+200E
    { 0, 0, 0, 0, 0, 0, 0 }, // U+200F
    { 9, 2, 240, 3, 9, 5, 0 }, // U+2010
    { 11, 2, 240, 2, 9, 6, 5 }, // U+2013
    { 15, 2, 240, 0, 9, 8, 11 }, // U+2014
    { 9, 24, 240, 3, 21, 54, 19 }, // U+2016
    { 5, 8, 240, 5, 18, 10, 73 }, // U+2018
    { 5, 8, 240, 5, 19, 10, 83 }, // U+2019
    { 5, 8, 240, 5, 4, 10, 93 }, // U+201A
    { 5, 8, 240, 5, 18, 10, 103 }, // U+201B
    { 11, 8, 240, 2, 18, 22, 113 }, // U+201C
    { 11, 8, 240, 2, 19, 22, 135 }, // U+201D
    { 11, 8, 240, 2, 4, 22, 157 }, // U+201E
    { 11, 8, 240, 2, 18, 22, 179 }, // U+201F
    { 11, 24, 240, 2, 21, 66, 201 }, // U+2020
    { 11, 24, 240, 2, 22, 66, 267 }, // U+2021
    { 7, 6, 240, 4, 12, 11, 333 }, // U+2022
    { 5, 4, 240, 5, 4, 5, 344 }, // U+2024
    { 13, 4, 240, 1, 4, 13, 349 }, // U+2026
    { 0, 0, 0, 0, 0, 0, 362 }, // U+202A
    { 0, 0, 0, 0, 0, 0, 362 }, // U+202B
    { 0, 0, 0, 0, 0, 0, 362 }, // U+202C
    { 0, 0, 0, 0, 0, 0, 362 }, // U+202D
    { 0, 0, 0, 0, 0, 0, 362 }, // U+202E
    { 17, 18, 240, -1, 18, 77, 362 }, // U+2030
    { 5, 8, 240, 5, 18, 10, 439 }, // U+2032
    { 11, 8, 240, 2, 19, 22, 449 }, // U+2033
    { 15, 8, 240, 0, 18, 30, 471 }, // U+2034
    { 9, 12, 240, 3, 13, 27, 501 }, // U+2039
    { 9, 12, 240, 3, 13, 27, 528 }, // U+203A
    { 11, 18, 240, 2, 18, 50, 555 }, // U+203C
    { 10, 18, 240, 3, 18, 45, 605 }, // U+203D
    { 17, 2, 240, -1, 21, 9, 650 }, // U+203E
    { 15, 5, 240, 0, 1, 19, 659 }, // U+203F
    { 15, 18, 240, 0, 18, 68, 678 }, // U+2044
    { 7, 23, 240, 5, 20, 41, 746 }, // U+2045
    { 7, 23, 240, 3, 20, 41, 787 }, // U+2046
    { 0, 0, 0, 0, 0, 0, 828 }, // U+2060
    { 0, 0, 0, 0, 0, 0, 828 }, // U+2061
    { 0, 0, 0, 0, 0, 0, 828 }, // U+2062
    { 0, 0, 0, 0, 0, 0, 828 }, // U+2063
    { 0, 0, 0, 0, 0, 0, 828 }, // U+2064
    { 0, 0, 0, 0, 0, 0, 828 }, // U+2066
    { 0, 0, 0, 0, 0, 0, 828 }, // U+2067
    { 0, 0, 0, 0, 0, 0, 828 }, // U+2068
    { 0, 0, 0, 0, 0, 0, 828 }, // U+2069
    { 0, 0, 0, 0, 0, 0, 828 }, // U+206A
    { 0, 0, 0, 0, 0, 0, 828 }, // U+206B
    { 0, 0, 0, 0, 0, 0, 828 }, // U+206C
    { 0, 0, 0, 0, 0, 0, 828 }, // U+206D
    { 0, 0, 0, 0, 0, 0, 828 }, // U+206E
    { 0, 0, 0, 0, 0, 0, 828 }, // U+206F
    { 9, 11, 240, 3, 21, 25, 0 }, // U+2070
    { 9, 11, 240, 3, 21, 25, 25 }, // U+2074
    { 9, 11, 240, 3, 21, 25, 50 }, // U+2075
    { 9, 11, 240, 3, 21, 25, 75 }, // U+2076
    { 9, 11, 240, 3, 21, 25, 100 }, // U+2077
    { 9, 11, 240, 3, 21, 25, 125 }, // U+2078
    { 9, 11, 240, 3, 21, 25, 150 }, // U+2079
    { 7, 7, 240, 4, 15, 13, 175 }, // U+207A
    { 9, 6, 240, 3, 18, 14, 188 }, // U+207C
    { 9, 11, 240, 3, 8, 25, 202 }, // U+2080
    { 9, 11, 240, 3, 8, 25, 227 }, // U+2081
    { 9, 11, 240, 3, 8, 25, 252 }, // U+2082
    { 9, 11, 240, 3, 8, 25, 277 }, // U+2083
    { 9, 11, 240, 3, 8, 25, 302 }, // U+2084
    { 9, 11, 240, 3, 8, 25, 327 }, // U+2085
    { 9, 11, 240, 3, 8, 25, 352 }, // U+2086
    { 9, 11, 240, 3, 8, 25, 377 }, // U+2087
    { 9, 11, 240, 3, 8, 25, 402 }, // U+2088
    { 9, 11, 240, 3, 8, 25, 427 }, // U+2089
    { 13, 20, 240, 2, 18, 65, 0 }, // U+20AB
    { 14, 18, 240, 0, 18, 63, 65 }, // U+20AC
    { 13, 18, 240, 1, 18, 59, 128 }, // U+20AE
    { 13, 18, 240, 1, 18, 59, 187 }, // U+20B4
    { 14, 18, 240, 0, 18, 63, 246 }, // U+20BD
    { 12, 26, 240, 2, 22, 78, 309 }, // U+20BF
    { 15, 14, 240, 0, 15, 53, 0 }, // U+2190
    { 13, 19, 240, 1, 19, 62, 53 }, // U+2191
    { 15, 14, 240, 0, 15, 53, 115 }, // U+2192
    { 13, 19, 240, 1, 18, 62, 168 }, // U+2193
    { 19, 14, 240, -2, 15, 67, 230 }, // U+2194
    { 13, 28, 240, 1, 23, 91, 297 }, // U+2195
    { 13, 13, 240, 1, 18, 43, 388 }, // U+2196
    { 13, 13, 240, 1, 18, 43, 431 }, // U+2197
    { 13, 13, 240, 1, 13, 43, 474 }, // U+2198
    { 13, 13, 240, 1, 13, 43, 517 }, // U+2199
    { 15, 7, 240, 0, 11, 27, 560 }, // U+219D
    { 15, 10, 240, 0, 12, 38, 587 }, // U+219E
    { 15, 10, 240, 0, 12, 38, 625 }, // U+21A0
    { 15, 10, 240, 0, 12, 38, 663 }, // U+21A2
    { 15, 10, 240, 0, 12, 38, 701 }, // U+21A3
    { 11, 14, 240, 2, 14, 39, 739 }, // U+21A5
    { 15, 10, 240, 0, 12, 38, 778 }, // U+21A6
    { 11, 14, 240, 2, 14, 39, 816 }, // U+21A7
    { 15, 16, 240, 0, 19, 60, 855 }, // U+21A9
    { 15, 16, 240, 0, 19, 60, 915 }, // U+21AA
    { 15, 9, 240, 0, 11, 34, 975 }, // U+21AD
    { 7, 26, 240, 6, 22, 46, 1009 }, // U+21BE
    { 15, 16, 240, 0, 15, 60, 1055 }, // U+21C9
    { 15, 16, 240, 0, 16, 60, 1115 }, // U+21D0
    { 17, 26, 240, -1, 22, 111, 1175 }, // U+21D1
    { 15, 16, 240, 0, 16, 60, 1286 }, // U+21D2
    { 17, 26, 240, -1, 21, 111, 1346 }, // U+21D3
    { 19, 16, 240, -2, 16, 76, 1457 }, // U+21D4
    { 15, 15, 240, 0, 16, 57, 1533 }, // U+21DB
    { 11, 20, 240, 2, 20, 55, 1590 }, // U+21DE
    { 11, 19, 240, 2, 18, 53, 1645 }, // U+21DF
    { 15, 10, 240, 0, 13, 38, 1698 }, // U+21E5
    { 15, 21, 240, 0, 20, 79, 1736 }, // U+21E7
    { 15, 16, 240, 0, 16, 60, 1815 }, // U+21E8
    { 15, 20, 240, 0, 20, 75, 1875 }, // U+21EA
    { 13, 19, 240, 1, 18, 62, 0 }, // U+2200
    { 9, 14, 240, 3, 14, 32, 62 }, // U+2201
    { 11, 19, 240, 2, 19, 53, 94 }, // U+2202
    { 11, 19, 240, 2, 19, 53, 147 }, // U+2203
    { 12, 24, 240, 1, 21, 72, 200 }, // U+2204
    { 17, 18, 240, -1, 18, 77, 272 }, // U+2205
    { 13, 18, 240, 1, 18, 59, 349 }, // U+2206
    { 13, 18, 240, 1, 18, 59, 408 }, // U+2207
    { 15, 15, 240, 0, 17, 57, 467 }, // U+2208
    { 15, 21, 240, 0, 20, 79, 524 }, // U+2209
    { 8, 8, 240, 4, 12, 16, 603 }, // U+220A
    { 15, 15, 240, 0, 17, 57, 619 }, // U+220B
    { 15, 21, 240, 0, 20, 79, 676 }, // U+220C
    { 9, 13, 240, 3, 13, 30, 755 }, // U+220E
    { 13, 24, 240, 1, 19, 78, 785 }, // U+220F
    { 13, 23, 240, 1, 19, 75, 863 }, // U+2210
    { 13, 23, 240, 1, 19, 75, 938 }, // U+2211
    { 9, 2, 240, 3, 9, 5, 1013 }, // U+2212
    { 13, 14, 240, 1, 13, 46, 1018 }, // U+2213
    { 15, 18, 240, 0, 18, 68, 1064 }, // U+2215
    { 7, 6, 240, 4, 11, 11, 1132 }, // U+2218
    { 5, 4, 240, 5, 10, 5, 1143 }, // U+2219
    { 15, 19, 240, 0, 19, 72, 1148 }, // U+221A
    { 15, 9, 240, 0, 13, 34, 1220 }, // U+221E
    { 3, 19, 240, 6, 19, 15, 1254 }, // U+2223
    { 9, 19, 240, 3, 19, 43, 1269 }, // U+2224
    { 9, 19, 240, 3, 19, 43, 1312 }, // U+2225
    { 13, 13, 240, 1, 14, 43, 1355 }, // U+2227
    { 13, 13, 240, 1, 14, 43, 1398 }, // U+2228
    { 13, 18, 240, 1, 18, 59, 1441 }, // U+2229
    { 13, 19, 240, 1, 19, 62, 1500 }, // U+222A
    { 14, 23, 240, 0, 19, 81, 1562 }, // U+222B
    { 15, 15, 240, 0, 15, 57, 1643 }, // U+2234
    { 15, 15, 240, 0, 15, 57, 1700 }, // U+2235
    { 5, 14, 240, 5, 14, 18, 1757 }, // U+2236
    { 13, 13, 240, 1, 13, 43, 1775 }, // U+2237
    { 9, 9, 240, 3, 13, 21, 1818 }, // U+2238
    { 15, 11, 240, 0, 14, 42, 1839 }, // U+2239
    { 13, 5, 240, 1, 11, 17, 1881 }, // U+223C
    { 15, 8, 240, 0, 13, 30, 1898 }, // U+223E
    { 13, 10, 240, 1, 14, 33, 1928 }, // U+2243
    { 13, 15, 240, 1, 17, 49, 1961 }, // U+2245
    { 13, 23, 240, 1, 20, 75, 2010 }, // U+2247
    { 13, 12, 240, 1, 14, 39, 2085 }, // U+2248
    { 13, 21, 240, 1, 20, 69, 2124 }, // U+2249
    { 13, 15, 240, 1, 16, 49, 2193 }, // U+224B
    { 13, 11, 240, 1, 14, 36, 2242 }, // U+224D
    { 15, 12, 240, 0, 15, 45, 2278 }, // U+2254
    { 11, 16, 240, 2, 18, 44, 2323 }, // U+2257
    { 11, 18, 240, 2, 20, 50, 2367 }, // U+225F
    { 11, 22, 240, 2, 20, 61, 2417 }, // U+2260
    { 11, 13, 240, 2, 15, 36, 2478 }, // U+2261
    { 11, 21, 240, 2, 19, 58, 2514 }, // U+2262
    { 11, 14, 240, 2, 16, 39, 2572 }, // U+2263
    { 11, 18, 240, 2, 18, 50, 2611 }, // U+2264
    { 11, 18, 240, 2, 18, 50, 2661 }, // U+2265
    { 15, 14, 240, 0, 15, 53, 2711 }, // U+226A
    { 15, 14, 240, 0, 15, 53, 2764 }, // U+226B
    { 9, 18, 240, 3, 16, 41, 2817 }, // U+226C
    { 13, 17, 240, 1, 17, 56, 2858 }, // U+226D
    { 11, 20, 240, 2, 18, 55, 2914 }, // U+226E
    { 11, 20, 240, 2, 18, 55, 2969 }, // U+226F
    { 11, 23, 240, 2, 20, 64, 3024 }, // U+2270
    { 11, 23, 240, 2, 20, 64, 3088 }, // U+2271
    { 13, 19, 240, 1, 19, 62, 3152 }, // U+2272
    { 11, 19, 240, 2, 19, 53, 3214 }, // U+2273
    { 12, 14, 240, 1, 15, 42, 3267 }, // U+227A
    { 12, 14, 240, 2, 15, 42, 3309 }, // U+227B
    { 12, 18, 240, 1, 18, 54, 3351 }, // U+227C
    { 15, 12, 240, 0, 15, 45, 3405 }, // U+2282
    { 15, 12, 240, 0, 15, 45, 3450 }, // U+2283
    { 15, 22, 240, 0, 20, 83, 3495 }, // U+2284
    { 15, 22, 240, 0, 20, 83, 3578 }, // U+2285
    { 15, 17, 240, 0, 17, 64, 3661 }, // U+2286
    { 15, 17, 240, 0, 17, 64, 3725 }, // U+2287
    { 15, 24, 240, 0, 21, 90, 3789 }, // U+2288
    { 15, 24, 240, 0, 21, 90, 3879 }, // U+2289
    { 13, 19, 240, 1, 19, 62, 3969 }, // U+228E
    { 15, 12, 240, 0, 14, 45, 4031 }, // U+228F
    { 15, 12, 240, 0, 14, 45, 4076 }, // U+2290
    { 15, 17, 240, 0, 17, 64, 4121 }, // U+2291
    { 15, 17, 240, 0, 17, 64, 4185 }, // U+2292
    { 13, 15, 240, 1, 14, 49, 4249 }, // U+2293
    { 13, 14, 240, 1, 14, 46, 4298 }, // U+2294
    { 17, 16, 240, -1, 16, 68, 4344 }, // U+2295
    { 17, 16, 240, -1, 16, 68, 4412 }, // U+2296
    { 17, 16, 240, -1, 17, 68, 4480 }, // U+2297
    { 17, 16, 240, -1, 17, 68, 4548 }, // U+2298
    { 17, 16, 240, -1, 15, 68, 4616 }, // U+2299
    { 17, 16, 240, -1, 17, 68, 4684 }, // U+229B
    { 17, 16, 240, -1, 17, 68, 4752 }, // U+229C
    { 17, 16, 240, -1, 17, 68, 4820 }, // U+229D
    { 15, 15, 240, 0, 16, 57, 4888 }, // U+229E
    { 15, 16, 240, 0, 16, 60, 4945 }, // U+229F
    { 15, 16, 240, 0, 16, 60, 5005 }, // U+22A0
    { 15, 16, 240, 0, 16, 60, 5065 }, // U+22A1
    { 15, 16, 240, 0, 16, 60, 5125 }, // U+22A2
    { 15, 16, 240, 0, 16, 60, 5185 }, // U+22A3
    { 15, 15, 240, 0, 15, 57, 5245 }, // U+22A4
    { 15, 15, 240, 0, 15, 57, 5302 }, // U+22A5
    { 11, 18, 240, 2, 18, 50, 5359 }, // U+22B4
    { 15, 5, 240, 0, 11, 19, 5409 }, // U+22B8
    { 13, 18, 240, 1, 18, 59, 5428 }, // U+22BB
    { 13, 17, 240, 1, 19, 56, 5487 }, // U+22BC
    { 13, 17, 240, 1, 19, 56, 5543 }, // U+22BD
    { 13, 18, 240, 1, 18, 59, 5599 }, // U+22C2
    { 13, 19, 240, 1, 19, 62, 5658 }, // U+22C3
    { 9, 8, 240, 3, 12, 18, 5720 }, // U+22C4
    { 7, 7, 240, 4, 12, 13, 5738 }, // U+22C6
    { 15, 16, 240, 0, 17, 60, 5751 }, // U+22C8
    { 15, 16, 240, 0, 17, 60, 5811 }, // U+22C9
    { 15, 16, 240, 0, 17, 60, 5871 }, // U+22CA
    { 15, 14, 240, 0, 14, 53, 5931 }, // U+22CE
    { 15, 15, 240, 0, 17, 57, 5984 }, // U+22D0
    { 15, 24, 240, 0, 21, 90, 6041 }, // U+22E2
    { 5, 16, 240, 5, 17, 20, 6131 }, // U+22EE
    { 17, 4, 240, -1, 11, 17, 6151 }, // U+22EF
    { 17, 16, 240, -1, 17, 68, 6168 }, // U+22F0
    { 17, 16, 240, -1, 17, 68, 6236 }, // U+22F1
    { 17, 3, 240, -1, 11, 13, 0 }, // U+2500
    { 17, 5, 240, -1, 12, 22, 13 }, // U+2501
    { 3, 38, 240, 6, 28, 29, 35 }, // U+2502
    { 5, 38, 240, 5, 28, 48, 64 }, // U+2503
    { 15, 3, 240, 0, 11, 12, 112 }, // U+2504
    { 15, 5, 240, 0, 12, 19, 124 }, // U+2505
    { 3, 29, 240, 6, 24, 22, 143 }, // U+2506
    { 5, 29, 240, 5, 24, 37, 165 }, // U+2507
    { 15, 3, 240, 0, 11, 12, 202 }, // U+2508
    { 15, 5, 240, 0, 12, 19, 214 }, // U+2509
    { 3, 29, 240, 6, 24, 22, 233 }, // U+250A
    { 5, 29, 240, 5, 24, 37, 255 }, // U+250B
    { 10, 21, 240, 6, 11, 53, 292 }, // U+250C
    { 10, 22, 240, 6, 12, 55, 345 }, // U+250D
    { 11, 21, 240, 5, 11, 58, 400 }, // U+250E
    { 11, 22, 240, 5, 12, 61, 458 }, // U+250F
    { 10, 21, 240, -1, 11, 53, 519 }, // U+2510
    { 10, 22, 240, -1, 12, 55, 572 }, // U+2511
    { 11, 21, 240, -1, 11, 58, 627 }, // U+2512
    { 11, 22, 240, -1, 12, 61, 685 }, // U+2513
    { 10, 20, 240, 6, 28, 50, 746 }, // U+2514
    { 10, 22, 240, 6, 29, 55, 796 }, // U+2515
    { 11, 20, 240, 5, 28, 55, 851 }, // U+2516
    { 11, 22, 240, 5, 29, 61, 906 }, // U+2517
    { 10, 20, 240, -1, 28, 50, 967 }, // U+2518
    { 10, 22, 240, -1, 29, 55, 1017 }, // U+2519
    { 11, 20, 240, -1, 28, 55, 1072 }, // U+251A
    { 11, 22, 240, -1, 29, 61, 1127 }, // U+251B
    { 10, 38, 240, 6, 28, 95, 1188 }, // U+251C
    { 10, 39, 240, 6, 29, 98, 1283 }, // U+251D
    { 11, 38, 240, 5, 28, 105, 1381 }, // U+251E
    { 11, 38, 240, 5, 28, 105, 1486 }, // U+251F
    { 11, 38, 240, 5, 28, 105, 1591 }, // U+2520
    { 11, 39, 240, 5, 29, 108, 1696 }, // U+2521
    { 11, 39, 240, 5, 29, 108, 1804 }, // U+2522
    { 11, 39, 240, 5, 29, 108, 1912 }, // U+2523
    { 10, 38, 240, -1, 28, 95, 2020 }, // U+2524
    { 10, 39, 240, -1, 29, 98, 2115 }, // U+2525
    { 11, 38, 240, -1, 28, 105, 2213 }, // U+2526
    { 11, 36, 240, -1, 26, 99, 2318 }, // U+2527
    { 11, 38, 240, -1, 28, 105, 2417 }, // U+2528
    { 11, 39, 240, -1, 29, 108, 2522 }, // U+2529
    { 11, 39, 240, -1, 29, 108, 2630 }, // U+252A
    { 11, 39, 240, -1, 29, 108, 2738 }, // U+252B
    { 17, 21, 240, -1, 11, 90, 2846 }, // U+252C
    { 17, 22, 240, -1, 12, 94, 2936 }, // U+252D
    { 17, 22, 240, -1, 12, 94, 3030 }, // U+252E
    { 17, 22, 240, -1, 12, 94, 3124 }, // U+252F
    { 17, 21, 240, -1, 11, 90, 3218 }, // U+2530
    { 17, 22, 240, -1, 12, 94, 3308 }, // U+2531
    { 17, 22, 240, -1, 12, 94, 3402 }, // U+2532
    { 17, 22, 240, -1, 12, 94, 3496 }, // U+2533
    { 17, 20, 240, -1, 28, 85, 3590 }, // U+2534
    { 17, 22, 240, -1, 29, 94, 3675 }, // U+2535
    { 17, 22, 240, -1, 29, 94, 3769 }, // U+2536
    { 17, 22, 240, -1, 29, 94, 3863 }, // U+2537
    { 17, 20, 240, -1, 28, 85, 3957 }, // U+2538
    { 17, 22, 240, -1, 29, 94, 4042 }, // U+2539
    { 17, 22, 240, -1, 29, 94, 4136 }, // U+253A
    { 17, 22, 240, -1, 29, 94, 4230 }, // U+253B
    { 17, 38, 240, -1, 28, 162, 4324 }, // U+253C
    { 17, 39, 240, -1, 29, 166, 4486 }, // U+253D
    { 17, 39, 240, -1, 29, 166, 4652 }, // U+253E
    { 17, 39, 240, -1, 29, 166, 4818 }, // U+253F
    { 17, 38, 240, -1, 28, 162, 4984 }, // U+2540
    { 17, 38, 240, -1, 28, 162, 5146 }, // U+2541
    { 17, 38, 240, -1, 28, 162, 5308 }, // U+2542
    { 17, 39, 240, -1, 29, 166, 5470 }, // U+2543
    { 17, 39, 240, -1, 29, 166, 5636 }, // U+2544
    { 17, 39, 240, -1, 29, 166, 5802 }, // U+2545
    { 17, 39, 240, -1, 29, 166, 5968 }, // U+2546
    { 17, 39, 240, -1, 29, 166, 6134 }, // U+2547
    { 17, 39, 240, -1, 29, 166, 6300 }, // U+2548
    { 17, 39, 240, -1, 29, 166, 6466 }, // U+2549
    { 17, 39, 240, -1, 29, 166, 6632 }, // U+254A
    { 17, 39, 240, -1, 29, 166, 6798 }, // U+254B
    { 13, 3, 240, 1, 11, 10, 6964 }, // U+254C
    { 13, 5, 240, 1, 12, 17, 6974 }, // U+254D
    { 3, 27, 240, 6, 23, 21, 6991 }, // U+254E
    { 5, 26, 240, 5, 22, 33, 7012 }, // U+254F
    { 17, 8, 240, -1, 14, 34, 7045 }, // U+2550
    { 9, 38, 240, 3, 28, 86, 7079 }, // U+2551
    { 10, 24, 240, 6, 14, 60, 7165 }, // U+2552
    { 13, 21, 240, 3, 11, 69, 7225 }, // U+2553
    { 13, 24, 240, 3, 14, 78, 7294 }, // U+2554
    { 10, 24, 240, -1, 14, 60, 7372 }, // U+2555
    { 13, 21, 240, -1, 11, 69, 7432 }, // U+2556
    { 13, 24, 240, -1, 14, 78, 7501 }, // U+2557
    { 10, 23, 240, 6, 29, 58, 7579 }, // U+2558
    { 13, 20, 240, 3, 28, 65, 7637 }, // U+2559
    { 13, 23, 240, 3, 29, 75, 7702 }, // U+255A
    { 10, 23, 240, -1, 29, 58, 7777 }, // U+255B
    { 13, 20, 240, -1, 28, 65, 7835 }, // U+255C
    { 13, 23, 240, -1, 29, 75, 7900 }, // U+255D
    { 10, 39, 240, 6, 29, 98, 7975 }, // U+255E
    { 13, 38, 240, 3, 28, 124, 8073 }, // U+255F
    { 13, 39, 240, 3, 29, 127, 8197 }, // U+2560
    { 10, 39, 240, -1, 29, 98, 8324 }, // U+2561
    { 13, 38, 240, -1, 28, 124, 8422 }, // U+2562
    { 13, 39, 240, -1, 29, 127, 8546 }, // U+2563
    { 17, 24, 240, -1, 14, 102, 8673 }, // U+2564
    { 17, 21, 240, -1, 11, 90, 8775 }, // U+2565
    { 17, 24, 240, -1, 14, 102, 8865 }, // U+2566
    { 17, 23, 240, -1, 29, 98, 8967 }, // U+2567
    { 17, 20, 240, -1, 28, 85, 9065 }, // U+2568
    { 17, 23, 240, -1, 29, 98, 9150 }, // U+2569
    { 17, 39, 240, -1, 29, 166, 9248 }, // U+256A
    { 17, 38, 240, -1, 28, 162, 9414 }, // U+256B
    { 17, 39, 240, -1, 29, 166, 9576 }, // U+256C
    { 10, 21, 240, 6, 11, 53, 9742 }, // U+256D
    { 10, 21, 240, -1, 11, 53, 9795 }, // U+256E
    { 10, 20, 240, -1, 28, 50, 9848 }, // U+256F
    { 10, 20, 240, 6, 28, 50, 9898 }, // U+2570
    { 17, 26, 240, -1, 22, 111, 9948 }, // U+2571
    { 17, 26, 240, -1, 22, 111, 10059 }, // U+2572
    { 17, 26, 240, -1, 22, 111, 10170 }, // U+2573
    { 10, 3, 240, -1, 11, 8, 10281 }, // U+2574
    { 3, 20, 240, 6, 28, 15, 10289 }, // U+2575
    { 10, 3, 240, 6, 11, 8, 10304 }, // U+2576
    { 3, 21, 240, 6, 11, 16, 10312 }, // U+2577
    { 10, 5, 240, -1, 12, 13, 10328 }, // U+2578
    { 5, 20, 240, 5, 28, 25, 10341 }, // U+2579
    { 10, 5, 240, 6, 12, 13, 10366 }, // U+257A
    { 5, 21, 240, 5, 11, 27, 10379 }, // U+257B
    { 17, 5, 240, -1, 12, 22, 10406 }, // U+257C
    { 5, 38, 240, 5, 28, 48, 10428 }, // U+257D
    { 17, 5, 240, -1, 12, 22, 10476 }, // U+257E
    { 5, 38, 240, 5, 28, 48, 10498 }, // U+257F
    { 17, 19, 240, -1, 19, 81, 0 }, // U+FFFD
};

static const EpdUnicodeInterval jetbrainsmono_12_regularIntervals[] = {
    { 0x0, 0x131, 0x0 },
    { 0x134, 0x17F, 0x132 },
    { 0x1A0, 0x1A1, 0x17E },
    { 0x1AF, 0x1B0, 0x180 },
    { 0x1CD, 0x1CE, 0x182 },
    { 0x1D0, 0x1D0, 0x184 },
    { 0x1D2, 0x1D2, 0x185 },
    { 0x1D4, 0x1D4, 0x186 },
    { 0x1D6, 0x1D6, 0x187 },
    { 0x1D8, 0x1D8, 0x188 },
    { 0x1DA, 0x1DA, 0x189 },
    { 0x1DC, 0x1DC, 0x18A },
    { 0x1E6, 0x1E7, 0x18B },
    { 0x1EA, 0x1EB, 0x18D },
    { 0x1F4, 0x1F5, 0x18F },
    { 0x1FC, 0x1FF, 0x191 },
    { 0x218, 0x21B, 0x195 },
    { 0x300, 0x304, 0x199 },
    { 0x306, 0x30C, 0x19E },
    { 0x30F, 0x30F, 0x1A5 },
    { 0x312, 0x312, 0x1A6 },
    { 0x31B, 0x31B, 0x1A7 },
    { 0x323, 0x323, 0x1A8 },
    { 0x325, 0x328, 0x1A9 },
    { 0x336, 0x338, 0x1AD },
    { 0x34F, 0x34F, 0x1B0 },
    { 0x401, 0x40C, 0x1B1 },
    { 0x40E, 0x44F, 0x1BD },
    { 0x451, 0x45C, 0x1FF },
    { 0x45E, 0x45F, 0x20B },
    { 0x490, 0x493, 0x20D },
    { 0x49A, 0x49B, 0x211 },
    { 0x4A2, 0x4A3, 0x213 },
    { 0x4AE, 0x4B1, 0x215 },
    { 0x4B6, 0x4B7, 0x219 },
    { 0x4BA, 0x4BB, 0x21B },
    { 0x4D8, 0x4D9, 0x21D },
    { 0x4DC, 0x4DF, 0x21F },
    { 0x4E4, 0x4E9, 0x223 },
    { 0x4F4, 0x4F5, 0x229 },
    { 0x1EA0, 0x1EF9, 0x22B },
    { 0x2001, 0x2001, 0x285 },
    { 0x200B, 0x2010, 0x286 },
    { 0x2013, 0x2014, 0x28C },
    { 0x2016, 0x2016, 0x28E },
    { 0x2018, 0x2022, 0x28F },
    { 0x2024, 0x2024, 0x29A },
    { 0x2026, 0x2026, 0x29B },
    { 0x202A, 0x202E, 0x29C },
    { 0x2030, 0x2030, 0x2A1 },
    { 0x2032, 0x2034, 0x2A2 },
    { 0x2039, 0x203A, 0x2A5 },
    { 0x203C, 0x203F, 0x2A7 },
    { 0x2044, 0x2046, 0x2AB },
    { 0x2060, 0x2064, 0x2AE },
    { 0x2066, 0x2070, 0x2B3 },
    { 0x2074, 0x207A, 0x2BE },
    { 0x207C, 0x207C, 0x2C5 },
    { 0x2080, 0x2089, 0x2C6 },
    { 0x20AB, 0x20AC, 0x2D0 },
    { 0x20AE, 0x20AE, 0x2D2 },
    { 0x20B4, 0x20B4, 0x2D3 },
    { 0x20BD, 0x20BD, 0x2D4 },
    { 0x20BF, 0x20BF, 0x2D5 },
    { 0x2190, 0x2199, 0x2D6 },
    { 0x219D, 0x219E, 0x2E0 },
    { 0x21A0, 0x21A0, 0x2E2 },
    { 0x21A2, 0x21A3, 0x2E3 },
    { 0x21A5, 0x21A7, 0x2E5 },
    { 0x21A9, 0x21AA, 0x2E8 },
    { 0x21AD, 0x21AD, 0x2EA },
    { 0x21BE, 0x21BE, 0x2EB },
    { 0x21C9, 0x21C9, 0x2EC },
    { 0x21D0, 0x21D4, 0x2ED },
    { 0x21DB, 0x21DB, 0x2F2 },
    { 0x21DE, 0x21DF, 0x2F3 },
    { 0x21E5, 0x21E5, 0x2F5 },
    { 0x21E7, 0x21E8, 0x2F6 },
    { 0x21EA, 0x21EA, 0x2F8 },
    { 0x2200, 0x220C, 0x2F9 },
    { 0x220E, 0x2213, 0x306 },
    { 0x2215, 0x2215, 0x30C },
    { 0x2218, 0x221A, 0x30D },
    { 0x221E, 0x221E, 0x310 },
    { 0x2223, 0x2225, 0x311 },
    { 0x2227, 0x222B, 0x314 },
    { 0x2234, 0x2239, 0x319 },
    { 0x223C, 0x223C, 0x31F },
    { 0x223E, 0x223E, 0x320 },
    { 0x2243, 0x2243, 0x321 },
    { 0x2245, 0x2245, 0x322 },
    { 0x2247, 0x2249, 0x323 },
    { 0x224B, 0x224B, 0x326 },
    { 0x224D, 0x224D, 0x327 },
    { 0x2254, 0x2254, 0x328 },
    { 0x2257, 0x2257, 0x329 },
    { 0x225F, 0x2265, 0x32A },
    { 0x226A, 0x2273, 0x331 },
    { 0x227A, 0x227C, 0x33B },
    { 0x2282, 0x2289, 0x33E },
    { 0x228E, 0x2299, 0x346 },
    { 0x229B, 0x22A5, 0x352 },
    { 0x22B4, 0x22B4, 0x35D },
    { 0x22B8, 0x22B8, 0x35E },
    { 0x22BB, 0x22BD, 0x35F },
    { 0x22C2, 0x22C4, 0x362 },
    { 0x22C6, 0x22C6, 0x365 },
    { 0x22C8, 0x22CA, 0x366 },
    { 0x22CE, 0x22CE, 0x369 },
    { 0x22D0, 0x22D0, 0x36A },
    { 0x22E2, 0x22E2, 0x36B },
    { 0x22EE, 0x22F1, 0x36C },
    { 0x2500, 0x257F, 0x370 },
    { 0xFFFD, 0xFFFD, 0x3F0 },
};

static const EpdFontGroup jetbrainsmono_12_regularGroups[] = {
    { 0, 1957, 5028, 128, 0 },
    { 1957, 1702, 5676, 128, 128 },
    { 3659, 1955, 8859, 126, 256 },
    { 5614, 687, 2006, 27, 382 },
    { 6301, 232, 326, 24, 409 },
    { 6533, 2098, 7595, 122, 433 },
    { 8631, 1272, 7262, 90, 555 },
    { 9903, 439, 968, 56, 645 },
    { 10342, 231, 593, 19, 701 },
    { 10573, 223, 446, 6, 720 },
    { 10796, 858, 2159, 35, 726 },
    { 11654, 2485, 7134, 119, 761 },
    { 14139, 967, 12449, 128, 880 },
    { 15106, 76, 95, 1, 1008 },
};

static constexpr EpdFontData jetbrainsmono_12_regular = {
    jetbrainsmono_12_regularBitmaps,
    jetbrainsmono_12_regularGlyphs,
    jetbrainsmono_12_regularIntervals,
    114,
    33,
    26,
    -8,
    true,
    jetbrainsmono_12_regularGroups,
    14,
    nullptr,
    nullptr,
    nullptr,
    nullptr,
    nullptr,
    nullptr,
    nullptr,
    nullptr,
    nullptr,
    nullptr,
    nullptr,
    0,
    0,
    0,
    0,
    nullptr,
    0,
};
