/**
 * generated by fontconvert.py
 * name: jetbrainsmono_16_regular
 * size: 16
 * mode: 2-bit  compressed: true
 * Command used: fontconvert.py jetbrainsmono_16_regular 16 ../builtinFonts/source/JetBrainsMono/JetBrainsMono-Regular.ttf --additional-intervals 0x2500,0x257F --2bit --compress --darken-aa --zopfli
 */
#pragma once
#include "EpdFontData.h"

static const uint8_t jetbrainsmono_16_regularBitmaps[21011] = {
    0xBD, 0x99, 0x47, 0x90, 0xE4, 0xCC, 0x52, 0xC7, 0xFF, 0x52, 0x45, 0x3C, 0x11, 0xA1, 0x43, 0xE1,
    0x4E, 0x38, 0xE1, 0x3D, 0xE8, 0x1E, 0xF1, 0x7D, 0x53, 0x8A, 0xDD, 0x3B, 0xFE, 0x0E, 0x47, 0xFC,
    0x1E, 0xB1, 0x33, 0xD2, 0x7B, 0x7B, 0x0F, 0xB8, 0x1F, 0xF0, 0x17, 0x3C, 0xF7, 0xE8, 0x6D, 0x15,
    0xDE, 0x83, 0xF0, 0x1E, 0x84, 0xF7, 0x50, 0x8F, 0x50, 0xC4, 0xD6, 0x7E, 0xA4, 0x94, 0x64, 0xCA,
    0x4C, 0xAB, 0x67, 0x7A, 0xFD, 0xF2, 0xBA, 0xF5, 0xFB, 0xB7, 0x7A, 0x2A, 0xB3, 0x54, 0x95, 0x4A,
    0x95, 0x52, 0x3D, 0xCE, 0xBB, 0xE6, 0xEE, 0xBB, 0xD4, 0x77, 0xB5, 0xBD, 0xB1, 0xBE, 0x9C, 0x6F,
    0xBB, 0xB6, 0x73, 0x4D, 0x9D, 0xD0, 0xED, 0xE6, 0x70, 0x77, 0x83, 0x6D, 0x0A, 0xC0, 0x56, 0x25,
    0x50, 0xE0, 0x0A, 0x28, 0x55, 0x1C, 0xDE, 0x87, 0x7C, 0x7E, 0x2F, 0xE4, 0xF3, 0x00, 0xC7, 0xCC,
    0x61, 0x96, 0x52, 0xA4, 0x07, 0x61, 0x00, 0x62, 0x12, 0x80, 0x21, 0x0D, 0x48, 0x82, 0x09, 0x48,
    0x83, 0xE9, 0xD1, 0x4A, 0x6B, 0x25, 0x70, 0x33, 0x8B, 0xE9, 0x72, 0x8F, 0xCC, 0x5B, 0x8F, 0xDC,
    0xDB, 0x46, 0xA5, 0xDA, 0x1D, 0xCC, 0x42, 0x04, 0x69, 0x03, 0x18, 0x7F, 0x4E, 0x19, 0x91, 0x8A,
    0x7B, 0xCE, 0xDC, 0xDB, 0xA7, 0x7F, 0x33, 0x94, 0xBF, 0xF8, 0x0B, 0xE4, 0x1E, 0x7A, 0x72, 0x66,
    0x06, 0xEE, 0xB1, 0x47, 0xF9, 0x8B, 0x1E, 0xF6, 0xA9, 0x74, 0xCC, 0x9D, 0xD8, 0x4E, 0x80, 0x63,
    0x0F, 0xC3, 0x01, 0xE6, 0x37, 0x23, 0xCC, 0x2F, 0x10, 0x8C, 0x1F, 0x85, 0xE9, 0x68, 0xFC, 0xB1,
    0x95, 0x7D, 0xF7, 0x50, 0xFA, 0xF8, 0xE7, 0xBF, 0x88, 0x96, 0x39, 0x68, 0xDF, 0xF8, 0xD4, 0x7F,
    0xB8, 0x77, 0xDC, 0x6C, 0x02, 0x0E, 0xA5, 0xB4, 0x0D, 0x8E, 0x3B, 0x13, 0x8E, 0x59, 0x9F, 0xFB,
    0x83, 0x09, 0xB6, 0x11, 0x71, 0x10, 0x39, 0xA8, 0x44, 0xD4, 0xF9, 0xDF, 0x07, 0x38, 0xFE, 0x55,
    0x8F, 0x82, 0xBF, 0xB2, 0x41, 0x1A, 0x1D, 0x00, 0x0D, 0x15, 0x10, 0x1F, 0x35, 0x30, 0xFF, 0xC3,
    0x01, 0xD9, 0xAF, 0x32, 0xC1, 0x7E, 0x5F, 0x47, 0x28, 0xAD, 0xBF, 0xC6, 0xB5, 0x6D, 0xDE, 0x47,
    0x14, 0x49, 0xA5, 0xBB, 0xEB, 0xAC, 0xB3, 0xFE, 0x60, 0x65, 0x7E, 0x54, 0xC2, 0xF0, 0x70, 0x0D,
    0xB4, 0x1D, 0xF2, 0x09, 0x00, 0x1C, 0xF7, 0xA2, 0xCC, 0x83, 0xE8, 0x94, 0x12, 0x90, 0x10, 0x46,
    0xD1, 0x88, 0x27, 0x00, 0x48, 0x00, 0xC6, 0x59, 0xDD, 0xAC, 0x85, 0x57, 0x6D, 0xD5, 0x29, 0x9B,
    0x9D, 0x2C, 0xAB, 0x51, 0xD9, 0xB7, 0x68, 0xE1, 0x2A, 0xF7, 0x11, 0x82, 0x83, 0xFD, 0x93, 0x20,
    0x9A, 0x71, 0x27, 0x9A, 0x72, 0x25, 0x0A, 0x86, 0xA8, 0xD1, 0xFD, 0x2A, 0x67, 0x8F, 0xD2, 0x97,
    0xBF, 0x19, 0x60, 0x99, 0x1F, 0x46, 0xB1, 0x1B, 0x31, 0xCE, 0x7D, 0xD6, 0x98, 0xE6, 0xD7, 0xF1,
    0x78, 0x7C, 0x02, 0x7C, 0x03, 0xF2, 0x00, 0x17, 0x12, 0xEE, 0xCC, 0x08, 0x1B, 0xC4, 0x07, 0xAE,
    0x41, 0x0D, 0xB4, 0xC0, 0x38, 0x6F, 0x74, 0x79, 0x5B, 0x5B, 0x8F, 0x50, 0x63, 0x57, 0x89, 0xA3,
    0xBA, 0x67, 0x84, 0x94, 0xC5, 0x3F, 0xE8, 0x17, 0xFC, 0xDC, 0xE7, 0x02, 0x75, 0xA5, 0xDF, 0x4A,
    0x42, 0xC2, 0xD0, 0xAE, 0x8B, 0x4E, 0x9B, 0x8C, 0x6C, 0x03, 0xD2, 0xA8, 0x5B, 0x42, 0x17, 0xB7,
    0xB5, 0xD5, 0x0C, 0x6A, 0x9C, 0x07, 0xD8, 0x0E, 0xCE, 0x83, 0x91, 0x8F, 0xA8, 0x07, 0xD4, 0x0D,
    0xBE, 0x13, 0x40, 0x3A, 0x5C, 0x96, 0xAB, 0x74, 0xC8, 0x7D, 0xFB, 0xB7, 0x1F, 0xE5, 0x4E, 0xB3,
    0xB7, 0xCB, 0x98, 0x9F, 0x01, 0x9F, 0x3A, 0x55, 0x50, 0x77, 0xA0, 0x68, 0x45, 0x9C, 0x86, 0x79,
    0xB2, 0x3D, 0x52, 0xD2, 0x83, 0x0C, 0x29, 0x21, 0xED, 0x11, 0x81, 0x0A, 0x00, 0xF2, 0xEE, 0xB9,
    0xF0, 0xFA, 0x92, 0xAE, 0xA7, 0xE7, 0xD9, 0x64, 0x43, 0x1E, 0x6C, 0xB0, 0xBD, 0xED, 0x0A, 0x2F,
    0xE7, 0xA1, 0x71, 0x95, 0x43, 0xCD, 0xD4, 0xF2, 0x28, 0x9B, 0x6B, 0xDA, 0x8E, 0x7B, 0xBD, 0x88,
    0x01, 0x2C, 0xE9, 0x00, 0x13, 0x85, 0x00, 0xE4, 0x82, 0xED, 0x96, 0x1C, 0x28, 0x9B, 0x39, 0xB4,
    0xA8, 0x01, 0x4C, 0x8B, 0x69, 0xFA, 0x22, 0x53, 0xDC, 0x37, 0x1D, 0x56, 0xD3, 0xFE, 0x92, 0xA9,
    0xCA, 0x33, 0x18, 0xE6, 0xC6, 0xEA, 0x2A, 0xD0, 0xE5, 0x83, 0xAB, 0x52, 0xAA, 0x01, 0xBA, 0xB9,
    0x4B, 0xDE, 0xD1, 0x8D, 0x0D, 0xCA, 0xB2, 0x7F, 0xC1, 0x46, 0xFD, 0xD4, 0x5F, 0xFB, 0xB1, 0xCC,
    0xBD, 0xF6, 0xAB, 0xFD, 0xA3, 0x88, 0x40, 0x1B, 0x61, 0x38, 0xC2, 0x4E, 0x11, 0xEE, 0xEF, 0x84,
    0x07, 0x11, 0xEF, 0xA5, 0x11, 0x9F, 0x29, 0xE0, 0x0D, 0x71, 0xCC, 0x93, 0xC0, 0x0A, 0xEA, 0xB8,
    0xCD, 0xA3, 0x5F, 0xE6, 0x61, 0xA8, 0x46, 0x42, 0x47, 0x80, 0x3E, 0x59, 0x38, 0x8F, 0x88, 0x06,
    0xAE, 0xE8, 0xA0, 0x49, 0x04, 0x06, 0x0C, 0x61, 0x4E, 0x57, 0xE7, 0x6F, 0xBF, 0xAA, 0x45, 0xD9,
    0x41, 0x8F, 0x31, 0x0A, 0xD3, 0xCA, 0xB0, 0x71, 0xE6, 0x90, 0x6E, 0x0E, 0x1E, 0x70, 0x51, 0xE0,
    0x4A, 0xE8, 0x16, 0x1B, 0x13, 0x17, 0x83, 0x44, 0xC0, 0xCC, 0x38, 0x8F, 0x4B, 0xE3, 0x6C, 0xA2,
    0xF3, 0x36, 0x14, 0x4B, 0x82, 0x56, 0x68, 0xE3, 0x76, 0x02, 0xB7, 0x94, 0x38, 0x9D, 0x63, 0xE7,
    0xD7, 0xA6, 0xD3, 0x2C, 0x6C, 0x30, 0xA1, 0xF0, 0x26, 0xB8, 0xC6, 0x84, 0x16, 0x26, 0x4C, 0xC2,
    0x28, 0x30, 0xF3, 0x4C, 0x2B, 0x00, 0xE6, 0x1E, 0x8E, 0xF9, 0x04, 0x80, 0x8B, 0xF0, 0x3F, 0x08,
    0x5C, 0x09, 0x3D, 0x50, 0xAC, 0xF3, 0x58, 0xE7, 0xB0, 0x72, 0x14, 0x5A, 0x24, 0xE4, 0x74, 0x1E,
    0xEB, 0x39, 0xCF, 0xF4, 0x9C, 0xB7, 0x6A, 0xBA, 0x0B, 0xB5, 0xED, 0xD6, 0xD8, 0x9C, 0x4F, 0x2D,
    0xFB, 0xE8, 0x57, 0x41, 0x7C, 0xAA, 0x42, 0xFC, 0xDC, 0x3F, 0x14, 0x83, 0x6B, 0x52, 0x6A, 0x81,
    0x51, 0x57, 0x15, 0x02, 0x6E, 0x84, 0x5A, 0xF7, 0x8F, 0xC0, 0xA8, 0xE7, 0x52, 0x8E, 0x31, 0xAF,
    0xF4, 0x5B, 0x5E, 0xD5, 0xCC, 0xBC, 0x17, 0xA0, 0x55, 0x99, 0xA0, 0xC6, 0xB8, 0xD1, 0x14, 0x59,
    0xC6, 0x30, 0x0F, 0x02, 0xB6, 0x57, 0xF1, 0x22, 0xA5, 0x8A, 0xAB, 0xD6, 0x60, 0x63, 0x52, 0x21,
    0x21, 0x55, 0x31, 0xEA, 0x95, 0x05, 0xF5, 0x9A, 0x1D, 0xBA, 0x5B, 0x87, 0x46, 0x45, 0x40, 0xFB,
    0x9C, 0x0B, 0xC7, 0x01, 0x27, 0xAA, 0x34, 0xDA, 0x2E, 0x0F, 0x19, 0xB3, 0x07, 0x4F, 0x90, 0xCF,
    0xAE, 0xD0, 0x49, 0x8A, 0xDD, 0x71, 0x37, 0xC9, 0x75, 0x82, 0xD3, 0x9D, 0x09, 0x7A, 0xED, 0x7F,
    0x97, 0xD4, 0x41, 0xDB, 0x1C, 0x92, 0xBD, 0x6F, 0xBD, 0x05, 0x48, 0x83, 0x56, 0x4B, 0xF0, 0x24,
    0x88, 0x9B, 0x7F, 0x8F, 0xF2, 0x07, 0xBD, 0x8E, 0xF9, 0x6E, 0xD6, 0xDC, 0x4D, 0x28, 0xD7, 0x70,
    0xAF, 0x6F, 0xB5, 0x3C, 0x7F, 0xED, 0xDB, 0x6C, 0xEF, 0xA2, 0x23, 0x17, 0x6D, 0x7F, 0xDF, 0xEA,
    0x6C, 0x9D, 0xD3, 0x2A, 0x66, 0x09, 0xD2, 0xC7, 0x09, 0x07, 0x20, 0x27, 0x68, 0x3E, 0xE4, 0xDC,
    0x6C, 0x1F, 0x2E, 0x02, 0x75, 0xB5, 0xE0, 0x74, 0x40, 0x5C, 0x01, 0xED, 0xD9, 0x0E, 0xA9, 0xAF,
    0xF6, 0x51, 0x33, 0x93, 0xE2, 0x04, 0x5C, 0x78, 0xB9, 0xB5, 0x5D, 0xF9, 0x78, 0x00, 0xD7, 0x42,
    0xAD, 0x93, 0x1B, 0x01, 0xC3, 0x67, 0x3B, 0x74, 0xBA, 0x0C, 0x0B, 0x42, 0xC2, 0x3D, 0x8A, 0x69,
    0xFB, 0x40, 0xDD, 0x03, 0x37, 0x00, 0x3E, 0x53, 0xE0, 0x09, 0xAC, 0xB7, 0x8D, 0x01, 0x86, 0x00,
    0x6D, 0x04, 0xDC, 0xB6, 0xB5, 0xC0, 0x84, 0x9C, 0x32, 0x1E, 0x32, 0xEE, 0xB2, 0x0F, 0x90, 0x05,
    0xDD, 0x4C, 0xBF, 0x0F, 0x07, 0x2C, 0xC1, 0x46, 0xDD, 0xC1, 0xA7, 0x72, 0x03, 0x30, 0xCF, 0xA7,
    0x71, 0x82, 0x1D, 0xD0, 0x56, 0xA5, 0x47, 0xE1, 0x5D, 0x05, 0xEB, 0x1D, 0x90, 0x77, 0x37, 0x40,
    0xD6, 0x3F, 0xC1, 0xA7, 0x3E, 0xEE, 0x0F, 0xE0, 0xA7, 0xFD, 0x21, 0x65, 0xEE, 0x0F, 0x26, 0x16,
    0x22, 0x21, 0x17, 0xE9, 0x33, 0x15, 0x73, 0x5F, 0x82, 0x36, 0x0C, 0x52, 0x72, 0x24, 0xCC, 0xFE,
    0x80, 0x96, 0xF1, 0x04, 0x45, 0x9C, 0x67, 0x01, 0x37, 0x4B, 0xB5, 0x55, 0x12, 0x79, 0x04, 0x74,
    0x04, 0x1D, 0xD0, 0xAA, 0xE4, 0x2A, 0x19, 0x61, 0xBD, 0x19, 0xDA, 0x49, 0x85, 0xB7, 0xDB, 0x62,
    0xF9, 0xA8, 0x02, 0x5C, 0xD1, 0x88, 0x58, 0xCD, 0x11, 0x95, 0x63, 0xDE, 0x01, 0x94, 0xF5, 0x22,
    0x26, 0x20, 0x51, 0x49, 0xE3, 0x72, 0xD3, 0x8C, 0x90, 0x2F, 0xA4, 0xF9, 0x4D, 0xC8, 0x99, 0x47,
    0xD8, 0x0F, 0x7E, 0x62, 0x82, 0x38, 0xD5, 0x7A, 0x70, 0x87, 0xB2, 0xD1, 0x8A, 0xA5, 0x92, 0x4F,
    0xA7, 0xC3, 0xA9, 0x21, 0x6D, 0xCC, 0x03, 0x98, 0x59, 0xF1, 0x84, 0xB2, 0x23, 0xD8, 0x9E, 0x90,
    0x05, 0x82, 0x59, 0xC9, 0x7A, 0x82, 0xED, 0x08, 0x75, 0xC3, 0xF3, 0xF9, 0x88, 0x02, 0x57, 0x84,
    0xA2, 0x5B, 0xED, 0x06, 0xAD, 0x0F, 0x16, 0x74, 0x5F, 0x7D, 0x8A, 0x20, 0x36, 0x9D, 0xDA, 0xA9,
    0x7D, 0xD2, 0x0E, 0x3A, 0x1E, 0x94, 0xCC, 0xBE, 0x6E, 0x8A, 0xBE, 0x15, 0xBF, 0xF1, 0xB6, 0x7F,
    0xE0, 0xD5, 0x31, 0xB3, 0xDF, 0x51, 0xFC, 0xB5, 0x1F, 0xED, 0x4F, 0xFB, 0xD5, 0xFE, 0x99, 0x7B,
    0x61, 0x5C, 0xC7, 0xE6, 0xFC, 0x32, 0xE6, 0x5C, 0x8F, 0xF1, 0x06, 0xA8, 0x9F, 0xFA, 0x3B, 0xBF,
    0xCC, 0x61, 0x5C, 0xFB, 0xE7, 0xB0, 0x31, 0x02, 0x78, 0x11, 0x1A, 0xCF, 0x8D, 0x57, 0xB0, 0x0D,
    0x3B, 0x86, 0x8D, 0x97, 0xC5, 0x63, 0x8D, 0x71, 0xAF, 0xBC, 0x4E, 0x1C, 0x51, 0x8F, 0xD0, 0x85,
    0x4D, 0x17, 0xA8, 0xA2, 0xCF, 0xE7, 0xD5, 0xDE, 0x01, 0x1B, 0xB8, 0x87, 0x61, 0x9A, 0x49, 0x05,
    0xE0, 0x1E, 0xEA, 0xAF, 0xFD, 0x9C, 0x16, 0xCC, 0x11, 0x9A, 0x1B, 0xAF, 0xCA, 0x7E, 0xFE, 0xAF,
    0xE3, 0xD7, 0x32, 0x77, 0x4A, 0x2D, 0xC0, 0x35, 0x78, 0x57, 0xD4, 0xDA, 0xEF, 0x0A, 0x80, 0xF1,
    0x6D, 0xF9, 0x26, 0xE1, 0x28, 0xEC, 0xAA, 0xB2, 0x78, 0x1E, 0xAB, 0x84, 0x08, 0x26, 0x2E, 0xF3,
    0xB2, 0x3D, 0xA1, 0xF0, 0x04, 0xD7, 0x10, 0x6A, 0x10, 0x26, 0x50, 0x42, 0x20, 0x13, 0x41, 0x59,
    0x58, 0xF3, 0xB0, 0x13, 0x02, 0xC8, 0x0C, 0x02, 0x81, 0x30, 0x0A, 0x2C, 0xB8, 0x5D, 0xEE, 0xDB,
    0xF5, 0xDA, 0x34, 0x44, 0xC0, 0xF8, 0xD6, 0x93, 0x78, 0x95, 0xDC, 0xF5, 0x66, 0xE2, 0x2E, 0x9F,
    0xB8, 0xB7, 0xD3, 0x14, 0xEC, 0x71, 0x0C, 0xC5, 0x0D, 0x0D, 0xE5, 0x0D, 0xC5, 0xF7, 0x6F, 0xE8,
    0xF0, 0xDE, 0x0D, 0xBD, 0x77, 0x38, 0x8E, 0x57, 0xF1, 0x38, 0x96, 0xE1, 0x38, 0x16, 0x82, 0xED,
    0x8F, 0x63, 0xEE, 0x8F, 0x23, 0xF0, 0xCA, 0x38, 0x0F, 0x72, 0xBD, 0x10, 0x56, 0xA2, 0x40, 0xC2,
    0x41, 0xB8, 0x12, 0x9C, 0x50, 0x56, 0xE4, 0x6C, 0x23, 0x78, 0x72, 0x79, 0x47, 0xCE, 0xF4, 0x42,
    0x20, 0x97, 0x0E, 0xE4, 0x10, 0x05, 0x12, 0xAE, 0x85, 0x2B, 0xC1, 0x09, 0x85, 0x60, 0x57, 0x32,
    0xDA, 0x57, 0xB0, 0x92, 0xD7, 0x5A, 0xD5, 0xCD, 0x37, 0x7C, 0x07, 0xBC, 0x36, 0xEA, 0xA7, 0xFE,
    0x45, 0x97, 0x87, 0x53, 0x25, 0x1E, 0xB7, 0x75, 0xB4, 0x11, 0x7A, 0x42, 0xBE, 0x9E, 0xA7, 0x44,
    0xC0, 0x8E, 0x2D, 0x2F, 0xF6, 0xEB, 0xE9, 0x3F, 0xBC, 0xC6, 0x75, 0x7E, 0xF9, 0x89, 0x42, 0xB9,
    0x79, 0x0D, 0xEA, 0xE7, 0x3E, 0x51, 0xF0, 0x7A, 0x73, 0x2B, 0xFD, 0x52, 0xC9, 0xE4, 0xB7, 0xD5,
    0xE9, 0xF9, 0x7D, 0xA5, 0xD8, 0xD6, 0x56, 0xBD, 0x4F, 0x28, 0xB4, 0x7C, 0x1A, 0x41, 0xD7, 0xDA,
    0xB2, 0x57, 0xBB, 0xC5, 0x7E, 0x58, 0x72, 0x7D, 0x7E, 0x4F, 0x42, 0x8D, 0xE5, 0x5A, 0x28, 0xF6,
    0x6B, 0xFA, 0x20, 0xFE, 0xE7, 0xE7, 0xA9, 0xB3, 0xFB, 0xF3, 0xF4, 0x63, 0x6E, 0x2D, 0x13, 0x8B,
    0x1E, 0xB0, 0xDC, 0x88, 0xDD, 0x04, 0xD4, 0xEC, 0x91, 0x70, 0x00, 0xF2, 0xAD, 0x82, 0x1E, 0x85,
    0xE3, 0xF1, 0xAC, 0xB2, 0xCD, 0xE6, 0x6B, 0x33, 0x5B, 0xAF, 0xCD, 0x5A, 0x07, 0x36, 0x8B, 0x53,
    0x99, 0x2B, 0xD9, 0x8F, 0x99, 0x38, 0x80, 0xDE, 0x0D, 0x89, 0x90, 0x2E, 0x89, 0xD8, 0xEF, 0x13,
    0x71, 0xC4, 0x5C, 0x05, 0xCC, 0xF5, 0xC0, 0x5C, 0x19, 0xCC, 0x35, 0x82, 0x56, 0x0B, 0x4B, 0xDD,
    0x60, 0x3B, 0x1C, 0x91, 0xF7, 0x18, 0x91, 0x05, 0x10, 0xCC, 0x2C, 0x43, 0x12, 0x91, 0xC6, 0x74,
    0x58, 0xAA, 0x0F, 0xCC, 0x32, 0x66, 0xFD, 0x5A, 0x9B, 0xCC, 0x55, 0x8A, 0x9B, 0xA5, 0x68, 0xD6,
    0x1A, 0x66, 0xAE, 0x66, 0x2C, 0xAB, 0x4C, 0x5B, 0xAD, 0x93, 0x69, 0xCD, 0x0D, 0xC6, 0xE1, 0x4A,
    0x84, 0xDC, 0x49, 0x12, 0x46, 0x14, 0xA9, 0x62, 0x99, 0xFE, 0xB7, 0xCA, 0xBF, 0x7F, 0x78, 0x28,
    0x1E, 0xFE, 0xC5, 0x47, 0x42, 0xF1, 0xF0, 0x4F, 0x7E, 0x21, 0xD8, 0xC7, 0xBF, 0xAA, 0xF2, 0x8B,
    0xBF, 0x18, 0xEC, 0xAF, 0x2E, 0xF2, 0x07, 0xBD, 0xFD, 0xCD, 0xC7, 0x7F, 0xD0, 0xE7, 0xBF, 0xF9,
    0xF8, 0xEF, 0xBB, 0xFC, 0x77, 0x1F, 0xFC, 0x73, 0x97, 0xFD, 0xEE, 0x83, 0xA7, 0x3E, 0xFB, 0x9B,
    0xE4, 0x7F, 0xBD, 0xF9, 0x6F, 0x88, 0x30, 0x78, 0x96, 0xC6, 0x4C, 0x9B, 0xA4, 0x23, 0x5A, 0xAD,
    0x84, 0xB4, 0x4C, 0x86, 0xAB, 0x6C, 0x87, 0x56, 0x73, 0x77, 0x5C, 0x7F, 0x7A, 0x58, 0x66, 0x94,
    0x87, 0x6D, 0x32, 0x8F, 0x34, 0x91, 0xD6, 0xD1, 0xAF, 0xE5, 0x9A, 0x51, 0xC9, 0xC6, 0x6D, 0x5A,
    0x65, 0x5B, 0xAD, 0xBF, 0x62, 0x1C, 0x6D, 0x8F, 0x79, 0xA5, 0x36, 0xD1, 0x44, 0x64, 0x21, 0xD1,
    0x15, 0x1D, 0x13, 0xA4, 0xAD, 0x86, 0x6B, 0xE0, 0x7C, 0x0B, 0x14, 0xDD, 0x11, 0xB0, 0xBD, 0x9B,
    0x63, 0xDF, 0xA0, 0x6C, 0x96, 0x88, 0x6B, 0xB0, 0xB3, 0x35, 0xC4, 0xDB, 0x30, 0xB4, 0x2B, 0xB4,
    0xB6, 0x5B, 0x63, 0x5A, 0xFE, 0x6C, 0xB5, 0x1E, 0x32, 0x9F, 0xB6, 0x61, 0x98, 0xD7, 0xCE, 0x2B,
    0x66, 0xDA, 0x58, 0xDC, 0xB3, 0x3B, 0xCF, 0x86, 0x47, 0xE1, 0x52, 0x53, 0x05, 0xB4, 0x77, 0x9A,
    0x7A, 0xA0, 0x58, 0x9B, 0xB4, 0xBF, 0xFA, 0x16, 0x3F, 0x6F, 0x4D, 0x0D, 0xBC, 0xCB, 0x8D, 0x9B,
    0xB5, 0xE7, 0xB5, 0x38, 0x29, 0xF5, 0xDC, 0x6C, 0xCB, 0x4F, 0xBF, 0x3E, 0x58, 0x0F, 0xEB, 0x13,
    0xA4, 0x32, 0x09, 0x17, 0x8D, 0xD5, 0x50, 0x89, 0x97, 0x8C, 0xAB, 0xE7, 0x1B, 0x27, 0xB3, 0xB1,
    0x63, 0xBF, 0x6C, 0xB0, 0xEF, 0x72, 0x3B, 0x75, 0xFB, 0xA1, 0xEF, 0x07, 0x6C, 0x00, 0x0A, 0xC1,
    0x45, 0xE0, 0xFA, 0x00, 0xD0, 0x15, 0x10, 0x1D, 0xD2, 0x50, 0x54, 0x26, 0x58, 0x9F, 0x77, 0x79,
    0x67, 0xBD, 0x09, 0x45, 0x93, 0x06, 0x07, 0x44, 0x69, 0xD5, 0x73, 0xCA, 0x8D, 0x8A, 0x9F, 0xA5,
    0x46, 0xE9, 0x6D, 0x3F, 0xE7, 0x53, 0x7B, 0xAA, 0xFA, 0x4A, 0x9F, 0x0D, 0x0E, 0xE9, 0x3A, 0x19,
    0x6D, 0x63, 0xCA, 0x99, 0xA9, 0x14, 0x6A, 0x9F, 0xCC, 0xBF, 0x25, 0x8C, 0x2B, 0x13, 0x0C, 0xD5,
    0x8D, 0x95, 0x8E, 0x27, 0xB2, 0x1C, 0x29, 0xE5, 0x8E, 0x08, 0xC0, 0x45, 0xCA, 0x08, 0x62, 0xC6,
    0xA4, 0xAB, 0x79, 0x53, 0x76, 0x8C, 0x3C, 0x8C, 0xEB, 0xD3, 0xC4, 0xF3, 0xD0, 0x76, 0xB5, 0x53,
    0x7B, 0xF5, 0x53, 0x7F, 0xED, 0x07, 0x8F, 0x46, 0xA4, 0xB7, 0x55, 0x6A, 0x16, 0x5D, 0x73, 0x7B,
    0x07, 0xFE, 0x3A, 0x01, 0x17, 0xD0, 0xBF, 0x93, 0xDA, 0xA9, 0xBD, 0xFA, 0xA9, 0xBF, 0xF6, 0xA3,
    0x73, 0xBC, 0x48, 0xFB, 0x7B, 0x94, 0x71, 0x24, 0xCB, 0x13, 0x95, 0x9D, 0x25, 0x57, 0x99, 0x65,
    0xA1, 0x44, 0xF2, 0x02, 0x52, 0xB5, 0x9B, 0xED, 0xD5, 0x2F, 0xE3, 0x91, 0xD0, 0xFE, 0x2D, 0xED,
    0xEE, 0xB6, 0x7D, 0xA1, 0x77, 0x5B, 0x9C, 0xAA, 0xEA, 0x9A, 0xF9, 0xC4, 0x2E, 0x1F, 0x95, 0x6D,
    0xBC, 0xFB, 0x8A, 0x10, 0x68, 0xB9, 0x99, 0x7B, 0x43, 0xCE, 0x5C, 0x6D, 0x3F, 0x98, 0x5C, 0x96,
    0x9A, 0xC5, 0x6E, 0x16, 0x27, 0x52, 0xAD, 0x0D, 0x6F, 0x21, 0x12, 0x14, 0xC3, 0xE3, 0x29, 0x28,
    0xCD, 0xCB, 0x82, 0x92, 0xCE, 0x36, 0x45, 0x28, 0x66, 0x1F, 0xC3, 0xCF, 0x08, 0x8F, 0x3E, 0xBC,
    0x0B, 0xB4, 0x26, 0x5A, 0x3E, 0xA4, 0xEB, 0x04, 0xA5, 0x6F, 0xBC, 0x7A, 0x02, 0xD9, 0x7E, 0x4D,
    0xA0, 0xD7, 0x46, 0xDC, 0x00, 0xD8, 0xA8, 0x42, 0x80, 0x7E, 0xBD, 0xFB, 0x2A, 0x79, 0x58, 0xA5,
    0x50, 0x81, 0x79, 0x4B, 0x99, 0x4F, 0x40, 0x7D, 0x2B, 0x80, 0x13, 0xD8, 0x2B, 0xF3, 0xFE, 0xEE,
    0x55, 0xAB, 0x91, 0xE0, 0x04, 0xA0, 0x7C, 0x0B, 0x9C, 0xB2, 0x24, 0x55, 0x32, 0xC1, 0x31, 0x09,
    0x41, 0xA8, 0x9E, 0x1F, 0x65, 0xA4, 0x74, 0x7A, 0xD8, 0x28, 0xFD, 0xF2, 0xE0, 0xC0, 0xA0, 0x94,
    0x40, 0x66, 0x00, 0xF3, 0xF6, 0xA0, 0x11, 0x76, 0x0F, 0x18, 0xED, 0x56, 0x88, 0x6D, 0x45, 0x58,
    0x24, 0x3D, 0xFB, 0x1A, 0xB8, 0x93, 0xC0, 0xFC, 0xBF, 0x49, 0x4A, 0x22, 0xF3, 0x98, 0x50, 0xAB,
    0x14, 0x1C, 0xAE, 0xDC, 0x03, 0xC2, 0x15, 0xFF, 0x26, 0xC3, 0xF1, 0x7F, 0x73, 0xE3, 0x1E, 0xC6,
    0xD2, 0xBB, 0x74, 0xB0, 0xDE, 0x25, 0xE1, 0x1D, 0xC8, 0xBB, 0xCC, 0xC6, 0xFD, 0xF2, 0xB0, 0x16,
    0xE3, 0xF1, 0x76, 0x79, 0xB8, 0x80, 0x5B, 0x51, 0xBB, 0xF2, 0xEC, 0xE1, 0xE1, 0xD9, 0x3B, 0x5D,
    0x66, 0x09, 0xB8, 0xC8, 0xB2, 0x34, 0x3E, 0x7B, 0xCB, 0xA5, 0x91, 0x96, 0xA5, 0x11, 0xC9, 0x45,
    0x6A, 0x3B, 0xA2, 0x9E, 0x6F, 0xE7, 0xDC, 0xD7, 0x9D, 0x0D, 0x75, 0x65, 0x86, 0x1A, 0x26, 0xD6,
    0x48, 0x57, 0xF0, 0x55, 0x02, 0x5E, 0x05, 0xB4, 0x13, 0x72, 0x66, 0x5F, 0x30, 0x07, 0xE7, 0xB3,
    0xE8, 0x90, 0x08, 0xEB, 0x9D, 0xFC, 0x5F, 0x01, 0xCB, 0x93, 0xC6, 0xBF, 0xC7, 0x87, 0xDA, 0x61,
    0xAD, 0x9B, 0xE8, 0x8B, 0x04, 0xA7, 0x78, 0xA3, 0xB7, 0xBE, 0x41, 0xFC, 0xFB, 0x44, 0xEC, 0x50,
    0x78, 0x5C, 0x94, 0x96, 0x99, 0x17, 0xA9, 0x55, 0xD6, 0x86, 0x37, 0x13, 0xDB, 0xA9, 0x68, 0x2F,
    0x46, 0x05, 0x2D, 0xE3, 0xED, 0xEA, 0x7A, 0x1B, 0xF2, 0xDD, 0x03, 0xA6, 0x03, 0x8A, 0xA5, 0xB6,
    0x9C, 0x4B, 0xDC, 0x5D, 0x35, 0x1F, 0x30, 0x6E, 0x85, 0x7C, 0x1A, 0x97, 0x1F, 0x0F, 0xF7, 0x35,
    0xFC, 0x6D, 0xA9, 0xE9, 0x8A, 0x5D, 0xBD, 0xA9, 0xB2, 0xAF, 0xDC, 0xC9, 0x44, 0x13, 0xC8, 0x90,
    0xE9, 0x0F, 0x22, 0xDD, 0x2C, 0xD7, 0x19, 0x65, 0xFE, 0xFD, 0xFC, 0x49, 0xEE, 0xAF, 0xEC, 0xB7,
    0xAB, 0x94, 0xB6, 0x71, 0xB6, 0xB0, 0x4D, 0x59, 0x58, 0x5B, 0x15, 0x22, 0xB0, 0x5F, 0x6E, 0xBF,
    0x1E, 0xF6, 0xDA, 0xFE, 0x2C, 0xEC, 0x21, 0xFF, 0x2F, 0x91, 0x6C, 0x42, 0x4E, 0x66, 0x54, 0x21,
    0x64, 0x51, 0xC4, 0x0C, 0x22, 0xCE, 0xC3, 0x35, 0xB6, 0x07, 0x2F, 0x15, 0xB4, 0xF4, 0x1E, 0x6F,
    0x2B, 0x72, 0x1D, 0x5F, 0xDB, 0xEC, 0x07, 0x64, 0x68, 0xAB, 0xCD, 0x4B, 0xAE, 0xB4, 0x5E, 0xBF,
    0xF7, 0xDF, 0x44, 0x1B, 0xCE, 0x4A, 0x70, 0x0D, 0xCE, 0x79, 0xE1, 0x5D, 0x23, 0xEF, 0x31, 0xC1,
    0xDC, 0x56, 0xDF, 0x09, 0xDD, 0xC6, 0xE5, 0xA8, 0x71, 0xA9, 0x4F, 0x25, 0xF8, 0x0F, 0x36, 0xFB,
    0x90, 0x64, 0xB7, 0x75, 0x78, 0x4A, 0xB7, 0xEB, 0xD5, 0xF9, 0x3F, 0x2D, 0x0A, 0xBF, 0xD6, 0x9E,
    0x70, 0x0A, 0x73, 0x54, 0x4A, 0xE1, 0xF4, 0x0F, 0x30, 0xD7, 0x00, 0xBC, 0xF4, 0x91, 0x0D, 0x4B,
    0x59, 0xED, 0x34, 0xE3, 0xD6, 0x7F, 0xD2, 0xEC, 0xFE, 0xB4, 0xFA, 0x93, 0x02, 0xE4, 0x42, 0x4B,
    0x48, 0x38, 0xC2, 0xAC, 0x86, 0x26, 0xAC, 0x0C, 0x0B, 0x69, 0xBC, 0xC3, 0xA0, 0x87, 0x9D, 0x4B,
    0x8C, 0x76, 0x7E, 0x2A, 0xEE, 0xD4, 0xFE, 0xBE, 0x9D, 0x19, 0x56, 0xC2, 0x0E, 0xC2, 0x7C, 0x2C,
    0xB4, 0xF3, 0xB1, 0x8F, 0x2F, 0x79, 0xB1, 0xCE, 0x6A, 0x00, 0xDA, 0x7D, 0x71, 0xAD, 0xDC, 0x08,
    0x47, 0x61, 0x5C, 0xA1, 0x3B, 0xB4, 0xD5, 0x72, 0x63, 0xCE, 0x05, 0x27, 0x4C, 0x17, 0x6C, 0xD4,
    0xEF, 0xB8, 0x52, 0xAF, 0x4C, 0xCB, 0xB1, 0x78, 0x10, 0x1A, 0x20, 0x8F, 0xB8, 0x71, 0x8C, 0x9B,
    0xBA, 0xF5, 0x37, 0x4F, 0x6C, 0xFF, 0x84, 0xCC, 0x44, 0x24, 0xE3, 0x27, 0xB8, 0xFE, 0xFF, 0x00,
    0xCD, 0x59, 0x3F, 0x8C, 0xDD, 0xB6, 0x19, 0xFF, 0x49, 0x2C, 0x2C, 0x20, 0x6C, 0xC3, 0x0E, 0x9D,
    0x92, 0x02, 0x5A, 0x33, 0x14, 0xE5, 0xDA, 0xE1, 0xEE, 0x28, 0x24, 0x63, 0x07, 0x2F, 0xDD, 0xB3,
    0xB6, 0x59, 0xB2, 0x66, 0xB0, 0x2D, 0xA2, 0x05, 0x32, 0x67, 0x5F, 0x92, 0x21, 0x43, 0xDA, 0x25,
    0x4B, 0x07, 0x0F, 0xE7, 0x27, 0x36, 0x1E, 0x3C, 0x74, 0xA8, 0x00, 0x8F, 0x1D, 0xCA, 0x21, 0x40,
    0x81, 0x2E, 0x61, 0x00, 0xA1, 0x91, 0x13, 0x4A, 0x5F, 0xBF, 0x4F, 0x4F, 0xF7, 0x7C, 0xCF, 0x77,
    0xAF, 0xB6, 0x91, 0xBC, 0x8B, 0xF9, 0xF4, 0xFB, 0x41, 0xD2, 0xF7, 0x97, 0x14, 0x29, 0x92, 0x7A,
    0xCE, 0x77, 0x7D, 0xD7, 0xBB, 0x80, 0xB5, 0xD8, 0x66, 0xF7, 0xF3, 0xD6, 0xBB, 0xAB, 0xBF, 0x00,
    0x15, 0xB0, 0x07, 0xFD, 0x25, 0x40, 0xD4, 0x54, 0x44, 0xD1, 0x7C, 0xF7, 0xAF, 0xC1, 0x3E, 0xFC,
    0x22, 0xBB, 0x77, 0x42, 0x76, 0x6A, 0x01, 0x0E, 0xE0, 0x5C, 0x74, 0x44, 0xD7, 0x7C, 0xF3, 0xCF,
    0x41, 0x6C, 0x0B, 0x22, 0x8F, 0x37, 0xBF, 0xC4, 0x15, 0xFF, 0xED, 0x04, 0x45, 0x14, 0x0C, 0x51,
    0xB2, 0xBD, 0x1E, 0x5C, 0xA3, 0xB2, 0x43, 0xC1, 0xC0, 0x67, 0x0C, 0xB8, 0x06, 0xB0, 0x01, 0x30,
    0x11, 0xA8, 0x12, 0xD0, 0x71, 0x2E, 0x82, 0x96, 0x81, 0x0C, 0x5C, 0x40, 0x8D, 0x80, 0x4E, 0x40,
    0x1D, 0x81, 0xD6, 0x2F, 0x7A, 0x33, 0x83, 0x04, 0x90, 0xF2, 0x53, 0xA0, 0x84, 0x03, 0x8C, 0x6F,
    0xFF, 0x3E, 0xBB, 0x60, 0x89, 0x1D, 0x68, 0x56, 0x62, 0xCB, 0x32, 0xA3, 0x8A, 0x38, 0x87, 0x09,
    0x38, 0x13, 0x72, 0x3B, 0x3A, 0x83, 0x16, 0xC1, 0xA2, 0xC2, 0xCA, 0x13, 0x16, 0xB3, 0xC5, 0x81,
    0xB8, 0x0A, 0x8B, 0xD3, 0x8D, 0x64, 0xB7, 0x5C, 0x3A, 0x0F, 0xEB, 0xEB, 0xC5, 0xB6, 0xC7, 0x46,
    0xF2, 0xCD, 0x50, 0x43, 0x91, 0x51, 0x66, 0x35, 0x00, 0x79, 0xA9, 0x00, 0x8B, 0xE0, 0x4C, 0x00,
    0xEC, 0xE7, 0x0D, 0x60, 0x08, 0x70, 0x44, 0xE4, 0x85, 0xC2, 0x42, 0x28, 0x47, 0x40, 0xE8, 0x80,
    0x60, 0x8F, 0x36, 0x97, 0x0B, 0x00, 0x3C, 0x7B, 0xAB, 0x9B, 0x51, 0x11, 0xF5, 0x35, 0xD1, 0xE0,
    0xC2, 0xAE, 0x6D, 0xB1, 0x20, 0x00, 0x66, 0x6E, 0x58, 0x3E, 0xA3, 0x60, 0x1D, 0xF3, 0x1D, 0x25,
    0x1B, 0xAA, 0x71, 0xD5, 0xD9, 0xC1, 0x86, 0x72, 0x34, 0xDF, 0xFE, 0x36, 0x2A, 0x22, 0x8F, 0x96,
    0x12, 0x60, 0x47, 0xA0, 0xCC, 0x00, 0x04, 0x53, 0x27, 0x7A, 0x9E, 0x7D, 0x73, 0x0C, 0xB3, 0x3C,
    0xEB, 0x19, 0xF7, 0x90, 0xE9, 0xED, 0x99, 0x0F, 0x3E, 0xC1, 0x6B, 0x4F, 0x00, 0xB0, 0x00, 0x6A,
    0xBC, 0x95, 0x61, 0x3C, 0x1C, 0x7E, 0x0D, 0x18, 0x7F, 0xA2, 0x26, 0x15, 0x3E, 0xA8, 0xE9, 0x9D,
    0x70, 0xDF, 0x99, 0x2F, 0xFA, 0xBF, 0x9E, 0x28, 0x21, 0x94, 0x57, 0x48, 0x04, 0xF7, 0x9D, 0xFE,
    0xA2, 0x67, 0xE5, 0x3F, 0x85, 0x93, 0x8A, 0xCD, 0x4E, 0x01, 0xED, 0x4D, 0x03, 0x8B, 0x2A, 0x16,
    0x93, 0xE4, 0x2F, 0x79, 0x51, 0x83, 0x6A, 0x42, 0xFD, 0xAE, 0x7F, 0x4B, 0x49, 0x57, 0x36, 0x14,
    0x4E, 0x55, 0xF8, 0x8D, 0x0A, 0x27, 0x3A, 0xD4, 0xDF, 0x04, 0x40, 0x3A, 0x4A, 0x35, 0xC0, 0x44,
    0xD3, 0xC3, 0xC9, 0xF3, 0xEA, 0xD0, 0xA1, 0x98, 0x0A, 0x79, 0x4E, 0x2A, 0x6D, 0xEF, 0x5B, 0xB9,
    0xEF, 0x84, 0xE4, 0x92, 0x05, 0x55, 0x62, 0x15, 0xA9, 0x6E, 0x07, 0xC2, 0x25, 0x89, 0xB8, 0xEA,
    0x88, 0x7A, 0x22, 0x8A, 0x02, 0xA0, 0x7A, 0x06, 0xE5, 0x47, 0x78, 0x73, 0x06, 0x20, 0xC9, 0x55,
    0xBB, 0xBA, 0x9F, 0x2D, 0x75, 0xB7, 0x23, 0xD7, 0xDD, 0x91, 0x0A, 0xF7, 0x4F, 0xA5, 0xEE, 0xA7,
    0xD5, 0x8E, 0xE4, 0xD2, 0x51, 0xC9, 0x94, 0x99, 0x4E, 0x4F, 0xCB, 0xFE, 0xFE, 0x69, 0x5D, 0xF6,
    0x1F, 0x9C, 0x9A, 0x77, 0xC2, 0xC9, 0x69, 0xF5, 0x30, 0x9C, 0xFD, 0xA2, 0xB8, 0xBD, 0xD6, 0x9D,
    0x7B, 0xD7, 0xA5, 0xBA, 0xB7, 0x94, 0xBB, 0xE5, 0x28, 0xA8, 0x31, 0x14, 0xED, 0x1F, 0x87, 0x33,
    0x8C, 0x27, 0x38, 0x3F, 0xC1, 0x9D, 0x33, 0x64, 0xFB, 0xF6, 0xC0, 0x37, 0x4B, 0xD6, 0xBB, 0xE5,
    0x01, 0xDD, 0x5F, 0x0B, 0x19, 0x38, 0xB4, 0x16, 0xB9, 0x3E, 0x84, 0xF7, 0x3E, 0xFF, 0xCF, 0x67,
    0x24, 0xBA, 0x8C, 0x92, 0xBC, 0xA1, 0x64, 0x3F, 0x1C, 0x39, 0xC8, 0x5B, 0x38, 0x07, 0x32, 0xCA,
    0x01, 0xD2, 0xC4, 0x4D, 0x91, 0xA1, 0x23, 0xA4, 0x41, 0x29, 0xEF, 0x0E, 0x94, 0xA3, 0xB8, 0x70,
    0x40, 0xE7, 0xD1, 0x25, 0xB0, 0x12, 0xEE, 0xDC, 0xC1, 0xE9, 0x5D, 0x9C, 0xBB, 0x0F, 0x73, 0x4D,
    0x89, 0x1D, 0x16, 0x59, 0x0D, 0x3A, 0xD6, 0xC1, 0x21, 0xA3, 0x4A, 0x2F, 0x8B, 0x09, 0x3A, 0x11,
    0x4C, 0x22, 0xEF, 0x12, 0xD1, 0x77, 0x69, 0xA2, 0x6F, 0x52, 0xEE, 0x1E, 0xB3, 0x0C, 0xB8, 0x0E,
    0x25, 0x85, 0x6C, 0x18, 0x8E, 0xD1, 0x31, 0xE8, 0x00, 0x44, 0xE6, 0x56, 0x5D, 0xB1, 0x81, 0xFE,
    0xFE, 0x90, 0x97, 0x34, 0xC5, 0xAE, 0x77, 0x5E, 0xC3, 0xC0, 0xC6, 0x32, 0x63, 0x83, 0xB9, 0xCD,
    0x6D, 0x2C, 0x08, 0x86, 0xE0, 0x3E, 0xC6, 0x49, 0x8D, 0x9F, 0xD7, 0xC0, 0xD5, 0xC3, 0xC2, 0x11,
    0xF1, 0x51, 0xA7, 0xBB, 0x77, 0xD2, 0xEB, 0xC9, 0x2C, 0xBF, 0xD7, 0xEF, 0x9F, 0xDA, 0x01, 0x4B,
    0xD7, 0x96, 0xCE, 0x1C, 0xA4, 0xB7, 0x46, 0xE9, 0xC7, 0x03, 0x8A, 0x7C, 0x4D, 0x3F, 0x66, 0x9B,
    0xB8, 0x55, 0x6C, 0x77, 0xA3, 0x41, 0x46, 0xC9, 0xFE, 0x7D, 0x88, 0xE5, 0x03, 0x9D, 0xD9, 0x47,
    0x7D, 0x07, 0x2A, 0xFD, 0xF2, 0x04, 0xBA, 0xC7, 0x09, 0xEA, 0xC0, 0xE4, 0xC0, 0xF4, 0x80, 0xA9,
    0xC8, 0x4C, 0x2A, 0x49, 0x5A, 0xBD, 0x50, 0x00, 0x44, 0x08, 0x11, 0x42, 0x84, 0x6C, 0x59, 0x83,
    0x2D, 0xCF, 0xC0, 0x96, 0xE7, 0x80, 0x2B, 0x12, 0x0B, 0x55, 0x9F, 0x8A, 0xAC, 0x43, 0x52, 0xC9,
    0x20, 0xE9, 0xDE, 0x50, 0xAA, 0x03, 0x93, 0x58, 0xA6, 0x07, 0x42, 0xCF, 0x0D, 0x3E, 0xBD, 0x60,
    0xF0, 0xCE, 0x43, 0x3F, 0xA6, 0x84, 0xFA, 0x51, 0x18, 0xE1, 0xB4, 0xBF, 0x2F, 0xC2, 0xFB, 0x32,
    0x8A, 0x38, 0x38, 0x74, 0x60, 0xB7, 0x1B, 0x76, 0x5B, 0x25, 0x38, 0x68, 0xCA, 0x0F, 0x84, 0x6A,
    0xF2, 0xB8, 0x5B, 0x53, 0x80, 0x0C, 0x60, 0xD6, 0x3A, 0x45, 0x15, 0x31, 0xC2, 0x04, 0x50, 0xE3,
    0xC0, 0x46, 0xF7, 0x00, 0x15, 0x32, 0xC7, 0x7E, 0x9C, 0x70, 0xA6, 0x1F, 0x45, 0xD4, 0x74, 0x5B,
    0x5E, 0xD7, 0x4B, 0xF0, 0x8D, 0xD0, 0x36, 0xB8, 0x01, 0x74, 0x94, 0xE1, 0x7F, 0xA9, 0xE6, 0x31,
    0x61, 0xBF, 0xE6, 0x66, 0xBF, 0xE6, 0xA8, 0x06, 0xC0, 0xE4, 0x05, 0x72, 0xBE, 0x57, 0xCA, 0x4F,
    0xC4, 0xED, 0x53, 0x74, 0x09, 0x8A, 0x12, 0xCC, 0xFC, 0x09, 0x6C, 0x0F, 0x38, 0xCF, 0xC0, 0x33,
    0xF0, 0x40, 0x1D, 0x01, 0x4D, 0xD4, 0x94, 0x44, 0x1E, 0x96, 0xF1, 0x67, 0x00, 0x68, 0x85, 0xEA,
    0xC0, 0xA4, 0xD3, 0x3A, 0xBD, 0x3C, 0x5B, 0xAA, 0x2C, 0xD2, 0x09, 0xE0, 0x10, 0x42, 0x24, 0x16,
    0x1D, 0x93, 0x7D, 0xBF, 0x01, 0x5C, 0xED, 0xD7, 0xB9, 0xAD, 0x15, 0xDA, 0xE8, 0x1E, 0xC8, 0x55,
    0x64, 0x52, 0x09, 0x85, 0x50, 0x39, 0xAA, 0x01, 0x6A, 0x60, 0xD7, 0x7C, 0x91, 0x51, 0x11, 0xAD,
    0x13, 0xAB, 0xF9, 0xF6, 0x2F, 0x33, 0xD8, 0xA8, 0x95, 0x04, 0x1C, 0xAC, 0x87, 0x6B, 0x5C, 0x03,
    0xEB, 0x9D, 0xA4, 0xD4, 0x42, 0x64, 0xB8, 0xF5, 0xD1, 0x45, 0x82, 0x8E, 0x81, 0x89, 0xA1, 0x5E,
    0xB5, 0x24, 0x8B, 0x4F, 0x2F, 0x82, 0x5B, 0x6A, 0xB6, 0xD3, 0xBD, 0xCC, 0xFE, 0xAF, 0x56, 0x92,
    0x4B, 0x69, 0x7D, 0x02, 0xE8, 0x6B, 0xF6, 0x97, 0x88, 0xFD, 0x25, 0x1B, 0x5E, 0xA9, 0x24, 0x8B,
    0x91, 0x6D, 0xD4, 0xA4, 0xC7, 0x2D, 0xC9, 0xE5, 0x2B, 0x95, 0x1F, 0x1B, 0x4B, 0x34, 0x62, 0x3A,
    0x33, 0x1E, 0x38, 0xA9, 0xC2, 0x4A, 0x7C, 0xB9, 0x0A, 0xAA, 0xFC, 0x4A, 0x64, 0x5A, 0x8B, 0xB6,
    0x15, 0x72, 0x44, 0xE3, 0x12, 0x68, 0x4B, 0xF7, 0x84, 0x36, 0x42, 0x93, 0x50, 0xBE, 0xA0, 0x42,
    0xA8, 0x1C, 0x0D, 0xA5, 0x72, 0x60, 0x52, 0x69, 0x4B, 0x41, 0xE2, 0x06, 0xE8, 0x1D, 0x99, 0xDE,
    0x30, 0x85, 0x0B, 0xAA, 0x85, 0xAC, 0x37, 0x34, 0xBA, 0xC6, 0x50, 0x76, 0x60, 0x2A, 0xBA, 0x41,
    0x74, 0x25, 0x7C, 0x68, 0x7D, 0x1D, 0xBB, 0x65, 0x76, 0x56, 0x29, 0x2F, 0x00, 0x5E, 0x1C, 0x6A,
    0xB1, 0x93, 0x65, 0xB5, 0xF8, 0x11, 0x7F, 0xE2, 0x57, 0xFC, 0xE3, 0x04, 0x40, 0xE7, 0x81, 0x37,
    0x13, 0x50, 0x8C, 0x40, 0xC9, 0xA0, 0xC4, 0xF0, 0xB8, 0xF5, 0xC9, 0xFA, 0x92, 0x98, 0x18, 0x8E,
    0x51, 0xEF, 0x77, 0x73, 0x22, 0x4A, 0x17, 0x10, 0x95, 0xC3, 0x58, 0x74, 0xC3, 0x05, 0x5E, 0x40,
    0x37, 0x5D, 0x00, 0x78, 0x4F, 0xEE, 0xAE, 0xBB, 0x94, 0xF8, 0xE3, 0xE4, 0xF0, 0x86, 0x07, 0xDA,
    0x88, 0x82, 0x46, 0x54, 0x03, 0xA1, 0xEE, 0x6D, 0xB8, 0xE9, 0x1C, 0x4C, 0xB0, 0x8D, 0x8D, 0x2E,
    0x08, 0xE4, 0xFC, 0xA6, 0xE3, 0xBF, 0xF6, 0x11, 0x50, 0xA5, 0x75, 0x29, 0xD0, 0x31, 0xAC, 0xC7,
    0xE5, 0x22, 0x8B, 0x79, 0x41, 0xCB, 0x80, 0xF3, 0xF8, 0xA1, 0x20, 0xFE, 0xBA, 0x15, 0xC0, 0x1F,
    0xB6, 0x09, 0xA8, 0x04, 0x98, 0x5E, 0xE4, 0x37, 0x9F, 0xC3, 0x1B, 0x0D, 0xD0, 0xF5, 0x28, 0x69,
    0x80, 0x4E, 0x13, 0x6C, 0x70, 0xCD, 0x4D, 0xE7, 0x50, 0x7B, 0x07, 0xD7, 0x77, 0x5E, 0x20, 0xE7,
    0x37, 0x1D, 0x7F, 0xD9, 0xCC, 0x32, 0x0D, 0x42, 0xF2, 0x62, 0x01, 0x09, 0xB9, 0x86, 0xC9, 0x06,
    0x26, 0x73, 0x2D, 0x11, 0xC5, 0x95, 0x3A, 0xA1, 0x83, 0x7A, 0x5B, 0x2F, 0xAB, 0x3F, 0x5A, 0x63,
    0xAC, 0xD1, 0x3C, 0xA4, 0x14, 0xB3, 0x0A, 0x8A, 0x1E, 0x85, 0xEA, 0x21, 0x05, 0x1D, 0x3A, 0x5C,
    0x2E, 0x2E, 0x20, 0xBB, 0xC8, 0x48, 0x2B, 0x46, 0x46, 0x66, 0x9C, 0x33, 0xCE, 0x18, 0x8E, 0x61,
    0x9B, 0xEC, 0x8C, 0x67, 0x84, 0xEC, 0x74, 0x9F, 0x9D, 0x8A, 0x8C, 0x94, 0x5D, 0x39, 0x64, 0x87,
    0x91, 0x91, 0x19, 0x77, 0x19, 0x67, 0x0C, 0xC7, 0xA8, 0x19, 0x66, 0x45, 0x95, 0xCB, 0x4F, 0xD7,
    0x81, 0xD0, 0x32, 0x6C, 0x00, 0x74, 0xC4, 0x5E, 0x69, 0xC7, 0x25, 0x59, 0xD9, 0xD1, 0xD7, 0x51,
    0x27, 0xE7, 0xD5, 0xEE, 0xCB, 0xC0, 0xCB, 0xA3, 0xC8, 0x62, 0x5F, 0xF7, 0x3A, 0x89, 0x3F, 0xF1,
    0x2B, 0xFE, 0xB1, 0xF4, 0xC4, 0x76, 0xFD, 0x84, 0x33, 0x00, 0xE6, 0x47, 0xC8, 0x41, 0x56, 0x95,
    0xCB, 0x7E, 0x69, 0x42, 0x99, 0x5D, 0xC3, 0xD2, 0xFE, 0xC6, 0x73, 0x38, 0xDC, 0x1F, 0x6E, 0x2C,
    0x87, 0x2A, 0x9A, 0x60, 0x06, 0x1B, 0x05, 0x72, 0xFE, 0x63, 0xB4, 0xC1, 0xAF, 0x50, 0xF9, 0x16,
    0x75, 0xB0, 0xA1, 0x6D, 0xF4, 0xD7, 0xD3, 0xF2, 0x82, 0x42, 0xD7, 0x03, 0x6D, 0x40, 0x41, 0x09,
    0xD5, 0x7F, 0x33, 0xEA, 0xBE, 0x43, 0xDB, 0xD8, 0x70, 0x0A, 0xED, 0x7F, 0x82, 0x02, 0x00, 0xAA,
    0x88, 0x7A, 0xBE, 0x1D, 0x40, 0xF4, 0x95, 0x67, 0x77, 0x84, 0x6A, 0x54, 0x33, 0x4C, 0x04, 0x53,
    0x28, 0x88, 0x49, 0x09, 0x69, 0x21, 0x23, 0x64, 0x5B, 0x26, 0xE7, 0x98, 0x32, 0xD3, 0xDF, 0x46,
    0xA6, 0x87, 0x89, 0xE9, 0x51, 0x64, 0xFA, 0x47, 0x60, 0xFA, 0xAA, 0x61, 0x22, 0x30, 0x65, 0xA1,
    0x11, 0x6C, 0x91, 0x30, 0x43, 0x0F, 0x65, 0x66, 0x01, 0x8D, 0xB0, 0x44, 0x11, 0xAE, 0x9E, 0x1B,
    0x3C, 0x00, 0x80, 0xE7, 0x0D, 0x27, 0x07, 0xE4, 0x1F, 0x06, 0x05, 0xA3, 0xDC, 0x36, 0x61, 0xBC,
    0xDC, 0x84, 0xD3, 0xE1, 0xE1, 0x74, 0x93, 0x39, 0x1C, 0x1E, 0x4E, 0x37, 0x96, 0xC3, 0xD5, 0xAE,
    0x7C, 0xB3, 0xF1, 0x5F, 0x74, 0xA7, 0xFA, 0x62, 0x5F, 0x8E, 0xD3, 0xE1, 0x2F, 0xC7, 0xD0, 0xB3,
    0x78, 0xCE, 0x17, 0xEE, 0xCB, 0x97, 0x20, 0x07, 0x1C, 0x20, 0x7A, 0x22, 0x44, 0xFD, 0xBA, 0x5B,
    0x40, 0x35, 0x31, 0x81, 0x84, 0x5A, 0x21, 0xB7, 0x4F, 0x1D, 0x53, 0x39, 0x8B, 0x72, 0x16, 0x4A,
    0x42, 0x8D, 0x08, 0x70, 0x98, 0xD0, 0x7D, 0x09, 0x4D, 0x33, 0x2C, 0x91, 0x77, 0xDE, 0xF6, 0x1D,
    0x4C, 0x9A, 0x50, 0xA5, 0x0C, 0xB5, 0xA2, 0x8A, 0x59, 0x86, 0x27, 0x5A, 0x9F, 0xED, 0x84, 0x6C,
    0x67, 0xE4, 0x9A, 0xF8, 0xBA, 0x8E, 0x5B, 0x79, 0x39, 0x32, 0xF2, 0x8A, 0x51, 0x5A, 0x8B, 0x65,
    0x89, 0x75, 0xFA, 0x6C, 0xA9, 0xC9, 0x76, 0x64, 0x09, 0x80, 0x99, 0xE1, 0x9A, 0xED, 0xB3, 0xD0,
    0x09, 0x7B, 0xA5, 0xBB, 0xF4, 0xD7, 0x43, 0xA8, 0x06, 0xC7, 0x7E, 0x80, 0x22, 0x2F, 0xE8, 0x28,
    0x6B, 0xA2, 0x6C, 0x19, 0x6D, 0x28, 0x72, 0xC7, 0xF7, 0xA6, 0x15, 0x33, 0x54, 0x6E, 0xBD, 0xC9,
    0x8E, 0xE6, 0x6C, 0x68, 0xCC, 0x25, 0x87, 0x04, 0x9C, 0x07, 0xBA, 0xA7, 0x23, 0x4F, 0xC7, 0xE3,
    0xC5, 0x32, 0x09, 0x70, 0x19, 0x6C, 0x27, 0xFD, 0x2F, 0xE8, 0x64, 0xE2, 0xD1, 0x62, 0x49, 0x21,
    0xD5, 0x2B, 0x7A, 0xDC, 0xAB, 0x87, 0x14, 0xAA, 0xD0, 0x35, 0xC7, 0x8A, 0xA5, 0x92, 0xEE, 0xF5,
    0x58, 0x27, 0x81, 0x9C, 0x1F, 0xAD, 0x4E, 0x3A, 0x6E, 0xDB, 0xEF, 0xDC, 0x01, 0x83, 0x01, 0x12,
    0x63, 0xB4, 0x80, 0x9B, 0x80, 0x7A, 0x38, 0x4A, 0xCC, 0x6A, 0xAA, 0x26, 0xD4, 0xF4, 0x2E, 0x35,
    0x8E, 0x64, 0x23, 0xAC, 0xB2, 0x89, 0x77, 0xCA, 0xB1, 0x8A, 0x28, 0x06, 0x95, 0x16, 0x2A, 0x59,
    0x90, 0x6A, 0x21, 0x27, 0xD4, 0x15, 0x03, 0x90, 0x9F, 0x21, 0xB1, 0xD8, 0xA8, 0xAC, 0x63, 0xFB,
    0x15, 0x75, 0xC1, 0xB2, 0x3F, 0xBF, 0x78, 0xC6, 0xFB, 0x13, 0xCA, 0x35, 0xD5, 0x3A, 0x56, 0xA3,
    0xF3, 0xBB, 0xB9, 0xF9, 0x77, 0x0C, 0x5C, 0x03, 0xB9, 0x9F, 0x45, 0x4F, 0xF4, 0xC5, 0x4E, 0xEC,
    0xC5, 0x0F, 0x0C, 0x00, 0x1B, 0x81, 0x5B, 0x19, 0xC0, 0x3D, 0xC6, 0x06, 0x70, 0x99, 0x11, 0x2F,
    0x0D, 0x29, 0x46, 0x7D, 0xDD, 0x9A, 0xF1, 0xC9, 0xD3, 0x75, 0x42, 0xAF, 0xA5, 0xC9, 0x76, 0x2F,
    0xCC, 0x96, 0xE8, 0x29, 0x00, 0x08, 0xDC, 0x8A, 0xCB, 0x79, 0x48, 0x93, 0xA3, 0x9D, 0xD6, 0x71,
    0xBB, 0xB9, 0xB4, 0x59, 0x3A, 0x5E, 0xAC, 0xDD, 0x90, 0x22, 0x79, 0x78, 0xCE, 0xCB, 0x90, 0x3A,
    0x56, 0xAC, 0xAB, 0x93, 0xD3, 0x91, 0xEA, 0x34, 0x61, 0xD5, 0x82, 0xF5, 0x4C, 0xA6, 0x67, 0xBA,
    0xE6, 0x1B, 0x9A, 0xA5, 0x61, 0xA5, 0x5A, 0x08, 0xEA, 0x7B, 0x92, 0xF4, 0xDE, 0xA6, 0xDD, 0xD1,
    0xFE, 0x34, 0xB8, 0xCE, 0x3F, 0xD5, 0xCD, 0xA7, 0xA1, 0x45, 0x50, 0x4F, 0x4C, 0x6D, 0x07, 0x14,
    0x93, 0x0D, 0xAC, 0xA6, 0xD3, 0x0D, 0xA7, 0x51, 0x0E, 0x55, 0x44, 0x95, 0x4D, 0xDA, 0x92, 0x5C,
    0xDE, 0xF8, 0xF3, 0x90, 0xDA, 0x17, 0x3D, 0xBA, 0xBA, 0x87, 0xA3, 0x00, 0x3B, 0xA3, 0xA4, 0x04,
    0x43, 0x23, 0x4C, 0x3F, 0xE1, 0x67, 0x68, 0xD7, 0x1E, 0x63, 0x02, 0xBA, 0x7F, 0xA7, 0x8A, 0x28,
    0x19, 0xA2, 0xD1, 0xF5, 0xD5, 0xB2, 0xE6, 0xD9, 0x00, 0xD3, 0x03, 0x60, 0x33, 0x31, 0xF8, 0xFC,
    0x41, 0x07, 0x64, 0xD7, 0x94, 0xD9, 0x71, 0x77, 0x95, 0xEE, 0x77, 0x79, 0x39, 0xAF, 0xB2, 0x69,
    0x0C, 0xDD, 0x6E, 0x8C, 0x21, 0xD4, 0xE5, 0x84, 0xCB, 0x45, 0x66, 0xE8, 0x4C, 0x84, 0x99, 0x28,
    0x90, 0xB7, 0x3D, 0xC1, 0xC4, 0x75, 0x05, 0xF0, 0xD2, 0x78, 0x99, 0xD7, 0x92, 0xE5, 0x3C, 0x39,
    0xDF, 0x71, 0x37, 0xAC, 0xAE, 0x81, 0x5B, 0x21, 0x7A, 0x76, 0x6F, 0x9B, 0xF2, 0xE4, 0xC0, 0x6B,
    0xE9, 0x28, 0xB1, 0x0E, 0xBC, 0x96, 0x8E, 0x14, 0xEB, 0xD0, 0x16, 0xF4, 0x08, 0xB1, 0xAE, 0xBE,
    0x02, 0x8F, 0x12, 0x67, 0x5D, 0x94, 0x45, 0x80, 0x18, 0x5D, 0xBC, 0xF2, 0xAD, 0x6D, 0xFF, 0xCF,
    0xFB, 0x5D, 0x39, 0x64, 0xB7, 0x2C, 0xEA, 0x4D, 0x40, 0x3D, 0x5B, 0x0F, 0xA2, 0xF5, 0xAB, 0x4E,
    0x35, 0xA8, 0x0C, 0x13, 0xD5, 0xBC, 0xDB, 0x5C, 0x76, 0x4C, 0xED, 0xC5, 0xE6, 0xF2, 0xE1, 0xB0,
    0xB7, 0xAF, 0xA4, 0x86, 0x69, 0x06, 0x53, 0xC6, 0x06, 0xD5, 0x78, 0x75, 0x37, 0xF9, 0x7B, 0x00,
    0xCF, 0x9D, 0x68, 0xBF, 0xDF, 0x6E, 0xC5, 0x24, 0xBD, 0xB7, 0xF1, 0xBE, 0xDA, 0xA3, 0x8F, 0x16,
    0xEB, 0x50, 0x8F, 0x3E, 0x42, 0xAC, 0xAB, 0xBD, 0xEC, 0x58, 0xED, 0x67, 0xFA, 0x8B, 0x49, 0xB6,
    0x65, 0x20, 0x5F, 0xBF, 0xDB, 0x73, 0x40, 0xBD, 0xBF, 0xD1, 0x6B, 0xA1, 0x23, 0x66, 0xA8, 0xDD,
    0x6E, 0xAF, 0xC8, 0x6A, 0x00, 0xB2, 0x4A, 0xC0, 0xA6, 0x8A, 0x40, 0xFB, 0x74, 0xCB, 0xF7, 0xB1,
    0x07, 0x0C, 0x61, 0xA5, 0x6A, 0xB7, 0xEF, 0x2B, 0x85, 0xC4, 0x0A, 0x62, 0x25, 0x0E, 0xD7, 0x7C,
    0xEA, 0x70, 0x91, 0x94, 0xFB, 0x7F, 0xD0, 0x33, 0x9C, 0xA3, 0xE0, 0x88, 0xA2, 0xDB, 0xFB, 0xB2,
    0xF3, 0x1C, 0x88, 0x9E, 0xE8, 0x8B, 0x9D, 0xD8, 0xEB, 0xF9, 0x60, 0x8C, 0xC3, 0xFF, 0xE4, 0xBD,
    0x1A, 0x6D, 0xF3, 0x3F, 0xCD, 0x9A, 0x3B, 0xAC, 0xE4, 0x46, 0x76, 0x86, 0x3F, 0xB2, 0x60, 0x11,
    0x58, 0x06, 0x95, 0x2B, 0x61, 0x6C, 0x07, 0x66, 0x0E, 0xD8, 0x53, 0x84, 0x94, 0x03, 0x1B, 0x38,
    0xB7, 0x53, 0x25, 0x9E, 0x3C, 0x90, 0xC8, 0xB5, 0x72, 0x40, 0x79, 0xE2, 0x44, 0x81, 0xED, 0x44,
    0x39, 0xA0, 0x6D, 0x16, 0x76, 0x02, 0x05, 0x1B, 0x88, 0x8B, 0x0D, 0x1C, 0x38, 0x30, 0xED, 0x35,
    0x60, 0x18, 0x06, 0x2C, 0x02, 0x4B, 0xEC, 0x52, 0xAB, 0x22, 0x8F, 0xEB, 0x34, 0xA9, 0xBE, 0xBC,
    0x7D, 0xEF, 0x4C, 0xCF, 0xE3, 0x76, 0x8F, 0x6A, 0xF4, 0x7F, 0xD3, 0xD3, 0xCD, 0x3A, 0xA7, 0xFE,
    0x53, 0x14, 0x1F, 0x45, 0x26, 0x22, 0x03, 0xE9, 0x09, 0x8F, 0xB6, 0x2C, 0x00, 0xF9, 0x0C, 0xD8,
    0x45, 0x21, 0x40, 0xD1, 0x02, 0xE5, 0xF3, 0x0A, 0x5C, 0xD1, 0x44, 0x58, 0x0F, 0xB5, 0xE2, 0x90,
    0x77, 0x10, 0xB2, 0x3E, 0xC2, 0x0C, 0x24, 0x8A, 0x74, 0x32, 0x23, 0x66, 0x4C, 0x27, 0xCC, 0x40,
    0x20, 0x13, 0x09, 0xE4, 0x22, 0x33, 0xF6, 0x4F, 0xFF, 0xB2, 0x60, 0x3D, 0x35, 0x85, 0xC7, 0x51,
    0x36, 0xB8, 0xCA, 0x55, 0xF1, 0x6F, 0x07, 0x85, 0xAF, 0xC1, 0x7A, 0x23, 0xD2, 0x65, 0x9B, 0x38,
    0x6F, 0xED, 0x8C, 0x11, 0xF1, 0x56, 0x64, 0x28, 0x7D, 0x36, 0xBA, 0x98, 0x09, 0x92, 0xA0, 0xA2,
    0x95, 0x10, 0x73, 0x84, 0x32, 0xAA, 0xF6, 0x49, 0x68, 0x49, 0xC2, 0xBC, 0x69, 0xC1, 0x84, 0xBA,
    0xB1, 0xC1, 0xC9, 0x12, 0xAC, 0x4C, 0x21, 0x95, 0x2E, 0x24, 0x43, 0x32, 0xC0, 0x98, 0x46, 0xCC,
    0x79, 0x0F, 0x4E, 0x3C, 0xE4, 0xCB, 0x4F, 0xA7, 0x0E, 0x5D, 0xFC, 0xD3, 0xE7, 0x3E, 0x9D, 0x0A,
    0x8F, 0x08, 0x94, 0xD3, 0xD5, 0x6A, 0xF1, 0x5E, 0x8D, 0x6A, 0x16, 0x80, 0x5F, 0x2A, 0x02, 0x90,
    0x4C, 0x8A, 0x19, 0x40, 0x46, 0xA0, 0x1C, 0xD5, 0x2B, 0x6A, 0x16, 0x75, 0x8B, 0xDA, 0x45, 0xFD,
    0xA2, 0x66, 0x37, 0xB4, 0x6B, 0xCA, 0x40, 0xA9, 0x50, 0xD7, 0xA8, 0x6D, 0xE6, 0x13, 0xD4, 0x39,
    0x6A, 0x1D, 0xF5, 0x8E, 0x9A, 0x47, 0xDD, 0x6B, 0x00, 0xCD, 0xA3, 0x8E, 0xB0, 0xFE, 0x84, 0x1E,
    0xC8, 0xA5, 0x81, 0x44, 0xF1, 0x09, 0x10, 0xC0, 0x8C, 0xE8, 0x2F, 0xEA, 0x64, 0xDF, 0x92, 0x76,
    0xD4, 0xEC, 0x9A, 0xDC, 0xD7, 0x4D, 0xD1, 0xB7, 0x64, 0xC3, 0x8C, 0x19, 0x02, 0x2A, 0x78, 0x7D,
    0x99, 0x63, 0xBF, 0x43, 0xEC, 0xAF, 0x71, 0x34, 0x9E, 0xC6, 0xD5, 0xF8, 0x6B, 0xD2, 0x7A, 0x1B,
    0xC7, 0x04, 0xF9, 0xC0, 0xBD, 0xF6, 0x7C, 0x26, 0xDD, 0xF6, 0x88, 0xA2, 0xCF, 0x26, 0xD7, 0x24,
    0xC1, 0x81, 0xEA, 0x6F, 0xA2, 0x78, 0x44, 0xFA, 0x7D, 0xD0, 0xED, 0x74, 0x7B, 0xED, 0xA7, 0xFD,
    0x35, 0x0E, 0x1F, 0x56, 0x50, 0xF7, 0x24, 0x32, 0xC5, 0x34, 0x0B, 0xA5, 0x77, 0xCD, 0xCD, 0xFD,
    0xDA, 0x01, 0xCA, 0x00, 0x6D, 0x4B, 0x1A, 0xE2, 0xA4, 0x0F, 0xF9, 0x70, 0x35, 0xBF, 0x5A, 0x5A,
    0xD7, 0xA9, 0xDE, 0xCF, 0xDC, 0xAA, 0x35, 0x3B, 0xA9, 0xAE, 0x3A, 0xAF, 0x1F, 0x56, 0x1F, 0x36,
    0xB6, 0xAF, 0x31, 0x7F, 0x0A, 0x20, 0x03, 0x38, 0x7F, 0x73, 0xAF, 0xD9, 0x60, 0x07, 0x9D, 0x4F,
    0xDA, 0x76, 0x9D, 0x5F, 0x7B, 0x3D, 0xBF, 0x7F, 0x51, 0x7D, 0x58, 0xD9, 0xAE, 0xC5, 0xFC, 0xE1,
    0x71, 0xBF, 0x22, 0x7D, 0xD4, 0x1C, 0x25, 0x55, 0xC0, 0xF9, 0x80, 0xED, 0x02, 0xB9, 0xFA, 0x7D,
    0x0B, 0x69, 0x3F, 0xED, 0xEF, 0xBC, 0xC6, 0x5B, 0xE3, 0xF6, 0x80, 0x7D, 0x31, 0x9C, 0xD0, 0xB3,
    0xE1, 0x9B, 0x0E, 0x45, 0xBA, 0x58, 0x4F, 0x21, 0xDF, 0x7A, 0x9C, 0x7C, 0xE7, 0x69, 0xAB, 0xDA,
    0xB3, 0x50, 0x7A, 0x66, 0x0A, 0x4F, 0xC0, 0x5E, 0x80, 0x6E, 0xB7, 0xF5, 0xD0, 0xBE, 0x1A, 0x65,
    0x8B, 0xA7, 0x91, 0x31, 0x22, 0x8D, 0x62, 0x54, 0xE8, 0x8C, 0x20, 0x0A, 0x57, 0x45, 0x94, 0x3E,
    0xC2, 0x3E, 0x0A, 0x91, 0x7E, 0x43, 0xAB, 0x78, 0xE9, 0x76, 0x6B, 0x94, 0x2D, 0x9E, 0x6C, 0x39,
    0xB6, 0x6C, 0x0D, 0x90, 0x84, 0x3D, 0x74, 0x66, 0x56, 0xE4, 0x31, 0xF6, 0xFE, 0xE0, 0xFD, 0x9B,
    0x80, 0x91, 0xEF, 0x03, 0x56, 0x96, 0x40, 0xD9, 0xDB, 0x80, 0x6B, 0x4C, 0x04, 0xA9, 0x22, 0x79,
    0x19, 0xD2, 0x6D, 0xBB, 0xB2, 0xB3, 0x5B, 0x5F, 0x8D, 0x02, 0xED, 0x7F, 0x04, 0xCD, 0x53, 0x45,
    0x35, 0x2A, 0xCE, 0x9A, 0x88, 0x0C, 0x3F, 0x6A, 0x06, 0x5E, 0x25, 0x11, 0xF1, 0x3F, 0xEA, 0xD2,
    0xB6, 0xFB, 0xB8, 0x99, 0xEE, 0xF2, 0x9B, 0x38, 0x6F, 0xF5, 0xF7, 0x98, 0x75, 0x6C, 0x7D, 0xD1,
    0xE5, 0xA3, 0x3A, 0x71, 0x70, 0x54, 0x2D, 0x72, 0x27, 0x40, 0xE5, 0x36, 0xED, 0x77, 0x71, 0xA3,
    0x71, 0xEB, 0x19, 0x5B, 0xD9, 0xC6, 0xFA, 0xA2, 0xCA, 0xFB, 0x1A, 0x23, 0x33, 0xB4, 0xFD, 0x6D,
    0x7D, 0xFA, 0xCC, 0x9B, 0x2E, 0xF7, 0x66, 0x2C, 0x9B, 0xED, 0x42, 0xE5, 0x6A, 0x5E, 0x29, 0x3C,
    0xB8, 0x5E, 0xA5, 0x9F, 0x6F, 0x3E, 0xA7, 0xE4, 0x9A, 0x77, 0x58, 0x65, 0xFB, 0xAB, 0xF9, 0xBC,
    0x89, 0x17, 0xCA, 0xED, 0xAA, 0x2B, 0x40, 0x32, 0xB1, 0x6D, 0x31, 0x42, 0x39, 0xDE, 0xF7, 0x92,
    0x0D, 0xAE, 0x4A, 0xA7, 0xD5, 0x4B, 0x94, 0xC8, 0x9D, 0x80, 0x9D, 0x7E, 0xEE, 0x9A, 0x34, 0xC4,
    0xED, 0xC7, 0x3B, 0x2F, 0xCB, 0x1A, 0xDB, 0x0C, 0x90, 0x77, 0x60, 0x3D, 0xE4, 0x03, 0x18, 0xF1,
    0x20, 0xFE, 0xC3, 0xE6, 0x78, 0x3A, 0xAA, 0xCC, 0x3C, 0xAF, 0xA9, 0x5D, 0x77, 0xF3, 0x39, 0xCD,
    0x07, 0xDB, 0x9B, 0xC9, 0x35, 0x2C, 0x0B, 0xB8, 0x00, 0x76, 0xB8, 0xDA, 0xBC, 0xF2, 0xC1, 0x17,
    0x5A, 0x5E, 0x68, 0x67, 0x8D, 0x52, 0xC5, 0xDC, 0xDD, 0xFD, 0x5C, 0x33, 0xE6, 0x74, 0xEA, 0x8B,
    0xB9, 0x9A, 0x53, 0x2E, 0x15, 0x0F, 0x64, 0x24, 0x1C, 0x95, 0x46, 0xC1, 0x03, 0x69, 0x7F, 0x8D,
    0x73, 0x6F, 0x0C, 0xB6, 0x07, 0x37, 0xA1, 0x7E, 0xD5, 0xB7, 0x3D, 0x1B, 0x83, 0x1E, 0x8C, 0x8D,
    0xCC, 0x41, 0x0F, 0xA7, 0x7A, 0x5C, 0xD5, 0x03, 0xEC, 0xEA, 0x39, 0x79, 0x89, 0xD2, 0xE3, 0x36,
    0xC5, 0x50, 0x1C, 0xFB, 0xE8, 0x11, 0x98, 0xE7, 0xBF, 0x08, 0x90, 0x6C, 0x4A, 0x27, 0xC8, 0xC7,
    0x74, 0x1B, 0x43, 0x8C, 0xCD, 0x23, 0xC7, 0x8C, 0x9B, 0xD6, 0x20, 0x8F, 0xF9, 0xB3, 0xCE, 0x9E,
    0xE5, 0xBF, 0x6D, 0x0D, 0xF6, 0xC7, 0x12, 0xFD, 0xFC, 0x5E, 0xF6, 0x83, 0x72, 0x50, 0xE9, 0xE7,
    0xDB, 0xFB, 0xBF, 0x85, 0xC7, 0x7D, 0x33, 0x61, 0xBB, 0xCC, 0xEE, 0xC0, 0x6D, 0x77, 0x52, 0x3C,
    0x03, 0xB6, 0x21, 0x9A, 0x09, 0x32, 0xFD, 0x3D, 0xAA, 0xE8, 0xC1, 0xF9, 0xDB, 0xD7, 0x44, 0x6F,
    0xBB, 0xDA, 0x8E, 0x54, 0x46, 0xF2, 0x61, 0xA6, 0xF4, 0xAE, 0x62, 0xD7, 0x02, 0xD9, 0xF0, 0xBA,
    0xDA, 0x1F, 0xE3, 0xDE, 0xA4, 0x1F, 0x75, 0x05, 0x89, 0x74, 0x90, 0xFD, 0x30, 0x82, 0xFD, 0x4D,
    0x00, 0x57, 0xD5, 0x3C, 0x68, 0xEE, 0xD5, 0xC8, 0x97, 0x08, 0x27, 0x1E, 0xD7, 0xCA, 0x80, 0x8B,
    0x33, 0x83, 0xF3, 0x66, 0xC2, 0x55, 0x49, 0xC0, 0xC1, 0x3B, 0xC1, 0x0C, 0x14, 0xFE, 0x0C, 0xAD,
    0x88, 0xCC, 0x51, 0xB2, 0x1C, 0xF1, 0xD8, 0x26, 0x46, 0x44, 0xF6, 0xD0, 0xEF, 0xDE, 0x0A, 0x70,
    0x87, 0x98, 0x6B, 0x8F, 0xFD, 0xAF, 0x6D, 0x8F, 0xF9, 0xBD, 0x04, 0xCC, 0x0F, 0x22, 0x98, 0x85,
    0xB6, 0x32, 0x01, 0xD7, 0x98, 0x71, 0x8D, 0x62, 0xDF, 0x02, 0x00, 0xD9, 0x64, 0xB1, 0x52, 0x50,
    0x58, 0xA1, 0x4C, 0x03, 0xFB, 0xD6, 0x8A, 0x74, 0xAA, 0x3A, 0x2A, 0xA6, 0xE2, 0xA9, 0x54, 0x6F,
    0x71, 0x55, 0x5B, 0xA6, 0x8F, 0x06, 0x52, 0xF9, 0x5D, 0x8F, 0xF9, 0x4F, 0xE9, 0x30, 0x5D, 0xDD,
    0x70, 0xD6, 0x4A, 0x19, 0x37, 0x14, 0x0A, 0xCC, 0x3B, 0xC2, 0x89, 0x48, 0x55, 0x9F, 0x50, 0x88,
    0x50, 0x6E, 0x02, 0x6E, 0x5E, 0x06, 0x23, 0xD2, 0x13, 0x31, 0xAC, 0xD0, 0x76, 0xEB, 0x0A, 0x50,
    0x60, 0xAB, 0x12, 0xDB, 0x1D, 0x30, 0x12, 0xA0, 0xED, 0x6F, 0x5B, 0x81, 0xDE, 0x0C, 0x98, 0xC1,
    0xF4, 0x24, 0xA1, 0xF0, 0x9A, 0xB3, 0x82, 0x22, 0xDC, 0xBA, 0x0C, 0xB7, 0xB0, 0xCA, 0x67, 0xC0,
    0x04, 0xE9, 0x00, 0x46, 0x35, 0x41, 0x22, 0x03, 0xD4, 0x51, 0x59, 0x14, 0x76, 0x52, 0x04, 0xF4,
    0x9F, 0xB7, 0xAE, 0x00, 0xF9, 0x69, 0x1D, 0xF5, 0x99, 0xE2, 0x33, 0x45, 0x5D, 0x01, 0x6E, 0x06,
    0x72, 0x45, 0xD9, 0x40, 0xED, 0x55, 0xFA, 0xF9, 0xE6, 0xFF, 0xB7, 0x5C, 0xBB, 0x02, 0xF0, 0xCF,
    0x40, 0xAA, 0x9F, 0x72, 0xE9, 0xA0, 0x7C, 0x31, 0x42, 0xCB, 0xCC, 0x83, 0x36, 0x3F, 0x39, 0x3E,
    0x51, 0x1C, 0x14, 0x35, 0x04, 0x5C, 0x95, 0x06, 0xCA, 0x2E, 0x9F, 0xB0, 0xDB, 0xD1, 0x41, 0xCB,
    0x3E, 0x03, 0x0F, 0x4E, 0xAE, 0xF3, 0xA3, 0x27, 0xD7, 0x5A, 0x0D, 0x29, 0x70, 0x0A, 0x28, 0x9F,
    0x0E, 0xEE, 0x08, 0x00, 0x4D, 0x9B, 0x2C, 0xE0, 0x24, 0x28, 0x06, 0x45, 0x05, 0x81, 0x24, 0x04,
    0xCC, 0xB4, 0x5E, 0x10, 0xD8, 0x3E, 0x50, 0xF8, 0x80, 0x6B, 0x02, 0x35, 0x81, 0x85, 0x90, 0x04,
    0x82, 0x99, 0x08, 0xD9, 0xB0, 0xAD, 0x9F, 0x75, 0x51, 0x03, 0xC1, 0x8C, 0x51, 0x81, 0xC0, 0x1C,
    0x25, 0x51, 0x6E, 0xB7, 0xA6, 0x66, 0x87, 0x80, 0x19, 0xA3, 0x42, 0xE0, 0x6C, 0x52, 0x6C, 0x0F,
    0xA5, 0x07, 0x07, 0x2C, 0x90, 0x06, 0x08, 0xBC, 0x4C, 0x69, 0xB8, 0x1B, 0x57, 0xE9, 0xD7, 0x1C,
    0x42, 0x48, 0x83, 0xE6, 0xD7, 0x71, 0x6C, 0x63, 0x1A, 0x76, 0x63, 0x69, 0x59, 0xC7, 0x5F, 0xFC,
    0xB8, 0xB6, 0x37, 0xA9, 0xC7, 0x4B, 0x63, 0x38, 0x44, 0x1E, 0x30, 0xE3, 0x01, 0x3B, 0x1C, 0x28,
    0xFC, 0x01, 0xD7, 0x1C, 0x68, 0x39, 0xE8, 0x5C, 0x9B, 0x89, 0x56, 0x86, 0x4D, 0x23, 0x87, 0x34,
    0x70, 0x60, 0x89, 0xAA, 0xA3, 0x9C, 0x8F, 0x7D, 0xFA, 0x03, 0x79, 0xEC, 0x67, 0xC2, 0x01, 0x66,
    0xFE, 0x49, 0x63, 0x6E, 0xD7, 0x97, 0x9A, 0xA6, 0xE2, 0x5E, 0x73, 0xD5, 0x95, 0xB4, 0xBB, 0x59,
    0x5F, 0xAF, 0x2E, 0xA9, 0xD9, 0x6A, 0x69, 0x46, 0x1E, 0xDE, 0x78, 0xA0, 0x7D, 0xC6, 0x3D, 0x30,
    0x57, 0x43, 0x1A, 0x00, 0x74, 0xAE, 0xA8, 0x15, 0xC5, 0x76, 0x97, 0x7F, 0x05, 0xDD, 0x5B, 0xF9,
    0xD8, 0xB7, 0x5C, 0xF3, 0x7A, 0x70, 0x0D, 0xB4, 0x40, 0x78, 0xCF, 0x05, 0xE0, 0xBC, 0x15, 0x1D,
    0xEB, 0xE8, 0x68, 0x4F, 0x33, 0x37, 0xC1, 0xCC, 0xC4, 0x9C, 0xA8, 0x46, 0xE6, 0x54, 0x35, 0xA8,
    0x9E, 0xB4, 0x50, 0xD1, 0xBE, 0xF5, 0x8A, 0xE6, 0x08, 0xCC, 0x58, 0x54, 0x6C, 0x28, 0x7F, 0x5A,
    0x7B, 0x42, 0xE1, 0x67, 0x5C, 0xEC, 0x53, 0x47, 0xB9, 0xA8, 0xC2, 0x5F, 0x36, 0xA8, 0xEA, 0x81,
    0x95, 0xAD, 0x12, 0xF2, 0x37, 0xE7, 0x41, 0x99, 0x4A, 0x83, 0xD2, 0x9F, 0x3E, 0xD3, 0xBE, 0xBC,
    0x57, 0x36, 0xB0, 0x5A, 0x57, 0x8A, 0x74, 0xA7, 0x51, 0x94, 0xCA, 0x4B, 0xA7, 0x9B, 0x26, 0x22,
    0xF3, 0x11, 0x2E, 0x62, 0x11, 0x40, 0x46, 0x85, 0x87, 0x74, 0x01, 0xEC, 0x0C, 0xD4, 0x8A, 0x4F,
    0x15, 0x7F, 0xF7, 0xEA, 0x78, 0x5A, 0x88, 0x3B, 0x5C, 0xDC, 0xF9, 0x7F, 0xA6, 0x78, 0x16, 0xF1,
    0x87, 0x25, 0x42, 0x46, 0x85, 0x8F, 0x38, 0x26, 0x1E, 0x81, 0x36, 0x22, 0x3D, 0x7E, 0xFF, 0x7B,
    0xC5, 0xC7, 0x6F, 0x30, 0xE7, 0xDB, 0x73, 0xC7, 0x7B, 0x8F, 0x5A, 0xF7, 0xCD, 0x79, 0x82, 0xEB,
    0xA3, 0x86, 0x4D, 0x53, 0x54, 0x88, 0xFA, 0x3A, 0xEA, 0x59, 0x94, 0x8B, 0x2A, 0xAB, 0xE0, 0x6C,
    0x13, 0xE5, 0x83, 0xCB, 0xBB, 0xE0, 0x4C, 0x1F, 0x35, 0x04, 0x97, 0x8E, 0xC1, 0x31, 0x45, 0x85,
    0xA8, 0x4F, 0xA3, 0x9E, 0x45, 0xB9, 0xA8, 0x22, 0xCA, 0x6E, 0xCA, 0xC2, 0xE9, 0xF8, 0x6F, 0x06,
    0xB0, 0x0F, 0x1F, 0x07, 0x86, 0x72, 0x22, 0x88, 0xB0, 0x88, 0x78, 0x69, 0xCA, 0x4E, 0xB0, 0xFD,
    0x4C, 0xF6, 0x56, 0x8F, 0x8C, 0x6E, 0xE2, 0x67, 0xD7, 0x4E, 0x8F, 0x8D, 0xED, 0xE9, 0x88, 0xF7,
    0xA4, 0x7E, 0x2E, 0x9D, 0x52, 0x7F, 0xF6, 0xC5, 0x07, 0x5F, 0x98, 0xB1, 0xF4, 0xCC, 0xED, 0x69,
    0xAD, 0xF5, 0xD6, 0xF3, 0xAB, 0x8F, 0xB2, 0xF3, 0x41, 0x48, 0xE5, 0xF4, 0x48, 0xF0, 0x6A, 0xF3,
    0x9B, 0x9E, 0xCE, 0xB3, 0xB6, 0x67, 0xAD, 0x06, 0x0E, 0x1E, 0xE4, 0x43, 0x13, 0xA2, 0x19, 0xD1,
    0x94, 0x68, 0x4E, 0x34, 0x29, 0x01, 0xF3, 0x4E, 0xB8, 0x57, 0xD1, 0x31, 0x2A, 0x6C, 0xFA, 0x6C,
    0x5F, 0x4D, 0xBF, 0x2A, 0x7B, 0x59, 0x25, 0x5D, 0x54, 0xB9, 0xAF, 0x62, 0xD4, 0x69, 0xF5, 0x6B,
    0xBF, 0x9A, 0x35, 0x60, 0xA5, 0x8F, 0x6A, 0xB0, 0xF3, 0xCB, 0x2B, 0xF9, 0x16, 0x22, 0xEA, 0xB4,
    0x4B, 0x39, 0x69, 0x70, 0x0B, 0xB8, 0xFF, 0xE2, 0xD5, 0x4F, 0xD9, 0xA6, 0xBB, 0x95, 0xFB, 0x3E,
    0x1F, 0x5C, 0x63, 0x26, 0x1D, 0xAF, 0x83, 0xB7, 0x50, 0x12, 0xB4, 0x7F, 0xD1, 0xE5, 0x83, 0xC6,
    0xD3, 0xB8, 0x1A, 0xFF, 0x75, 0x9F, 0xF2, 0x95, 0x5D, 0x3E, 0xEE, 0x9F, 0xA2, 0xD4, 0x8F, 0xC8,
    0x6D, 0xD2, 0xED, 0xCA, 0x7B, 0x79, 0xBE, 0xBF, 0xB0, 0x62, 0x7E, 0x03, 0x9F, 0x0F, 0xF3, 0x5F,
    0xCD, 0x2B, 0xD6, 0x07, 0xCA, 0xCF, 0x47, 0x3E, 0xCB, 0x7B, 0x82, 0xAE, 0x7B, 0xB9, 0x5B, 0xCF,
    0xEB, 0x85, 0x31, 0x3C, 0xAD, 0xDF, 0x74, 0x71, 0x12, 0xBF, 0x68, 0xF5, 0xE4, 0x2B, 0x32, 0xD4,
    0x95, 0x40, 0x8B, 0x83, 0x45, 0x31, 0x3F, 0x0E, 0xF1, 0xF7, 0x00, 0x2F, 0xC5, 0xA2, 0x68, 0x15,
    0x1A, 0x19, 0xCD, 0xB1, 0x66, 0x3B, 0xE6, 0xCD, 0xE7, 0x7C, 0xA6, 0x94, 0xE7, 0xD2, 0xD4, 0x22,
    0xE2, 0x0F, 0x26, 0xD8, 0x3E, 0x98, 0x29, 0xEB, 0x43, 0x3A, 0x9A, 0x61, 0x83, 0xC8, 0x3D, 0x8C,
    0x70, 0x06, 0xED, 0xD1, 0x69, 0xDF, 0xEE, 0x18, 0x45, 0xE3, 0x11, 0x23, 0x07, 0xE0, 0x93, 0x6D,
    0x75, 0x7D, 0xB7, 0xF2, 0xBE, 0x6B, 0x22, 0x63, 0x94, 0xA8, 0x7C, 0xA0, 0x18, 0x02, 0x46, 0x35,
    0x05, 0x52, 0x55, 0x58, 0xFF, 0x36, 0x51, 0xF9, 0x10, 0x28, 0x7B, 0xDD, 0x2E, 0x4A, 0xFB, 0x69,
    0x52, 0x02, 0xFA, 0x67, 0x89, 0xAA, 0xD9, 0x6E, 0xF2, 0xF6, 0x2F, 0x71, 0x8C, 0x1A, 0x03, 0x6A,
    0x60, 0x26, 0x86, 0x3A, 0xDD, 0x81, 0xED, 0x5B, 0x6D, 0x67, 0xEA, 0x5A, 0x7C, 0x2D, 0xD2, 0xD7,
    0x9D, 0x8D, 0x13, 0x60, 0xC6, 0x1A, 0x33, 0xD5, 0xA4, 0x9B, 0xF8, 0x79, 0x14, 0x97, 0x75, 0x23,
    0x3F, 0x17, 0xCE, 0xB2, 0xD9, 0x20, 0x1D, 0xD9, 0x1F, 0x25, 0x90, 0x89, 0x2C, 0x64, 0x33, 0x42,
    0x36, 0xE2, 0xAA, 0x6C, 0xC0, 0x35, 0x11, 0xE5, 0x09, 0x7F, 0x46, 0x04, 0x6F, 0x84, 0xF3, 0x66,
    0x26, 0xB6, 0xF3, 0x78, 0xE1, 0xD9, 0xEE, 0x6C, 0x5B, 0xE0, 0xC2, 0xBB, 0x37, 0xB7, 0x29, 0x95,
    0xED, 0x0A, 0x1F, 0x27, 0xB3, 0x62, 0x99, 0xA1, 0x1E, 0xA1, 0xE8, 0xAF, 0x36, 0xF5, 0x97, 0x2E,
    0x5E, 0xEF, 0x1D, 0xB6, 0x3A, 0xBB, 0x3F, 0x6C, 0x7D, 0x19, 0x85, 0x6B, 0xD6, 0xE1, 0x59, 0x69,
    0x30, 0xB2, 0x40, 0x1C, 0xD7, 0xBA, 0xC4, 0x98, 0x6F, 0x6F, 0x76, 0x32, 0x03, 0x87, 0xC3, 0xAA,
    0xB9, 0xD6, 0xBE, 0xDD, 0xFA, 0x80, 0x39, 0x3B, 0x3D, 0xF0, 0xD2, 0xFA, 0x1F, 0xD6, 0xCD, 0xCD,
    0x63, 0x0F, 0xF6, 0x16, 0xF4, 0x54, 0x55, 0xC4, 0x3E, 0xCE, 0x67, 0x9A, 0x3F, 0x6A, 0xED, 0x55,
    0xFE, 0x8F, 0xE6, 0x5E, 0x74, 0x8C, 0x3D, 0x1F, 0xB4, 0x23, 0x98, 0x00, 0x84, 0x3F, 0x8F, 0x72,
    0x2A, 0x6F, 0x42, 0x29, 0x32, 0xC6, 0xFE, 0x7D, 0x22, 0xCB, 0xE5, 0x87, 0xD9, 0xB7, 0xF0, 0x6B,
    0x07, 0x70, 0x01, 0x74, 0xDC, 0x41, 0x2F, 0xEC, 0x6C, 0x7F, 0x25, 0xBF, 0xD7, 0xF7, 0xD3, 0xCE,
    0x50, 0x00, 0x65, 0x0F, 0x1F, 0x04, 0xDD, 0x14, 0xD0, 0x38, 0x21, 0xAA, 0x7F, 0x5A, 0x2F, 0x16,
    0x28, 0x34, 0xCF, 0x0C, 0x38, 0xA0, 0x05, 0x37, 0x47, 0xF5, 0x17, 0x2F, 0xD2, 0x6F, 0x31, 0xAF,
    0x17, 0x5E, 0xCA, 0x78, 0xD2, 0x5A, 0x1C, 0xCF, 0x58, 0x47, 0x38, 0x05, 0xE9, 0x04, 0xB7, 0x03,
    0xA3, 0x62, 0x51, 0x7C, 0xD5, 0x01, 0x66, 0x3B, 0xCE, 0x62, 0xA4, 0x57, 0x54, 0x50, 0x78, 0x1E,
    0x45, 0x2B, 0x22, 0x2B, 0x6A, 0x85, 0x7E, 0xF7, 0x36, 0xB0, 0x47, 0x74, 0xA0, 0x15, 0x05, 0xA3,
    0xA0, 0x55, 0xFC, 0x15, 0xC0, 0xA1, 0x02, 0x9E, 0x0F, 0xEB, 0x78, 0x4F, 0xCF, 0x3D, 0x14, 0x0D,
    0xE9, 0x97, 0xC9, 0x97, 0x30, 0xE7, 0x03, 0xB8, 0xE7, 0x1E, 0xAC, 0x00, 0x26, 0x70, 0xDE, 0xDE,
    0x73, 0x89, 0x13, 0x65, 0x3A, 0x2A, 0x06, 0x28, 0x7E, 0xA5, 0x78, 0xB1, 0xE1, 0x89, 0xCB, 0xB9,
    0xC1, 0x76, 0x8A, 0x7D, 0x39, 0xDF, 0xA9, 0x06, 0xDB, 0x0B, 0xF5, 0x1B, 0xDE, 0xA2, 0x06, 0xEF,
    0xBA, 0x0F, 0xA9, 0x97, 0x89, 0x42, 0x93, 0x2B, 0x5E, 0xDB, 0xB4, 0xB6, 0x64, 0x31, 0xDE, 0xC8,
    0x37, 0x3E, 0x7B, 0x21, 0x3E, 0xF7, 0x2D, 0xFB, 0xE6, 0x20, 0x3C, 0x8D, 0x4E, 0x2F, 0x5C, 0x4C,
    0x45, 0xBF, 0xBF, 0xBC, 0x9E, 0xAF, 0x30, 0x86, 0x7D, 0x2E, 0x3B, 0xE4, 0x17, 0x6E, 0x07, 0x6F,
    0xE9, 0xF5, 0x2C, 0xFF, 0x15, 0x7C, 0x5E, 0xB8, 0x1D, 0xBC, 0x95, 0xCF, 0x87, 0xF9, 0xAF, 0xE6,
    0x95, 0xBC, 0x87, 0x3A, 0xC0, 0xF4, 0x0C, 0x86, 0x62, 0x95, 0x7E, 0xD6, 0xEF, 0x8A, 0xE1, 0x56,
    0x9E, 0x2F, 0x8D, 0xE3, 0x0A, 0xDE, 0x2F, 0xDC, 0x06, 0xDF, 0xC6, 0xF7, 0xD3, 0x8E, 0xE1, 0x82,
    0xDF, 0x27, 0xF3, 0xB3, 0x5F, 0x5A, 0xB8, 0xF7, 0x52, 0x9A, 0x00, 0xDB, 0xB5, 0x79, 0xD6, 0x43,
    0xDE, 0xED, 0x5E, 0x88, 0x6D, 0xFD, 0x3B, 0xE5, 0xE9, 0xCE, 0xF2, 0xBC, 0xE2, 0xC5, 0x5B, 0xF8,
    0xE4, 0xB5, 0x1E, 0x96, 0x7F, 0x86, 0xF0, 0xF5, 0x33, 0x44, 0xB3, 0x9C, 0x90, 0x08, 0x53, 0x44,
    0x35, 0x95, 0xE9, 0x77, 0x8A, 0xFF, 0xFD, 0xC5, 0x58, 0x7C, 0xFC, 0x6F, 0xFF, 0x30, 0x14, 0x1F,
    0xFF, 0xEB, 0xAF, 0x06, 0xFB, 0xF9, 0x37, 0x8A, 0x17, 0x2F, 0x06, 0xFB, 0xCD, 0x8A, 0xDF, 0xF6,
    0xF6, 0xD7, 0x9F, 0xFF, 0xB6, 0xCF, 0x7F, 0xFD, 0xF9, 0xEF, 0xBA, 0xFC, 0xDB, 0x8F, 0xFE, 0xBB,
    0xCB, 0xBE, 0xFD, 0xE8, 0x8F, 0x3E, 0xFB, 0xF7, 0xE4, 0x07, 0x6F, 0xBE, 0x23, 0x42, 0x90, 0x23,
    0x1A, 0xB3, 0xB0, 0x21, 0x9D, 0x69, 0x2B, 0x4C, 0x00, 0xAC, 0x00, 0x4E, 0x1A, 0x10, 0xDB, 0x93,
    0x06, 0x33, 0x71, 0xD6, 0xE2, 0x57, 0x66, 0x08, 0x26, 0x98, 0xFE, 0xEB, 0x88, 0xEE, 0x88, 0x4F,
    0xB3, 0x90, 0xF9, 0xBF, 0xCE, 0x7F, 0x99, 0xFB, 0x67, 0xF6, 0xEF, 0x15, 0xA5, 0x6D, 0x9C, 0x2D,
    0x6C, 0x53, 0x16, 0xD6, 0x56, 0x45, 0x04, 0xF6, 0x2F, 0xED, 0xDF, 0x62, 0x3F, 0xB5, 0x5F, 0x61,
    0xBF, 0xCE, 0xFF, 0x2F, 0x22, 0x5B, 0xC8, 0x83, 0x99, 0x15, 0x81, 0x6C, 0x8A, 0x30, 0x63, 0x04,
    0xC9, 0x97, 0xA7, 0x57, 0x28, 0xA4, 0x82, 0xD6, 0x76, 0x3A, 0x8C, 0x91, 0xB3, 0x76, 0x00, 0xDB,
    0xBB, 0x08, 0xEF, 0x1A, 0xCA, 0xA6, 0xF0, 0x38, 0x6C, 0xC7, 0x61, 0x5B, 0xC6, 0x1D, 0x93, 0xA0,
    0xDD, 0x06, 0x08, 0xD9, 0xB0, 0x46, 0xC1, 0x59, 0x0F, 0xE5, 0x57, 0xD5, 0xE6, 0x32, 0x5F, 0x00,
    0x13, 0x14, 0x6F, 0x7A, 0x82, 0x7F, 0xDD, 0x5A, 0x39, 0x28, 0xEE, 0x8F, 0xAF, 0x26, 0xEF, 0x59,
    0x30, 0xA7, 0x41, 0x26, 0xEA, 0x0D, 0x1D, 0x29, 0x87, 0xAC, 0x87, 0xFA, 0x6E, 0xA4, 0xFF, 0xD8,
    0x6C, 0x39, 0x14, 0x64, 0xA7, 0xE1, 0xDE, 0xAD, 0x73, 0x6B, 0x2F, 0x0D, 0x88, 0x86, 0xD6, 0x5C,
    0x10, 0x73, 0xAD, 0x89, 0x49, 0x26, 0x33, 0x60, 0xE6, 0x7C, 0x5A, 0xA1, 0xFF, 0xFC, 0x49, 0x15,
    0xF1, 0xE2, 0xE3, 0x27, 0x91, 0xB0, 0x69, 0xFF, 0xBE, 0x68, 0x77, 0xB7, 0x02, 0x73, 0x00, 0x1E,
    0xFB, 0xA9, 0x82, 0xF6, 0xEC, 0xA7, 0x1E, 0x8A, 0xED, 0x27, 0x8D, 0x57, 0x6F, 0xBA, 0x70, 0x07,
    0xAF, 0xDB, 0x4E, 0xAA, 0x32, 0x6A, 0x7B, 0x7A, 0xBD, 0xAD, 0xAA, 0xC9, 0xB6, 0xFA, 0xB3, 0x8D,
    0xDB, 0x79, 0x68, 0xB7, 0x30, 0xBB, 0xAF, 0xB6, 0xFE, 0x41, 0x75, 0xF6, 0x0A, 0xF2, 0xED, 0xBD,
    0x9E, 0xF2, 0x5F, 0xD7, 0xE7, 0x85, 0x3B, 0xDA, 0x9B, 0x78, 0xBD, 0x74, 0x47, 0xFB, 0x94, 0x7E,
    0x53, 0x11, 0x2B, 0xE2, 0x64, 0xA9, 0x2B, 0x0E, 0xBC, 0xD3, 0x7F, 0xFF, 0x0F, 0xC5, 0x96, 0x21,
    0x6C, 0xE5, 0x46, 0x10, 0x86, 0x7F, 0x7B, 0xA5, 0x58, 0xAA, 0xC1, 0xF2, 0x12, 0xE3, 0x22, 0x73,
    0x72, 0x6B, 0x4E, 0xCA, 0x51, 0x69, 0x59, 0xB8, 0x54, 0x75, 0x5D, 0x4E, 0xC2, 0x51, 0x41, 0x50,
    0x39, 0xED, 0xF3, 0x56, 0x07, 0x0A, 0xEB, 0x72, 0x62, 0x5A, 0x14, 0x03, 0x83, 0xBD, 0x6A, 0xBD,
    0xD3, 0x7F, 0x64, 0xE7, 0xE5, 0x25, 0xCE, 0x29, 0x52, 0xD2, 0xCB, 0xAD, 0xF4, 0x7F, 0x77, 0x7A,
    0xCA, 0xCE, 0xFC, 0xB3, 0x33, 0x93, 0x3C, 0x00, 0x1F, 0xCE, 0xF2, 0x9F, 0x3E, 0x18, 0x91, 0xD5,
    0x8A, 0xA4, 0x66, 0xAA, 0x67, 0xD7, 0x9B, 0xC5, 0xA1, 0x48, 0x0E, 0x78, 0x85, 0x8A, 0xC4, 0xFB,
    0xB1, 0x19, 0xEB, 0x99, 0xF1, 0x26, 0xC6, 0xED, 0x19, 0x1F, 0x3C, 0xEE, 0x2C, 0x1F, 0xDD, 0x9E,
    0x2F, 0xB6, 0x23, 0xF3, 0x75, 0x65, 0xBC, 0xBF, 0xEF, 0x8F, 0x3A, 0xC7, 0xD6, 0x9F, 0x6B, 0x8F,
    0x71, 0xCD, 0xFC, 0x18, 0x93, 0x03, 0x64, 0x54, 0xF4, 0x44, 0xC2, 0xFF, 0x8A, 0x42, 0x51, 0x12,
    0xAC, 0x11, 0xFA, 0x58, 0x50, 0x37, 0x50, 0x3B, 0x80, 0x5F, 0xA1, 0xA7, 0xF8, 0xF5, 0x89, 0x2B,
    0xF5, 0x42, 0x6C, 0xAE, 0x72, 0xF7, 0x9A, 0x94, 0xC4, 0x9E, 0xD2, 0xCE, 0xA8, 0x2F, 0x52, 0x46,
    0xA0, 0xBC, 0x2D, 0x6E, 0x81, 0x95, 0x5E, 0xE0, 0xAE, 0x03, 0xE8, 0x48, 0xB3, 0x26, 0x1C, 0x4E,
    0x95, 0x88, 0x7A, 0x25, 0x6C, 0x56, 0x08, 0xD1, 0x0C, 0x44, 0x7B, 0xDD, 0x01, 0xAE, 0xE9, 0x09,
    0x1B, 0x00, 0xAF, 0x38, 0xD5, 0x23, 0x90, 0xAA, 0x89, 0x60, 0x19, 0x85, 0xA2, 0x8C, 0x66, 0x81,
    0x59, 0xCA, 0xA8, 0x85, 0x25, 0x54, 0x22, 0x49, 0xBD, 0xAC, 0xB0, 0xFF, 0xFE, 0x96, 0xC1, 0x4B,
    0x1E, 0x4D, 0x80, 0x43, 0xDB, 0xC3, 0x75, 0xAE, 0xE3, 0xBF, 0x0E, 0xFC, 0xC4, 0x03, 0x36, 0xB0,
    0x6D, 0x53, 0x99, 0x5C, 0xC0, 0x20, 0x80, 0x4B, 0x00, 0xEB, 0x78, 0x74, 0x86, 0x55, 0x4B, 0x0A,
    0x56, 0x64, 0x6E, 0x43, 0xB5, 0x38, 0x30, 0x0D, 0xD3, 0xAA, 0x78, 0x27, 0x31, 0x4F, 0x6A, 0x29,
    0x1F, 0x8A, 0x34, 0xF0, 0xB3, 0x75, 0x57, 0x86, 0x49, 0xBE, 0xB7, 0xC9, 0x49, 0x4E, 0x56, 0x62,
    0x2A, 0x65, 0x4C, 0x66, 0xA9, 0xE9, 0x78, 0x6D, 0xB5, 0x14, 0x2D, 0xAF, 0x59, 0x89, 0x7A, 0xC1,
    0xD3, 0xD3, 0xCA, 0xB2, 0xA3, 0x51, 0xC0, 0xBC, 0x11, 0x4E, 0x44, 0x3A, 0x7F, 0x86, 0x96, 0x6C,
    0xA2, 0xEB, 0x91, 0xF3, 0xF3, 0x25, 0x73, 0x7E, 0xB5, 0x8B, 0x3A, 0x41, 0x9C, 0xEB, 0xE5, 0x2D,
    0x7B, 0xF0, 0x52, 0xAE, 0x57, 0xED, 0x31, 0xCA, 0x6D, 0x97, 0x39, 0x73, 0xF5, 0x39, 0x57, 0xD4,
    0xBE, 0x87, 0x7A, 0xD7, 0x61, 0xC4, 0x26, 0x1B, 0xEC, 0xD2, 0x4E, 0x2A, 0xFD, 0xFF, 0x97, 0xF2,
    0x00, 0xB8, 0x0E, 0x38, 0xE9, 0x74, 0x6C, 0x6B, 0x66, 0xA7, 0xAF, 0xE2, 0xE3, 0xF9, 0x77, 0x7F,
    0x7F, 0x1F, 0x65, 0x02, 0x90, 0xB7, 0xA0, 0xBA, 0x84, 0xA8, 0xBF, 0xCE, 0x7B, 0x7C, 0x73, 0x73,
    0x75, 0x63, 0x96, 0x36, 0x60, 0x1D, 0x3E, 0x33, 0xF3, 0x0F, 0x6B, 0xDE, 0x4C, 0x9C, 0xF9, 0xBE,
    0xBC, 0x8C, 0x8D, 0x83, 0x8C, 0x24, 0xA7, 0x2A, 0xE5, 0x79, 0x2F, 0xBC, 0xAF, 0x71, 0x34, 0x9E,
    0xC6, 0xD5, 0xF8, 0x76, 0xB2, 0xE3, 0x43, 0x4F, 0xE2, 0xD1, 0xC3, 0xF0, 0x77, 0x32, 0xB2, 0x26,
    0x2B, 0x39, 0xB5, 0xA3, 0xD5, 0x3A, 0xB6, 0x7A, 0x50, 0x1C, 0x74, 0x51, 0x6B, 0x6A, 0xE6, 0x46,
    0xEF, 0xF0, 0xEE, 0xA7, 0x84, 0xEB, 0x5F, 0x12, 0x50, 0xEC, 0x2A, 0x23, 0x50, 0x2F, 0xE5, 0xEE,
    0x81, 0xB1, 0x01, 0x1F, 0xCF, 0xBB, 0xBD, 0xFF, 0x4D, 0x8D, 0x6F, 0xFF, 0x9B, 0x7A, 0x59, 0xA7,
    0x00, 0xD8, 0x67, 0xBF, 0x9A, 0x98, 0x7E, 0xA4, 0x66, 0x30, 0x69, 0x00, 0x86, 0xF0, 0x28, 0xFF,
    0x78, 0xCE, 0xFF, 0xAA, 0x3C, 0xE7, 0x1D, 0xD3, 0x1C, 0x36, 0x5C, 0xE4, 0x51, 0x7D, 0xDB, 0x01,
    0x7E, 0xF7, 0xB2, 0xE8, 0x1E, 0xBE, 0x77, 0xBF, 0xF7, 0xDF, 0x05, 0xF9, 0xC1, 0xA7, 0x1D, 0xDF,
    0xBF, 0xDF, 0x28, 0x6E, 0x89, 0x6A, 0x26, 0x6C, 0xD8, 0x2D, 0x21, 0xE3, 0x70, 0x1A, 0x91, 0x84,
    0x56, 0xE1, 0x44, 0x22, 0x9C, 0x0D, 0xD8, 0xF0, 0xB3, 0xE2, 0xA4, 0x58, 0x15, 0xE9, 0x1E, 0x85,
    0xA2, 0x8C, 0x56, 0xE6, 0x72, 0x21, 0xCC, 0xBC, 0x21, 0xA0, 0xD2, 0xF2, 0xEB, 0x33, 0xEC, 0x68,
    0x89, 0x70, 0x8F, 0x46, 0xD1, 0xB2, 0xFF, 0xD1, 0x75, 0x56, 0xDF, 0x92, 0xD8, 0x5F, 0xA6, 0xED,
    0x09, 0x4F, 0x21, 0x51, 0x26, 0x1E, 0x3C, 0x56, 0x6B, 0xB5, 0xD2, 0xE8, 0x0F, 0xD2, 0x39, 0x61,
    0x68, 0x6F, 0x92, 0x9D, 0x7E, 0x2A, 0x63, 0x35, 0xA1, 0x58, 0xCC, 0x0C, 0x45, 0x29, 0xDA, 0x50,
    0x85, 0x53, 0x0C, 0xC5, 0x02, 0xA4, 0x27, 0xD0, 0x1B, 0x27, 0x93, 0xEA, 0xC9, 0xDF, 0xC9, 0x10,
    0x5A, 0xC6, 0xEB, 0x35, 0x32, 0x80, 0xAB, 0x1B, 0xA2, 0x09, 0x7B, 0xCF, 0xB1, 0x3E, 0x67, 0x83,
    0xD9, 0x9A, 0xFC, 0x7D, 0x80, 0xC8, 0x5D, 0x6F, 0x98, 0x03, 0x55, 0x34, 0x59, 0xC7, 0x8B, 0x08,
    0x85, 0x10, 0x46, 0x51, 0x2B, 0xAC, 0xA2, 0xF5, 0x84, 0x73, 0x44, 0x22, 0xFE, 0x88, 0xC4, 0xC7,
    0x99, 0xF8, 0x73, 0x22, 0xFE, 0x0A, 0xC4, 0x5D, 0x47, 0x08, 0x88, 0xA4, 0x88, 0xE0, 0x8D, 0x19,
    0x59, 0x5B, 0x99, 0x60, 0x45, 0xA2, 0x36, 0x66, 0x82, 0x6B, 0x72, 0x87, 0xDF, 0xC1, 0xF3, 0xC2,
    0x83, 0xED, 0x85, 0xE8, 0x6B, 0x67, 0xFE, 0x8C, 0x9A, 0xA4, 0xD3, 0x15, 0xD5, 0x62, 0x12, 0x9D,
    0x9A, 0x7C, 0xB6, 0x36, 0x10, 0xFE, 0xDE, 0xDA, 0xC7, 0xE5, 0x91, 0x2B, 0xE9, 0x88, 0xBC, 0xB9,
    0x3A, 0xB1, 0xCA, 0xA3, 0x97, 0x1F, 0xC1, 0xF3, 0x78, 0xA3, 0xED, 0xE5, 0x46, 0xDF, 0x52, 0x70,
    0x3D, 0xD0, 0x4C, 0xE0, 0xDD, 0x1E, 0x46, 0x32, 0xE0, 0x25, 0xA0, 0x10, 0x5D, 0xDB, 0xFD, 0x8B,
    0x14, 0x56, 0xEA, 0x74, 0xDA, 0xB4, 0x7A, 0xBD, 0x3B, 0x56, 0x51, 0x37, 0xA9, 0x3A, 0x6F, 0xD2,
    0xC5, 0xD1, 0x3A, 0xEB, 0x59, 0xCB, 0xDB, 0x82, 0x0F, 0xA0, 0x32, 0x74, 0xD8, 0x1A, 0xED, 0x7B,
    0xA8, 0x34, 0x3F, 0xB5, 0x0D, 0x7B, 0xFB, 0x8F, 0xE6, 0xCE, 0x30, 0x6A, 0xFB, 0x6A, 0x58, 0xF6,
    0xAF, 0xA0, 0xE9, 0x3B, 0xCA, 0xA9, 0x82, 0x49, 0x2C, 0x69, 0xE1, 0xFD, 0xA9, 0x90, 0xFC, 0x62,
    0x2E, 0x2F, 0x3A, 0x7A, 0x0A, 0xA7, 0xD0, 0x9D, 0xC3, 0xBB, 0xE1, 0x70, 0x32, 0x55, 0x26, 0xC2,
    0xCC, 0x84, 0x9D, 0x88, 0x36, 0x10, 0xCD, 0x67, 0x30, 0xD0, 0xF3, 0x06, 0xAF, 0xD0, 0xCF, 0x5E,
    0x0D, 0x3B, 0x2A, 0x34, 0x8A, 0x21, 0x34, 0x36, 0x0E, 0xE7, 0xC1, 0x91, 0xBF, 0xB4, 0xFB, 0x1F,
    0x54, 0x8E, 0x81, 0x69, 0xC3, 0x30, 0x10, 0x45, 0x5F, 0x2C, 0x20, 0x80, 0x80, 0x1B, 0xC1, 0x1B,
    0x54, 0x0B, 0xC4, 0x3D, 0x0F, 0x96, 0xD6, 0xCE, 0x5E, 0x49, 0xAC, 0xB6, 0x0B, 0x78, 0x04, 0x8D,
    0x20, 0x40, 0x80, 0xA1, 0x72, 0x54, 0xD9, 0x10, 0x68, 0x4E, 0x9F, 0x43, 0xE2, 0x21, 0xFE, 0xD3,
    0xBE, 0xF5, 0x36, 0x9A, 0x85, 0xCC, 0x6A, 0x16, 0x1B, 0xC5, 0x6B, 0x4F, 0x01, 0x53, 0x3C, 0xB6,
    0x44, 0xDC, 0x4F, 0x66, 0xE2, 0x01, 0x20, 0xB1, 0xD3, 0xB5, 0x3B, 0x69, 0x3E, 0xD9, 0xA4, 0x65,
    0x1D, 0xCA, 0xA3, 0xA6, 0xA3, 0x7B, 0xE7, 0xEC, 0x2E, 0x59, 0x4A, 0x6C, 0xCA, 0xE8, 0x46, 0x9D,
    0x75, 0xAE, 0x9B, 0xDB, 0x74, 0x29, 0x35, 0xDB, 0x65, 0x2C, 0xB1, 0xA4, 0x43, 0x6A, 0xE2, 0x31,
    0x88, 0xB7, 0x01, 0x5D, 0xB9, 0x2A, 0x49, 0xB6, 0x5C, 0xDD, 0xF6, 0x94, 0x84, 0x49, 0xDA, 0xDB,
    0x70, 0x47, 0xBE, 0x32, 0x6A, 0x22, 0x37, 0x99, 0xB7, 0xE2, 0x5D, 0xC0, 0xFE, 0xC6, 0x5D, 0x88,
    0xC2, 0xCE, 0xDA, 0xEF, 0x05, 0x1B, 0x6E, 0x98, 0xA8, 0x90, 0xC5, 0x93, 0x9B, 0xC5, 0xC4, 0x2A,
    0x1F, 0x9C, 0x57, 0x3F, 0x8D, 0xE2, 0xB7, 0xD3, 0xFA, 0xD2, 0xAF, 0x3C, 0x8D, 0xF6, 0x5E, 0xB2,
    0x23, 0x0A, 0x4B, 0xCB, 0xF0, 0xA0, 0xAD, 0xA5, 0xF9, 0x18, 0x65, 0x76, 0x7E, 0xC0, 0xF6, 0x42,
    0x1B, 0x0E, 0x99, 0x4F, 0x26, 0x5D, 0x35, 0x59, 0xEF, 0xF8, 0xE0, 0xCA, 0xC4, 0x90, 0x25, 0x4F,
    0xA5, 0x4E, 0x2C, 0xFF, 0x36, 0x60, 0x03, 0xD0, 0x7A, 0x40, 0x01, 0xEE, 0x40, 0xFD, 0x0F, 0x66,
    0x83, 0x32, 0xBF, 0xC0, 0x15, 0x68, 0x96, 0x17, 0xE8, 0xC6, 0x27, 0xCC, 0x4F, 0x78, 0xDC, 0xA1,
    0xDF, 0x60, 0x0F, 0x0C, 0xEC, 0x63, 0x7C, 0x25, 0x1E, 0xA4, 0x07, 0x01, 0xDE, 0x80, 0x13, 0x70,
    0x06, 0x12, 0x10, 0xA1, 0x09, 0x7F, 0xA3, 0x58, 0x19, 0x00, 0xC5, 0x9A, 0x31, 0xAC, 0x9C, 0xCA,
    0x77, 0x87, 0x7F, 0x30, 0x4A, 0x90, 0x42, 0x31, 0x8D, 0x53, 0x53, 0x47, 0x29, 0xE8, 0xA5, 0xFF,
    0xBB, 0x83, 0x5E, 0x7A, 0x25, 0xC5, 0xEB, 0xFB, 0x57, 0xB9, 0x97, 0x6E, 0x16, 0xFA, 0x2A, 0x7D,
    0x93, 0x57, 0xB8, 0x88, 0x9E, 0x0B, 0xF7, 0x92, 0x1F, 0x8C, 0x94, 0x5E, 0x22, 0xE9, 0x8B, 0x51,
    0xE4, 0x22, 0xA9, 0x32, 0xD2, 0x9B, 0x02, 0xFB, 0x0D, 0x9C, 0x9C, 0x03, 0xB0, 0x97, 0xDD, 0xAC,
    0xD7, 0x7B, 0x9F, 0xD7, 0xD7, 0x58, 0xDF, 0xE7, 0x5D, 0x98, 0x39, 0xC3, 0x70, 0x61, 0x76, 0x0E,
    0xA0, 0x6D, 0x59, 0x95, 0xCE, 0x58, 0x41, 0x3E, 0x63, 0xB7, 0x10, 0x91, 0xDF, 0x18, 0x01, 0x5C,
    0x83, 0x88, 0xEC, 0xC6, 0x0D, 0x65, 0xFD, 0x13, 0x03, 0xF0, 0xA4, 0x94, 0xF9, 0x8C, 0xF2, 0x81,
    0xD5, 0x11, 0xD2, 0x4F, 0x44, 0x36, 0x25, 0x5F, 0xF4, 0x29, 0x35, 0xDA, 0xA5, 0x84, 0xDC, 0xA5,
    0x11, 0x99, 0x4F, 0x87, 0xE7, 0x0A, 0xE0, 0xBA, 0x2C, 0xDD, 0xB3, 0x4A, 0x0B, 0xD4, 0x54, 0x01,
    0xDD, 0x04, 0x96, 0xAC, 0xFF, 0xB7, 0xA5, 0xF1, 0xDC, 0x03, 0x85, 0x05, 0x0C, 0x70, 0x76, 0x78,
    0xC2, 0xC6, 0x08, 0xE0, 0x5B, 0x90, 0x74, 0x01, 0x39, 0x11, 0x4A, 0x22, 0x5B, 0x37, 0x85, 0x6B,
    0x91, 0xF9, 0x08, 0xC5, 0xA4, 0x0C, 0xB0, 0x41, 0x14, 0x8E, 0x44, 0xE0, 0x9C, 0x7F, 0x92, 0x3A,
    0x23, 0xD3, 0x21, 0xF7, 0x12, 0x47, 0xE2, 0x49, 0x5C, 0x89, 0x8F, 0x7A, 0x80, 0x22, 0x6A, 0x34,
    0x91, 0x2B, 0x7A, 0xED, 0x4D, 0xA3, 0x06, 0x83, 0x24, 0x1A, 0xE0, 0x0D, 0x03, 0xD3, 0x00, 0x85,
    0x03, 0x34, 0x35, 0x50, 0x34, 0x01, 0x35, 0x59, 0x24, 0xE4, 0x81, 0x7C, 0x00, 0x97, 0x5B, 0x77,
    0xB5, 0x6D, 0x17, 0xC6, 0x5A, 0xEA, 0xF6, 0xD9, 0xA0, 0x89, 0x7C, 0x46, 0x64, 0x51, 0x8F, 0xE8,
    0x88, 0x7A, 0xA1, 0x66, 0x24, 0xE0, 0xBD, 0xA8, 0x25, 0xEE, 0x4A, 0xD1, 0x18, 0x98, 0xBE, 0x6B,
    0x04, 0xF9, 0xBC, 0x5B, 0x5E, 0xA4, 0xFD, 0x7B, 0xFC, 0xC9, 0x7F, 0x66, 0x96, 0x63, 0x88, 0x68,
    0xAA, 0x34, 0x96, 0x7D, 0x3E, 0x1F, 0x47, 0xB5, 0x1E, 0xC7, 0x54, 0xFE, 0x3F, 0xB5, 0xD7, 0x17,
    0xAD, 0x2E, 0x99, 0x9A, 0xD9, 0xC3, 0xEC, 0x51, 0x6C, 0xBB, 0xD9, 0xE6, 0x26, 0x67, 0xEC, 0x1A,
    0xA6, 0xD7, 0x34, 0xC1, 0x58, 0x4D, 0x11, 0x0F, 0xD0, 0xE4, 0x70, 0x40, 0xC4, 0xF3, 0x54, 0xFF,
    0x3A, 0xBD, 0x41, 0x4D, 0x44, 0x95, 0xA8, 0xE7, 0x75, 0xB9, 0x67, 0x29, 0x51, 0x7A, 0x55, 0x8A,
    0x35, 0x75, 0xEE, 0x00, 0x22, 0xCB, 0x9A, 0xF0, 0x9D, 0x47, 0x90, 0x9F, 0x97, 0x4B, 0x40, 0xF9,
    0x65, 0x18, 0x31, 0x0D, 0xF6, 0x4B, 0xE4, 0x8D, 0x11, 0x6A, 0x90, 0xE8, 0x11, 0xDA, 0x45, 0x14,
    0x36, 0x72, 0xA1, 0x88, 0x1A, 0x11, 0x13, 0x22, 0xD7, 0x8D, 0x6A, 0x40, 0xE4, 0x50, 0x44, 0x8E,
    0xE9, 0x19, 0xCF, 0xEB, 0x02, 0x13, 0x11, 0x31, 0x32, 0xC4, 0x98, 0x8A, 0xB1, 0x91, 0x1B, 0x61,
    0x64, 0x0C, 0x08, 0x4C, 0x8C, 0xC0, 0x98, 0xF8, 0xC4, 0x03, 0x21, 0x65, 0x8D, 0xB9, 0x03, 0x0C,
    0x59, 0x20, 0x9F, 0xB0, 0x5B, 0x0C, 0xB8, 0x5D, 0xD3, 0xA0, 0xB4, 0xA5, 0xE5, 0x48, 0x9A, 0x05,
    0xED, 0x20, 0xA3, 0x09, 0xE4, 0x34, 0x40, 0x44, 0x3A, 0xC8, 0x51, 0x92, 0x76, 0x31, 0x4A, 0x67,
    0x0E, 0x99, 0x84, 0xE2, 0x92, 0x28, 0xFF, 0x91, 0x55, 0xFC, 0x6B, 0x03, 0xE8, 0xFF, 0x05, 0x90,
    0x13, 0x4B, 0x4D, 0xA2, 0xC8, 0x4A, 0x44, 0x52, 0x15, 0x52, 0x0B, 0x99, 0x48, 0xF7, 0x22, 0xBB,
    0x0E, 0xAA, 0xD2, 0xF7, 0x6F, 0x01, 0x11, 0x1D, 0x41, 0xD9, 0xE0, 0x84, 0x2C, 0x02, 0xC8, 0x47,
    0x96, 0x9E, 0x44, 0xC4, 0x2A, 0x3A, 0x56, 0xF9, 0xBA, 0x02, 0x4C, 0xD1, 0xAC, 0x9D, 0xAB, 0x45,
    0x6D, 0xDE, 0x03, 0x31, 0x73, 0x2C, 0xE5, 0x91, 0x88, 0xD2, 0x41, 0x05, 0xA8, 0x90, 0x0E, 0xCB,
    0xD1, 0xC9, 0x88, 0x22, 0x72, 0xA2, 0x11, 0xFA, 0xD3, 0xAF, 0x93, 0xF4, 0xAD, 0x46, 0x61, 0x61,
    0xA4, 0x2D, 0x53, 0x99, 0x8A, 0xFF, 0x9F, 0x8F, 0x71, 0x2D, 0xFD, 0x26, 0x22, 0xB7, 0xD2, 0x47,
    0x00, 0x9F, 0x83, 0xE8, 0x5F, 0x98, 0x89, 0x21, 0x39, 0x21, 0x5C, 0x44, 0xBE, 0xFD, 0x61, 0x87,
    0x88, 0x94, 0x51, 0x42, 0x58, 0x3A, 0x5C, 0x48, 0x3C, 0xCB, 0xEC, 0x06, 0x7B, 0x12, 0x6C, 0x44,
    0x29, 0x27, 0x85, 0x5B, 0xCA, 0xA9, 0x95, 0xCC, 0x2D, 0x27, 0x4B, 0xDD, 0x2C, 0x6D, 0x0C, 0x0C,
    0x55, 0x1C, 0xA7, 0x5F, 0xCB, 0x05, 0x69, 0x43, 0x58, 0xDB, 0x94, 0x36, 0xBC, 0xEC, 0xB3, 0x94,
    0x93, 0xF2, 0x2F, 0xF1, 0x03, 0x37, 0x77, 0x60, 0xA7, 0x88, 0xE2, 0x4E, 0x4A, 0x07, 0x96, 0x9A,
    0xE5, 0x59, 0x99, 0xC8, 0x10, 0x51, 0x7C, 0xD2, 0x03, 0x80, 0x73, 0xBD, 0x62, 0xFD, 0xF4, 0x12,
    0x33, 0x9F, 0x1A, 0x8F, 0x88, 0x06, 0x8F, 0x49, 0x34, 0xCD, 0x63, 0x3A, 0x14, 0xF6, 0x51, 0x06,
    0xD9, 0xC7, 0xCC, 0xEB, 0xFE, 0x31, 0x77, 0x99, 0x7F, 0xD4, 0x56, 0xCD, 0x0A, 0x8F, 0x65, 0x93,
    0xC4, 0x47, 0x03, 0xCC, 0x22, 0x9A, 0x80, 0x8E, 0xC6, 0xF5, 0x93, 0xAC, 0x4B, 0x87, 0x47, 0x53,
    0x29, 0xCF, 0xE5, 0xE6, 0x6A, 0xB9, 0x7B, 0xD4, 0xFD, 0x1C, 0x6A, 0x0E, 0x5A, 0x36, 0x8F, 0x2A,
    0xCC, 0x0D, 0xCD, 0x4D, 0xB6, 0xAC, 0x09, 0xC5, 0x04, 0x09, 0xE0, 0xA0, 0x88, 0x06, 0xE8, 0x90,
    0x8E, 0x72, 0xDC, 0x26, 0x94, 0x0D, 0x6A, 0x94, 0x15, 0x0C, 0x00, 0xD4, 0xA2, 0x71, 0xBD, 0xD2,
    0x35, 0x79, 0xA0, 0xA0, 0x46, 0x14, 0x00, 0x64, 0xB2, 0x01, 0x9D, 0xC8, 0x54, 0x80, 0xD4, 0x14,
    0xD5, 0x22, 0x03, 0x98, 0xC6, 0x48, 0xA8, 0xC2, 0xCB, 0xF0, 0x4A, 0x14, 0x91, 0x92, 0x04, 0x28,
    0x27, 0x89, 0x9D, 0x45, 0x03, 0xBD, 0x52, 0x30, 0x66, 0xE5, 0x9F, 0x99, 0xB8, 0x90, 0x86, 0x68,
    0x94, 0x67, 0x5C, 0x34, 0x79, 0x1F, 0x8D, 0xB6, 0x4C, 0x13, 0x4D, 0x59, 0x45, 0x63, 0x10, 0xCD,
    0x03, 0xF3, 0x9E, 0x89, 0xCC, 0xC0, 0xF8, 0x15, 0xC7, 0x58, 0xC4, 0xCC, 0x66, 0x56, 0xF5, 0xB9,
    0x55, 0xA1, 0x6C, 0x40, 0x04, 0x94, 0x03, 0xD6, 0xE5, 0x45, 0xDA, 0x7F, 0x89, 0x81, 0xFF, 0xFC,
    0xDA, 0x19, 0x51, 0xAC, 0x8A, 0xF7, 0x50, 0xF2, 0x74, 0x15, 0x05, 0x56, 0xED, 0x45, 0x96, 0x75,
    0x00, 0x8B, 0xAC, 0x9A, 0xA8, 0xCF, 0x27, 0x72, 0x7A, 0x9A, 0xBC, 0x6E, 0x47, 0x5F, 0x1C, 0x62,
    0x28, 0x0F, 0x71, 0xF8, 0xE1, 0x10, 0xDF, 0xFF, 0xE5, 0x10, 0xFF, 0xF2, 0xBE, 0x1D, 0x1F, 0x86,
    0x76, 0x2C, 0x7D, 0x3B, 0x16, 0x8C, 0x76, 0xED, 0x98, 0xDB, 0x76, 0x04, 0x6E, 0xE6, 0xCF, 0xFE,
    0x1A, 0x3C, 0xA7, 0xDE, 0xC9, 0xEC, 0xD7, 0xE5, 0xFB, 0xD9, 0xEF, 0xB3, 0x91, 0x7A, 0x52, 0xBF,
    0xE8, 0x73, 0x2F, 0xF1, 0x24, 0xAE, 0xC4, 0xBF, 0xB0, 0x6F, 0x77, 0x67, 0x1D, 0xB0, 0x1B, 0xC6,
    0x45, 0xE4, 0xEB, 0x49, 0x92, 0x30, 0x58, 0xD9, 0x9F, 0x94, 0xFB, 0x81, 0xFE, 0x03, 0x22, 0x70,
    0x13, 0xE7, 0xD9, 0x48, 0xC7, 0xED, 0x8E, 0xC7, 0x1F, 0x1C, 0xE0, 0x66, 0xD6, 0x6C, 0x44, 0xE6,
    0x1F, 0xE7, 0xD9, 0x48, 0x4D, 0x12, 0x5C, 0x64, 0x44, 0xEB, 0xDC, 0xED, 0x45, 0xF4, 0x9D, 0xE7,
    0x49, 0x48, 0xDE, 0x9C, 0xEC, 0xD0, 0xDF, 0x4F, 0x15, 0x52, 0xA2, 0x00, 0x4D, 0x34, 0xA1, 0xFC,
    0xAF, 0x40, 0x95, 0xF9, 0x31, 0x94, 0xB6, 0x4E, 0x83, 0xB6, 0x6D, 0x1A, 0x72, 0xFB, 0x1B, 0xAB,
    0xBF, 0x55, 0x07, 0xA9, 0x66, 0xD2, 0x50, 0xD8, 0xF2, 0x3F, 0x43, 0x2D, 0xE7, 0x3B, 0x41, 0x11,
    0x45, 0xA0, 0xA6, 0x7E, 0xDF, 0xAE, 0xEC, 0x86, 0xA9, 0x8E, 0xC7, 0xA0, 0x47, 0x87, 0x7C, 0xEE,
    0x7E, 0x48, 0x23, 0xD2, 0xA8, 0xE6, 0x79, 0xA6, 0x5F, 0xA7, 0x4E, 0xE6, 0x75, 0x03, 0x14, 0xB4,
    0xCD, 0xB3, 0xB2, 0xB8, 0xF5, 0x37, 0x1B, 0xB7, 0x69, 0x57, 0xD9, 0xCD, 0x33, 0x2E, 0x0B, 0xB4,
    0xDA, 0x61, 0x1E, 0xF1, 0xD4, 0xA0, 0x64, 0xF6, 0x9C, 0x44, 0xF0, 0x9A, 0x09, 0xBC, 0xAD, 0x86,
    0x69, 0x60, 0x6C, 0x87, 0x79, 0x7E, 0xA2, 0xED, 0xB7, 0x80, 0x88, 0x26, 0x5A, 0x17, 0x00, 0xE6,
    0x8C, 0xBF, 0x6D, 0x91, 0xC4, 0x5B, 0x59, 0x92, 0xDC, 0x24, 0x16, 0x44, 0x31, 0x63, 0xF0, 0x9A,
    0x41, 0xF2, 0x45, 0x4C, 0xE2, 0xB5, 0x7D, 0x39, 0x11, 0xD1, 0x5E, 0xA9, 0xD7, 0xCD, 0xCB, 0x89,
    0x88, 0x06, 0x51, 0x9C, 0x05, 0x00, 0x97, 0xF4, 0x93, 0xA1, 0x06, 0x78, 0x12, 0xCA, 0x1B, 0x44,
    0x1F, 0x44, 0x54, 0x89, 0x7A, 0x5E, 0x57, 0x78, 0x96, 0x1A, 0x58, 0x49, 0x64, 0x61, 0x2F, 0x59,
    0xB7, 0x6D, 0xD5, 0x41, 0x6A, 0x38, 0x51, 0xC3, 0x1A, 0x60, 0x00, 0x6D, 0x9F, 0xA7, 0x8F, 0x22,
    0xEA, 0x45, 0x81, 0x95, 0x45, 0x16, 0x26, 0xD1, 0x41, 0x64, 0x2E, 0xA8, 0x65, 0x25, 0x91, 0x45,
    0x83, 0xC8, 0x8B, 0x2A, 0x6D, 0x6F, 0x1D, 0x2F, 0x89, 0x3E, 0x30, 0x54, 0x31, 0xBD, 0x8C, 0xDD,
    0x32, 0x86, 0x7F, 0x7E, 0x6C, 0xD7, 0x61, 0x4D, 0x3E, 0x1A, 0xA2, 0x01, 0xE8, 0x06, 0x64, 0xCB,
    0xEF, 0x5B, 0x6F, 0xAC, 0xF6, 0x86, 0xCB, 0xC8, 0xC9, 0x7B, 0x60, 0xB0, 0xA7, 0xA3, 0x27, 0xCE,
    0xB6, 0xBD, 0x5A, 0xCB, 0xD7, 0x48, 0xA3, 0xA9, 0xD4, 0x50, 0xF6, 0xDA, 0x4B, 0x3C, 0x45, 0xD4,
    0x48, 0x7C, 0x83, 0x42, 0xD4, 0x11, 0x4C, 0x42, 0x64, 0x8D, 0x0A, 0xBA, 0x37, 0xCA, 0x67, 0xDE,
    0x28, 0xA7, 0x58, 0xFD, 0xFF, 0x17, 0x9D, 0x4A, 0x5D, 0x97, 0x13, 0x49, 0x3C, 0x89, 0xBC, 0xB4,
    0x81, 0x8E, 0x96, 0x76, 0x51, 0x12, 0xF1, 0x1A, 0xCA, 0x18, 0xED, 0x51, 0x97, 0x16, 0xB5, 0x69,
    0x98, 0x6A, 0x07, 0x7F, 0x2F, 0x7A, 0xD4, 0x7A, 0x40, 0xAD, 0x88, 0x08, 0x42, 0xC9, 0x98, 0xA6,
    0x86, 0xFC, 0x9B, 0x98, 0x88, 0x3A, 0x65, 0x54, 0x40, 0x9D, 0x7B, 0x2E, 0xEB, 0x9E, 0x62, 0xA1,
    0x1B, 0xA1, 0x88, 0xAC, 0x26, 0xF2, 0xA5, 0xCD, 0x82, 0x4C, 0xB9, 0xF7, 0x07, 0x2E, 0x27, 0x8A,
    0x25, 0x53, 0xDB, 0x24, 0x76, 0xBC, 0x6E, 0x5C, 0x99, 0xA0, 0x62, 0xDD, 0xE8, 0x68, 0x68, 0x8A,
    0x9A, 0x86, 0x98, 0x52, 0x1F, 0x81, 0xBF, 0xFA, 0x05, 0x25, 0xF9, 0x64, 0xB9, 0x3D, 0xF6, 0x8B,
    0x96, 0x2E, 0xD8, 0xA7, 0x61, 0xE8, 0xA1, 0x18, 0xF1, 0x43, 0x47, 0xF6, 0x81, 0xC8, 0x19, 0x97,
    0x87, 0xEB, 0x13, 0x92, 0xDD, 0xA4, 0xC3, 0x9D, 0x4F, 0x3A, 0xC6, 0x6D, 0x42, 0xB0, 0xCE, 0x1C,
    0xB3, 0x5D, 0x66, 0x58, 0x58, 0xA2, 0x69, 0x77, 0x52, 0x6D, 0x99, 0xE7, 0x46, 0xEE, 0xD7, 0x93,
    0xC8, 0x4A, 0x9C, 0x8E, 0xC8, 0xAD, 0xF4, 0x2D, 0x80, 0xAF, 0x61, 0x6E, 0x74, 0xA7, 0x08, 0xF3,
    0x3C, 0xA5, 0x03, 0x4B, 0x05, 0x91, 0x67, 0xED, 0x86, 0x99, 0xAB, 0x39, 0x1D, 0xEA, 0x8F, 0xBB,
    0xDB, 0x9C, 0xB9, 0xFC, 0x0D, 0x8F, 0xC7, 0xB0, 0x26, 0x7A, 0x02, 0x80, 0x60, 0x36, 0x9A, 0x24,
    0x16, 0x2E, 0x3B, 0xB9, 0x0D, 0x67, 0xE6, 0xDC, 0xAD, 0xDA, 0xA7, 0x6D, 0x2E, 0x77, 0x5B, 0xC6,
    0x96, 0x72, 0xC6, 0x56, 0xED, 0x93, 0x35, 0x11, 0x11, 0x1D, 0xF3, 0xB4, 0xC2, 0x66, 0x52, 0x6E,
    0x4E, 0xF4, 0xF4, 0x69, 0x8A, 0x76, 0x90, 0xC8, 0x09, 0x4D, 0x90, 0xDD, 0x2C, 0x89, 0x82, 0x69,
    0x32, 0xB9, 0xEE, 0xD6, 0x6B, 0x71, 0xBD, 0x1D, 0xDD, 0x51, 0xC3, 0xF4, 0xA8, 0x29, 0xAC, 0x3F,
    0xB7, 0xE3, 0x2B, 0xA6, 0x65, 0xBA, 0x4A, 0xC9, 0x81, 0x18, 0xA4, 0x7E, 0x4A, 0x13, 0x96, 0x3F,
    0xBD, 0x59, 0xE9, 0x98, 0x3F, 0x7C, 0x4C, 0x7F, 0xF7, 0x51, 0x31, 0xF9, 0xBF, 0xFB, 0xA8, 0x99,
    0xF2, 0x1F, 0xFC, 0x9C, 0xED, 0xFC, 0xC6, 0x44, 0xE5, 0xC7, 0xA0, 0x3C, 0x79, 0xC6, 0x31, 0x96,
    0x69, 0x18, 0x28, 0x5F, 0xA0, 0x80, 0xAE, 0x4A, 0xE8, 0xBE, 0x85, 0xA2, 0x08, 0x74, 0x0E, 0xBB,
    0xE5, 0xAE, 0x6D, 0xB5, 0x48, 0x23, 0xB7, 0x12, 0x5A, 0x68, 0xFE, 0x5C, 0xD8, 0x16, 0xA6, 0x69,
    0xD1, 0xA1, 0xC5, 0x88, 0x56, 0x0D, 0xE8, 0xC8, 0xAF, 0x04, 0xB4, 0x69, 0xE4, 0xF5, 0x13, 0x53,
    0x33, 0x86, 0xCB, 0x6A, 0xD7, 0x22, 0xF7, 0x5C, 0x3F, 0xB6, 0x77, 0x4B, 0x94, 0x92, 0xB8, 0xA5,
    0x42, 0xC6, 0x8B, 0x7A, 0x51, 0xC5, 0xA2, 0x46, 0x4D, 0xBB, 0x74, 0x68, 0x4D, 0x85, 0x1E, 0xB6,
    0x34, 0xE8, 0x10, 0x1F, 0xC2, 0x21, 0x6E, 0x29, 0xD0, 0xDF, 0x34, 0x57, 0x53, 0x9E, 0x7B, 0xA6,
    0x39, 0xFB, 0x33, 0xBE, 0xEC, 0xF3, 0x20, 0x97, 0xCE, 0xF1, 0x8C, 0xBF, 0x80, 0x59, 0x91, 0x72,
    0xE5, 0x49, 0x0A, 0xF3, 0xF1, 0xBE, 0x29, 0x4C, 0x39, 0x20, 0x12, 0x61, 0x22, 0xB2, 0xD4, 0x94,
    0x3D, 0x21, 0xF7, 0xE3, 0x71, 0x74, 0xBA, 0x8C, 0x6C, 0x97, 0x72, 0x52, 0x5E, 0xEA, 0x49, 0xFD,
    0x39, 0x0E, 0x70, 0x11, 0xBC, 0x1E, 0x91, 0xAE, 0x23, 0xB6, 0x5C, 0xBD, 0xA6, 0x39, 0x8E, 0xA0,
    0x3F, 0x31, 0xB8, 0x80, 0xAC, 0x8F, 0xFB, 0xAB, 0x5D, 0xEA, 0x4B, 0x9C, 0x6F, 0x99, 0x92, 0xEC,
    0x93, 0x8E, 0xA6, 0x98, 0xF3, 0x8D, 0x1E, 0x35, 0x72, 0x87, 0x69, 0xC9, 0x37, 0x54, 0x48, 0x22,
    0x92, 0x39, 0xDF, 0x88, 0xBC, 0x02, 0x6D, 0xE6, 0x80, 0x5A, 0xF7, 0x5B, 0xD2, 0x31, 0xE7, 0x1B,
    0x84, 0x55, 0xD9, 0x31, 0xDF, 0x48, 0x45, 0x2A, 0x88, 0x4E, 0x9F, 0x73, 0x15, 0x76, 0x9B, 0x45,
    0x19, 0x7C, 0x71, 0xFF, 0x6A, 0xEA, 0x97, 0x24, 0x41, 0x13, 0x11, 0xCA, 0xFF, 0xF0, 0x75, 0x65,
    0x12, 0x5F, 0xD8, 0x43, 0xE2, 0xF5, 0xA2, 0x36, 0xF1, 0x79, 0x7F, 0x49, 0x4F, 0x45, 0xE6, 0x1A,
    0x73, 0xDD, 0x0B, 0x49, 0xC7, 0xE7, 0x65, 0x2C, 0x4C, 0xA3, 0x1D, 0x68, 0xC9, 0x14, 0x54, 0x54,
    0xC3, 0x31, 0xF3, 0x90, 0xEE, 0x77, 0x5B, 0xCF, 0xF3, 0x71, 0xEB, 0xB4, 0x9E, 0x58, 0x25, 0x55,
    0x92, 0x97, 0x58, 0x60, 0xE2, 0xDA, 0x69, 0x5C, 0x6E, 0xE4, 0xCA, 0xD8, 0x74, 0x92, 0x6A, 0xF0,
    0x8A, 0xFE, 0x6B, 0xF8, 0x72, 0x36, 0x91, 0x0E, 0x9F, 0xA3, 0x5E, 0x31, 0x7D, 0x3A, 0x14, 0x44,
    0x43, 0xC6, 0xE0, 0x1D, 0x83, 0xF4, 0x22, 0x77, 0xCF, 0x0B, 0xDE, 0x4E, 0xEF, 0x4E, 0xF3, 0x82,
    0xA2, 0xB9, 0xA7, 0xDE, 0x7E, 0xEA, 0x3E, 0x7C, 0x79, 0xE6, 0xFF, 0xE6, 0xA6, 0x99, 0x3F, 0xFD,
    0xB7, 0x88, 0x1A, 0x91, 0x93, 0x8B, 0x24, 0x6C, 0x93, 0xF9, 0xF4, 0x38, 0xB7, 0x4F, 0x45, 0x59,
    0x90, 0x22, 0x5E, 0x64, 0x59, 0xE3, 0x4D, 0x73, 0x7B, 0x6A, 0x44, 0xF3, 0x21, 0x79, 0x9A, 0xC7,
    0x9B, 0x0B, 0x9A, 0xB6, 0x22, 0xE4, 0xD7, 0x6A, 0xD7, 0x26, 0x39, 0x1D, 0x7D, 0x64, 0xC8, 0x32,
    0xBE, 0x45, 0xBE, 0xA6, 0x8D, 0xD8, 0xA1, 0x22, 0x6F, 0x0B, 0x4C, 0xDF, 0xD1, 0xB4, 0x9F, 0xA5,
    0x3B, 0xD3, 0xE7, 0xC7, 0x59, 0xFA, 0xAB, 0x6D, 0x44, 0xD3, 0xF4, 0x04, 0x30, 0xAF, 0x97, 0xED,
    0x52, 0xCE, 0xAC, 0x43, 0x75, 0x76, 0x9C, 0x8D, 0x97, 0x22, 0x7A, 0x9A, 0x8D, 0x17, 0x2C, 0x9F,
    0x3B, 0xA3, 0x5C, 0xB6, 0x17, 0xED, 0x75, 0xBE, 0x75, 0xAD, 0x11, 0xB4, 0x5D, 0xA2, 0x80, 0x68,
    0x89, 0x9C, 0xEC, 0xE6, 0xBB, 0xC6, 0x2E, 0x99, 0x70, 0xB7, 0x52, 0x33, 0xB2, 0xAE, 0xA4, 0xA5,
    0x4C, 0xC2, 0x80, 0x92, 0x98, 0xC6, 0x24, 0xAA, 0x21, 0x89, 0xDA, 0x27, 0xB1, 0xE8, 0x65, 0xBE,
    0xBA, 0x94, 0xCF, 0x9C, 0xB6, 0x3A, 0x94, 0x4E, 0x90, 0xCF, 0xD8, 0x2D, 0xF7, 0x9C, 0xAF, 0x29,
    0x0F, 0xEC, 0x44, 0x34, 0xED, 0xB5, 0xDF, 0xDA, 0x39, 0xA8, 0xDF, 0x29, 0x42, 0xFD, 0x41, 0x04,
    0x35, 0x41, 0xA6, 0x53, 0x1C, 0x72, 0xFE, 0xD9, 0x57, 0xFE, 0xF9, 0xDA, 0x0F, 0xB7, 0x15, 0x8B,
    0x98, 0x6E, 0x64, 0x51, 0x10, 0xC9, 0xFA, 0x71, 0xB9, 0xCA, 0x33, 0x0F, 0x68, 0x7B, 0xFE, 0x04,
    0xF1, 0xBE, 0x53, 0xEF, 0xD7, 0x23, 0xD4, 0xE5, 0x1F, 0xC5, 0x57, 0x0C, 0x0C, 0xF9, 0x15, 0x07,
    0xF9, 0xBE, 0xAE, 0x8F, 0x97, 0x0E, 0x29, 0xBA, 0x09, 0x39, 0x91, 0x2D, 0x78, 0x9D, 0xB1, 0x1C,
    0x0B, 0x09, 0xB3, 0xF4, 0xB2, 0xFC, 0x1F, 0x40, 0xD3, 0x24, 0x6D, 0x39, 0xFC, 0x75, 0xB7, 0xCD,
    0x51, 0xE3, 0xDF, 0x31, 0x46, 0xB0, 0x2A, 0xCA, 0xDC, 0x96, 0xEB, 0xBB, 0x84, 0xA6, 0xED, 0x6E,
    0xD8, 0x20, 0x8A, 0x58, 0xBF, 0x9E, 0x2E, 0x25, 0x85, 0x55, 0x85, 0x08, 0xEA, 0x2B, 0x65, 0xD6,
    0x67, 0xCF, 0xAB, 0xD2, 0x90, 0x39, 0x64, 0x51, 0xFB, 0x45, 0xF2, 0xF5, 0x85, 0xF7, 0x00, 0x30,
    0x0C, 0xD9, 0x05, 0xFE, 0xBC, 0x5B, 0x6A, 0x29, 0xC4, 0x18, 0x06, 0x28, 0xBF, 0x02, 0x23, 0x48,
    0x44, 0x20, 0x99, 0x60, 0x28, 0x32, 0x9E, 0xA9, 0x90, 0x11, 0x61, 0x2F, 0x67, 0x2E, 0x89, 0x2A,
    0x91, 0x13, 0x05, 0x56, 0x1A, 0x73, 0xDE, 0x10, 0xF3, 0x7E, 0x93, 0xB6, 0x8B, 0xD2, 0xD8, 0x35,
    0x86, 0x06, 0x02, 0x17, 0x1E, 0x24, 0xFE, 0x3C, 0x77, 0xB9, 0x2E, 0x22, 0x0A, 0xA2, 0x09, 0xD3,
    0xDB, 0x4F, 0x73, 0x8D, 0xC2, 0xB2, 0xF4, 0x05, 0xC9, 0x86, 0x4F, 0xD4, 0x44, 0x45, 0x13, 0x58,
    0xE1, 0x7E, 0x17, 0xB8, 0xFE, 0x13, 0x02, 0x26, 0x20, 0xDD, 0xBD, 0x04, 0x50, 0x36, 0xD8, 0x2F,
    0xF7, 0x4C, 0x65, 0x6E, 0x78, 0xD8, 0x0F, 0xE0, 0x3B, 0x4F, 0x2A, 0xBF, 0xE9, 0x93, 0x7D, 0xA4,
    0x61, 0xE3, 0x45, 0x1E, 0x50, 0x23, 0xEF, 0x37, 0x88, 0xE8, 0xC8, 0x3D, 0x1E, 0x7C, 0x87, 0x9D,
    0x64, 0xDD, 0x0D, 0x32, 0x44, 0xCD, 0x4E, 0xB2, 0xEE, 0x99, 0xBA, 0xFC, 0xD4, 0x1D, 0xB8, 0xA4,
    0x9A, 0xA8, 0x11, 0xD9, 0x45, 0xB2, 0xEE, 0x16, 0xD5, 0xC0, 0x24, 0x8A, 0x2C, 0x35, 0x88, 0x3C,
    0x4B, 0x3B, 0x91, 0x65, 0x95, 0x22, 0x03, 0x56, 0x27, 0x8A, 0xAC, 0x54, 0x44, 0x41, 0xE4, 0x45,
    0x61, 0x5B, 0x87, 0xF1, 0x58, 0xCE, 0x54, 0x5B, 0x5D, 0x2D, 0xCA, 0xFD, 0x16, 0x39, 0x1D, 0x58,
    0xA0, 0x9E, 0xD5, 0xF5, 0x00, 0xB2, 0x8B, 0x5A, 0xEE, 0x8E, 0xE6, 0x7E, 0x99, 0xC0, 0x9B, 0x26,
    0xA2, 0x43, 0xC4, 0xB8, 0x3C, 0x86, 0xE5, 0x60, 0x44, 0x3D, 0x63, 0x19, 0x87, 0x98, 0x79, 0xC4,
    0x74, 0x7B, 0x0C, 0x5B, 0x63, 0x29, 0xAF, 0x2D, 0xD7, 0xA7, 0x08, 0x45, 0x97, 0x32, 0x48, 0x23,
    0xFB, 0xF1, 0x27, 0x44, 0xB4, 0xD3, 0xB3, 0x03, 0xD0, 0x22, 0x00, 0xE5, 0x45, 0x45, 0xE4, 0xEE,
    0x1A, 0x44, 0xB4, 0x71, 0xAD, 0x5C, 0x14, 0x00, 0xBC, 0x3F, 0xA7, 0x05, 0xB4, 0x33, 0xAC, 0xD3,
    0xD1, 0xA6, 0x45, 0x76, 0x1C, 0x68, 0xD2, 0x65, 0x8C, 0xCF, 0x58, 0xDD, 0xD3, 0x18, 0xF3, 0xAE,
    0xDA, 0xD2, 0xB7, 0xE3, 0xF0, 0xA2, 0x9E, 0x99, 0x3A, 0xAF, 0x8F, 0xA9, 0x9A, 0xE3, 0xA3, 0xBA,
    0x1E, 0x07, 0xE4, 0x0E, 0xE3, 0x71, 0x94, 0x1B, 0xB8, 0x58, 0xBA, 0x8D, 0x72, 0x63, 0xE6, 0x80,
    0x36, 0x5F, 0xF7, 0x80, 0xD5, 0xEC, 0x77, 0x43, 0x4F, 0xAC, 0x7C, 0xBC, 0x7D, 0x5F, 0x6E, 0xEB,
    0x79, 0x58, 0x7B, 0xDE, 0xEA, 0x63, 0xBB, 0xEF, 0x9A, 0x7D, 0x93, 0xD9, 0xD6, 0x9A, 0x22, 0x8A,
    0x8B, 0xD2, 0xB7, 0xD3, 0x9B, 0x67, 0xF7, 0xBC, 0xBE, 0x67, 0xCF, 0xAF, 0xEF, 0x8B, 0x34, 0x70,
    0x0B, 0x23, 0xD3, 0x31, 0x75, 0xAF, 0xC2, 0x3A, 0xDF, 0x0B, 0x78, 0xC7, 0x40, 0x5D, 0x83, 0x16,
    0x60, 0xCE, 0x91, 0x1F, 0xD1, 0x6B, 0x74, 0x8C, 0xD9, 0xB7, 0xD5, 0xD1, 0xB3, 0xE2, 0x3F, 0xE3,
    0x59, 0xCC, 0xF6, 0xE2, 0xD5, 0x76, 0x5B, 0x3D, 0xDC, 0xCA, 0x95, 0xDF, 0x84, 0xFD, 0x2D, 0x7B,
    0x37, 0x42, 0xFB, 0x11, 0x4A, 0x08, 0x9F, 0x63, 0xFF, 0xEE, 0x42, 0xB9, 0x7B, 0x73, 0xB7, 0xBE,
    0xB0, 0xEB, 0x67, 0x29, 0xD3, 0x29, 0xBB, 0xC7, 0x08, 0x12, 0x67, 0xF7, 0x18, 0xE1, 0x34, 0x33,
    0xB5, 0xB9, 0x97, 0x71, 0x67, 0x1F, 0xD7, 0x9C, 0xC5, 0xDD, 0xDF, 0x44, 0xDC, 0xDE, 0x83, 0x48,
    0x25, 0xD6, 0xEB, 0x61, 0x7D, 0xF7, 0x93, 0x7E, 0x9C, 0x56, 0xC9, 0xD7, 0xB3, 0xE5, 0xBB, 0xBE,
    0x15, 0x75, 0xC3, 0xFE, 0x7D, 0xEB, 0x3B, 0xFF, 0x83, 0xF2, 0x50, 0x63, 0x3E, 0x2C, 0x9A, 0xBF,
    0x9E, 0x2D, 0xDF, 0xF5, 0xD5, 0xAD, 0x6B, 0x09, 0xFB, 0x3D, 0x9F, 0x5A, 0x5C, 0x6E, 0xE7, 0xE5,
    0x5E, 0xDF, 0xBA, 0xFC, 0x2E, 0xF9, 0xFD, 0x9F, 0x72, 0x5C, 0xEB, 0xE7, 0x4B, 0xBC, 0x99, 0x74,
    0xBD, 0xFD, 0xFB, 0x3D, 0x3E, 0x38, 0xE9, 0x4B, 0x2F, 0x7D, 0x49, 0x2F, 0xF7, 0x85, 0x68, 0xE3,
    0xB9, 0x0F, 0x3C, 0x2F, 0xB4, 0xB1, 0x1E, 0xAF, 0xAB, 0xB1, 0x9F, 0x7F, 0x5C, 0x5E, 0xE2, 0x35,
    0x91, 0x6B, 0xED, 0xDF, 0xF3, 0xC6, 0xF2, 0xFF, 0x01, 0xD5, 0x9A, 0x2F, 0x8C, 0xE4, 0xC8, 0x15,
    0xC6, 0x7F, 0xAE, 0x92, 0xD6, 0x52, 0x0C, 0x8A, 0x2F, 0x31, 0x0F, 0x88, 0x39, 0xC8, 0x94, 0xA5,
    0xE3, 0xBA, 0xE5, 0x9C, 0x87, 0x83, 0x93, 0x9D, 0x23, 0x01, 0x4B, 0x86, 0x93, 0xAC, 0x92, 0x21,
    0x09, 0x09, 0x5D, 0xB0, 0x19, 0x5B, 0x1A, 0x10, 0xEA, 0x70, 0xE2, 0x48, 0xC7, 0x55, 0x2B, 0x19,
    0x78, 0xA3, 0xB2, 0x2B, 0xF7, 0xC6, 0xD5, 0x3E, 0xF7, 0xEC, 0x68, 0xD5, 0xBA, 0xE9, 0xF6, 0x74,
    0x4A, 0x7A, 0x9F, 0x06, 0xD8, 0xAE, 0xEF, 0xFD, 0xFC, 0xEA, 0xDF, 0xB4, 0x49, 0x3D, 0x90, 0x4D,
    0x80, 0x99, 0x45, 0x02, 0x90, 0x37, 0x40, 0xF1, 0x87, 0x12, 0x6C, 0x5E, 0x83, 0x35, 0x2D, 0x54,
    0x22, 0xF7, 0x59, 0x07, 0x3E, 0xED, 0xC1, 0x6B, 0x47, 0x22, 0xA2, 0x46, 0x3D, 0xA0, 0x07, 0x35,
    0xA2, 0x1D, 0x9E, 0x34, 0x04, 0x4F, 0x16, 0xC2, 0x84, 0xF9, 0xEF, 0xDF, 0x67, 0x4C, 0x4B, 0x45,
    0xDE, 0x62, 0x29, 0x6A, 0x6C, 0x69, 0x4B, 0x8A, 0xDA, 0x42, 0xDE, 0x56, 0x60, 0x5A, 0x9E, 0x34,
    0x35, 0x82, 0x18, 0x8A, 0xA2, 0x47, 0xA0, 0x99, 0xD0, 0x21, 0xB4, 0x26, 0x04, 0x57, 0xB4, 0xE9,
    0x60, 0xE5, 0x22, 0x12, 0x2F, 0x41, 0x13, 0x7C, 0x16, 0x82, 0x2F, 0x7E, 0x8E, 0xAA, 0x4D, 0x7C,
    0x43, 0xE2, 0xA7, 0x18, 0x33, 0xDA, 0x57, 0xB5, 0xF1, 0x36, 0xCC, 0xDE, 0x84, 0xD1, 0xAB, 0xD0,
    0x79, 0xB6, 0x2D, 0xEB, 0xC1, 0x0C, 0x12, 0xF1, 0xEF, 0x9F, 0x8E, 0x10, 0x60, 0x57, 0xF9, 0x27,
    0xC0, 0xC8, 0xB6, 0xBD, 0x2A, 0x34, 0xDB, 0x83, 0xF5, 0x60, 0x27, 0xE0, 0x07, 0xE0, 0x13, 0x24,
    0x23, 0x68, 0xC7, 0xB6, 0x9D, 0x99, 0x9C, 0x12, 0xC9, 0x1C, 0xE2, 0x03, 0xED, 0x6D, 0xCC, 0xDA,
    0x86, 0x1A, 0x82, 0xE9, 0x51, 0x5E, 0x8F, 0xD7, 0x40, 0x07, 0x92, 0x3B, 0x20, 0x8D, 0x4E, 0xC1,
    0x96, 0x18, 0x37, 0x2D, 0xC8, 0x68, 0x82, 0x64, 0x62, 0x5B, 0x32, 0x67, 0x7A, 0xE0, 0x2B, 0x62,
    0x08, 0x32, 0x84, 0x19, 0x02, 0x0D, 0xA1, 0x86, 0x20, 0x8B, 0xD2, 0x2C, 0x5E, 0x3C, 0x85, 0x88,
    0xB0, 0x43, 0xE0, 0x31, 0xAD, 0x22, 0xFC, 0x10, 0x80, 0x08, 0x41, 0x04, 0x21, 0x91, 0xA1, 0x74,
    0xC9, 0x82, 0x69, 0x06, 0x35, 0x8A, 0xB5, 0x19, 0x28, 0x04, 0x62, 0x73, 0x4D, 0x10, 0x6D, 0x0D,
    0x98, 0x0E, 0xD0, 0x2E, 0x66, 0x6E, 0x5C, 0x03, 0xC5, 0xEB, 0x43, 0x24, 0x94, 0x22, 0x2D, 0x90,
    0xB5, 0xA8, 0xC1, 0xD4, 0x64, 0xF3, 0xEF, 0x9E, 0x87, 0x78, 0x05, 0x24, 0x01, 0xD0, 0x93, 0x48,
    0x00, 0xC8, 0x4B, 0x11, 0x48, 0xCA, 0x1B, 0x30, 0xC3, 0xC7, 0x58, 0x98, 0x73, 0x05, 0x7A, 0xCC,
    0x5B, 0xDE, 0xDC, 0xBE, 0xF9, 0xB0, 0x37, 0xD3, 0xA6, 0x1B, 0x48, 0xE4, 0xC9, 0xAA, 0x6F, 0x3A,
    0x80, 0x03, 0x2B, 0xDB, 0xB4, 0x30, 0x65, 0x0E, 0x75, 0x97, 0xDC, 0x5D, 0x03, 0xCE, 0xA0, 0x3A,
    0x1D, 0x1E, 0x3A, 0xFD, 0x10, 0x5A, 0xDD, 0x36, 0xD1, 0xA9, 0x5B, 0x18, 0xCE, 0x0D, 0x42, 0x50,
    0x00, 0x5E, 0x6C, 0x1E, 0x14, 0x0A, 0x4B, 0xF2, 0x45, 0x28, 0xA1, 0x31, 0x9D, 0x94, 0xDB, 0xC0,
    0x93, 0x76, 0xED, 0xAB, 0xEA, 0xCA, 0xAC, 0x09, 0xC8, 0x48, 0x3E, 0x1E, 0xC8, 0x3B, 0xAE, 0xBA,
    0x71, 0x8A, 0x06, 0x98, 0x20, 0xF9, 0xEB, 0xF0, 0x01, 0xE5, 0x18, 0x04, 0x87, 0x13, 0x77, 0x1D,
    0xE4, 0xA1, 0xBC, 0x0A, 0xA8, 0x6F, 0xA5, 0x8F, 0xC5, 0xA7, 0x1E, 0x78, 0xF3, 0xFE, 0x3F, 0xB7,
    0x59, 0xAB, 0x7B, 0x3D, 0xE4, 0x6D, 0x12, 0x42, 0x4D, 0x31, 0x72, 0x31, 0x82, 0xB6, 0x64, 0xF1,
    0x80, 0x50, 0x49, 0xFE, 0x32, 0x5E, 0x2B, 0xA5, 0xE4, 0x6E, 0x01, 0x84, 0x05, 0x64, 0x32, 0xFB,
    0xD3, 0xE7, 0xFD, 0x28, 0x01, 0x90, 0x79, 0x91, 0x19, 0xE0, 0xF7, 0x90, 0xBC, 0xF3, 0xEF, 0x50,
    0x9F, 0xFB, 0x23, 0x54, 0xC5, 0x55, 0xA0, 0xA2, 0xE8, 0x59, 0x70, 0x78, 0x60, 0x04, 0xE5, 0x78,
    0xF3, 0xDD, 0xBF, 0x77, 0xC3, 0xF5, 0x74, 0xD2, 0x7F, 0xC7, 0xBB, 0xA5, 0xA8, 0x92, 0x51, 0x3B,
    0x08, 0xA1, 0xBF, 0x1A, 0x52, 0xF7, 0xAA, 0xDE, 0x4C, 0xFA, 0x25, 0x80, 0xAE, 0x55, 0xA7, 0x3B,
    0xDD, 0x09, 0x29, 0x42, 0xE0, 0x92, 0xA4, 0x12, 0x97, 0x38, 0x18, 0x94, 0x83, 0x29, 0xEB, 0xC1,
    0x86, 0x16, 0xB2, 0xF9, 0xFF, 0x69, 0xBE, 0x7F, 0x44, 0xD5, 0x67, 0xAD, 0x1A, 0xB7, 0xB8, 0xF6,
    0x9F, 0xEF, 0x43, 0x08, 0xEE, 0x10, 0x13, 0xF0, 0xAD, 0x08, 0x21, 0xB4, 0x87, 0x38, 0xE1, 0x5A,
    0x77, 0x08, 0x36, 0x4D, 0xA0, 0x61, 0xFB, 0x25, 0x0A, 0xE1, 0xFF, 0x45, 0xF2, 0xAC, 0x4D, 0x08,
    0x7D, 0xDE, 0x65, 0x92, 0xA7, 0xB7, 0xF0, 0x18, 0x55, 0x08, 0xBF, 0x04, 0x20, 0x61, 0x0F, 0x51,
    0x27, 0x3E, 0xEF, 0xD3, 0x51, 0xF8, 0x08, 0x27, 0xAA, 0x89, 0xAF, 0xF2, 0xCC, 0xDD, 0x12, 0xA6,
    0x87, 0xFB, 0x1A, 0xC4, 0x4A, 0x18, 0x20, 0x19, 0x40, 0x39, 0xD0, 0xFD, 0xF6, 0x6D, 0xED, 0xC2,
    0x62, 0x3D, 0x2B, 0x4A, 0xF0, 0x09, 0xF0, 0xE2, 0xE7, 0xE9, 0x59, 0xF1, 0xEC, 0x5C, 0xB4, 0x37,
    0xB5, 0x09, 0xDF, 0xD7, 0xE6, 0xFB, 0x80, 0x51, 0x47, 0xAC, 0x76, 0xAB, 0x81, 0x64, 0xD6, 0xAD,
    0x0E, 0xFF, 0x6A, 0xD3, 0x87, 0xD0, 0x66, 0x6D, 0x73, 0xC9, 0x7C, 0xF3, 0x0E, 0xB0, 0xE5, 0x62,
    0xA4, 0x78, 0x18, 0xA1, 0x71, 0xA0, 0x82, 0x87, 0xD4, 0x05, 0xC8, 0x5B, 0xDB, 0xB2, 0x26, 0xBF,
    0x91, 0x09, 0x38, 0x45, 0x24, 0xFF, 0x8D, 0x9C, 0x7E, 0xDB, 0x51, 0x6F, 0x80, 0xBA, 0xDB, 0x9C,
    0xE2, 0xA1, 0x02, 0xE3, 0x0E, 0xE5, 0x11, 0x66, 0xD0, 0xDE, 0xD6, 0xCF, 0x1E, 0xEB, 0x84, 0x18,
    0x82, 0x0C, 0x61, 0x86, 0x40, 0x43, 0xA8, 0x61, 0x21, 0x8A, 0x00, 0xDB, 0x0A, 0xB0, 0x88, 0x5D,
    0x45, 0xF8, 0x21, 0x00, 0x11, 0x82, 0x08, 0x42, 0x22, 0xC3, 0x06, 0x28, 0x5A, 0xC4, 0x5C, 0xFE,
    0xA3, 0xA7, 0x72, 0x24, 0xC1, 0x0B, 0xBE, 0x48, 0x6F, 0xAF, 0xC2, 0xB1, 0xE5, 0xC2, 0x26, 0x75,
    0x48, 0x7A, 0xC6, 0xDD, 0x63, 0x47, 0x04, 0x8E, 0xB0, 0x11, 0x34, 0x97, 0x2B, 0xA4, 0x6C, 0x04,
    0x33, 0x01, 0x37, 0xE4, 0xF5, 0x27, 0xAA, 0xCF, 0xEE, 0x91, 0xC1, 0x10, 0x19, 0xEC, 0x3C, 0x80,
    0x00, 0xED, 0x45, 0x02, 0x40, 0x11, 0x25, 0x29, 0x7F, 0x80, 0xDC, 0x7D, 0x84, 0xCA, 0x03, 0x53,
    0x03, 0x7A, 0x28, 0x5A, 0x7E, 0x73, 0xFB, 0xE6, 0x76, 0xE7, 0xA2, 0x49, 0xE7, 0x4C, 0xC0, 0xD7,
    0x26, 0x9D, 0x01, 0xA0, 0x71, 0xA8, 0x59, 0xDE, 0x59, 0x55, 0xBE, 0xAD, 0xDF, 0xD6, 0x7B, 0xC1,
    0x5A, 0x66, 0x9A, 0x87, 0xC7, 0x99, 0x26, 0xAD, 0xC3, 0xD1, 0xA9, 0x54, 0x00, 0x09, 0x1F, 0xC1,
    0x73, 0xB1, 0xC2, 0x91, 0x54, 0xAB, 0x9E, 0x24, 0x8C, 0x4B, 0xB1, 0x74, 0x45, 0xCB, 0xA6, 0xBD,
    0xFA, 0xAA, 0x1B, 0x59, 0x7C, 0x7B, 0x10, 0xED, 0xB0, 0x2A, 0xCF, 0x25, 0x84, 0x1E, 0xC4, 0xAE,
    0x8E, 0x91, 0x75, 0x60, 0x6A, 0x0E, 0xAD, 0x09, 0xA1, 0x93, 0xA8, 0x7E, 0x0E, 0x6C, 0xCD, 0xB9,
    0x42, 0x9E, 0xD7, 0xC4, 0xA0, 0xF8, 0x09, 0x28, 0x26, 0x91, 0x79, 0x2D, 0xF3, 0x1B, 0x00, 0x0F,
    0x28, 0xC7, 0xD3, 0x56, 0x84, 0x21, 0x4A, 0x2E, 0x82, 0x7E, 0xA1, 0xD8, 0x10, 0x42, 0x59, 0xAD,
    0xB2, 0x4B, 0xD2, 0xDB, 0x56, 0xD4, 0x50, 0xB5, 0x4B, 0xC8, 0xB5, 0xA9, 0x03, 0xCC, 0x28, 0xE2,
    0x81, 0x74, 0x77, 0x02, 0x1C, 0xB7, 0x67, 0x0D, 0x55, 0x23, 0x6B, 0x95, 0xF6, 0x99, 0xB3, 0xB5,
    0x1E, 0x2D, 0x89, 0xB7, 0xF0, 0x2B, 0x22, 0xF1, 0x72, 0x7F, 0xDE, 0x65, 0x4E, 0x9E, 0x27, 0xCF,
    0xA5, 0x1A, 0xBF, 0x5D, 0xBD, 0x9B, 0x51, 0x52, 0xC8, 0x28, 0x29, 0xD5, 0xB8, 0x8E, 0x92, 0x67,
    0xC2, 0xC6, 0x90, 0xEB, 0x8A, 0xA3, 0x7E, 0xBE, 0x7C, 0xBB, 0x1F, 0x7B, 0x0B, 0x76, 0x04, 0xEB,
    0x81, 0x18, 0x6A, 0x00, 0xDD, 0x13, 0xDB, 0x3E, 0x2C, 0x4E, 0xDF, 0xBB, 0x9E, 0x93, 0x4B, 0xE6,
    0x80, 0xE2, 0xA4, 0xCD, 0x51, 0x35, 0x6E, 0x57, 0x37, 0xE1, 0x80, 0x24, 0x82, 0x64, 0x84, 0x85,
    0x97, 0x4A, 0xE2, 0x97, 0xE7, 0x09, 0x99, 0xA5, 0x0F, 0xE9, 0x4D, 0xFA, 0xE5, 0x9C, 0x7B, 0x39,
    0x81, 0x86, 0xD0, 0xD8, 0x2E, 0xCB, 0xCF, 0xCA, 0xB1, 0x3F, 0xB9, 0xA3, 0x38, 0xB6, 0x16, 0x19,
    0xDA, 0x1A, 0xA4, 0x5B, 0x3D, 0x92, 0xF5, 0x13, 0x76, 0x84, 0x66, 0x46, 0xC5, 0xA9, 0x7F, 0xB7,
    0x02, 0x3A, 0x61, 0x2F, 0x77, 0xB9, 0x42, 0xD2, 0xD3, 0x76, 0xEB, 0x94, 0x75, 0x37, 0x50, 0x8C,
    0x1F, 0x05, 0x04, 0xA8, 0xE3, 0x37, 0xF3, 0xFA, 0xD5, 0xF4, 0x82, 0xED, 0xDE, 0x7E, 0x75, 0xA5,
    0xC2, 0x77, 0x5D, 0x1A, 0x42, 0x9B, 0xFD, 0x18, 0xE7, 0x6B, 0x3B, 0xC2, 0x1C, 0xD6, 0xED, 0xD5,
    0x5E, 0x75, 0x75, 0xEA, 0x76, 0xEF, 0x62, 0xB5, 0x25, 0x8F, 0x2E, 0x06, 0x68, 0x26, 0xA9, 0xA4,
    0x32, 0x73, 0xA6, 0x63, 0x6D, 0xAF, 0xBE, 0x50, 0x9D, 0xB0, 0xDD, 0xDB, 0x69, 0x21, 0xE3, 0xB7,
    0xC0, 0x3D, 0x28, 0x0F, 0xA9, 0x03, 0xD3, 0x02, 0xDC, 0xAC, 0x51, 0x7D, 0xB9, 0xD1, 0x21, 0x4C,
    0x26, 0x04, 0x1F, 0x39, 0x0D, 0xE7, 0xE5, 0x24, 0xFE, 0x2A, 0x60, 0x02, 0x35, 0x6E, 0x3D, 0xD8,
    0x35, 0xAA, 0xD1, 0x46, 0x0F, 0x8F, 0xB9, 0xBD, 0x84, 0x85, 0xFA, 0xB0, 0xA4, 0xCA, 0x7C, 0x98,
    0x82, 0xBB, 0xDD, 0xF3, 0xD5, 0x03, 0x24, 0x1E, 0x68, 0x56, 0x0F, 0x17, 0xCB, 0x97, 0xAA, 0x86,
    0xC6, 0x41, 0xB3, 0xFE, 0x17, 0xFD, 0xB0, 0xA5, 0xDF, 0x35, 0x67, 0xAA, 0x6E, 0xF1, 0xD0, 0xF8,
    0x27, 0x3E, 0x2E, 0x98, 0x3B, 0xA0, 0xA6, 0xB4, 0x4D, 0xC3, 0xFB, 0xD6, 0xBC, 0x0F, 0xB5, 0xF9,
    0xE3, 0xBC, 0x7F, 0x6D, 0x7F, 0xED, 0xE1, 0x72, 0xF9, 0xEE, 0x90, 0xDB, 0xE9, 0xF3, 0xCA, 0xB9,
    0x72, 0x3C, 0xBD, 0xCF, 0x13, 0x72, 0x39, 0x3D, 0x5F, 0xD4, 0x92, 0x73, 0xBF, 0xED, 0x7F, 0x3A,
    0x73, 0xFF, 0xDB, 0x7E, 0x8C, 0xCB, 0xB6, 0x6B, 0xC7, 0xCB, 0x0E, 0x1F, 0xFB, 0xB0, 0x38, 0xED,
    0xF0, 0x71, 0x66, 0x2E, 0x6F, 0x4B, 0xA0, 0x22, 0x66, 0xAE, 0x07, 0x84, 0x89, 0xF4, 0xC8, 0x46,
    0x7A, 0x0B, 0xA1, 0x13, 0xA9, 0x2D, 0x78, 0xCE, 0x2A, 0x89, 0x88, 0x3A, 0xEC, 0x14, 0xFB, 0x27,
    0x9B, 0xB0, 0x89, 0xB8, 0xA9, 0xE6, 0x1E, 0xE4, 0xDA, 0xE8, 0xC9, 0xF4, 0xC9, 0x07, 0x60, 0xEB,
    0x54, 0xFC, 0xB9, 0x83, 0xD3, 0xB9, 0xFC, 0x35, 0x36, 0x92, 0xD5, 0x86, 0x71, 0x64, 0xC7, 0x1B,
    0x56, 0x75, 0x17, 0x0D, 0x44, 0x5E, 0x45, 0x0B, 0x64, 0x57, 0xC6, 0x4A, 0x79, 0x80, 0x75, 0x52,
    0x24, 0x5F, 0x4C, 0xEE, 0xCD, 0x0A, 0x7B, 0x2B, 0x32, 0x8A, 0x78, 0x80, 0x55, 0xD4, 0xA0, 0x1D,
    0xBA, 0xBF, 0x1A, 0x60, 0xD8, 0x5E, 0xC4, 0x1F, 0x84, 0x4F, 0x07, 0xA7, 0xC9, 0x80, 0x58, 0xDC,
    0x1D, 0xDD, 0xE1, 0x87, 0x24, 0xE4, 0x97, 0x24, 0x64, 0xC7, 0x4F, 0xD6, 0x36, 0x57, 0x36, 0x24,
    0x9F, 0x37, 0xF9, 0x0A, 0xAC, 0xAE, 0x8F, 0xCB, 0xD3, 0xA5, 0x86, 0xDC, 0x45, 0x89, 0x2B, 0x39,
    0xFB, 0x63, 0xDA, 0xB6, 0x68, 0xA3, 0x70, 0x22, 0xAB, 0xAB, 0xBF, 0x01, 0x54, 0xAC, 0x53, 0x86,
    0x03, 0xD4, 0xD7, 0xF7, 0xDE, 0x83, 0x11, 0xC4, 0xA6, 0xB5, 0x35, 0x45, 0x9D, 0xB7, 0x58, 0x4C,
    0xC7, 0x3D, 0xA9, 0xC3, 0xA3, 0x87, 0xC4, 0xA3, 0xBC, 0x76, 0x87, 0x6F, 0x5F, 0x4C, 0x07, 0xD6,
    0xB4, 0x50, 0xFC, 0xA3, 0x04, 0x13, 0x80, 0x6C, 0x5E, 0x4F, 0xFD, 0x23, 0xA0, 0x4E, 0x17, 0x68,
    0x00, 0x6C, 0xBD, 0xF9, 0x32, 0xE9, 0x59, 0x93, 0x16, 0xF2, 0x63, 0x7F, 0x15, 0x59, 0xCF, 0x8C,
    0x5E, 0x4D, 0x26, 0x5E, 0x0F, 0x20, 0x4E, 0xB9, 0x4F, 0x7B, 0xA8, 0x7E, 0x71, 0xFA, 0xE7, 0x3A,
    0x3A, 0x15, 0x21, 0x5D, 0xED, 0xAA, 0x75, 0x81, 0xD4, 0x2E, 0xBE, 0x5A, 0x79, 0x74, 0x04, 0x56,
    0xD4, 0x80, 0x7D, 0x6D, 0x42, 0x27, 0x7C, 0x97, 0xB1, 0x3B, 0x9C, 0x46, 0xE0, 0x84, 0x1A, 0x4B,
    0xA8, 0x81, 0xE6, 0xF4, 0xEF, 0xDE, 0x79, 0x75, 0x9C, 0x66, 0x64, 0x9B, 0x2F, 0xC5, 0xEA, 0xF4,
    0x07, 0x00, 0x7F, 0x55, 0xA5, 0x17, 0x5B, 0x55, 0x3B, 0x08, 0x9F, 0x1D, 0x89, 0x0B, 0x0E, 0xE5,
    0x8A, 0xF6, 0xAA, 0x06, 0xF1, 0x09, 0x26, 0x5F, 0x9F, 0xE4, 0xFF, 0x00, 0xB5, 0x52, 0x41, 0x6E,
    0x1B, 0x31, 0x0C, 0x9C, 0x58, 0x40, 0xF7, 0xA0, 0x03, 0x9F, 0xA0, 0x27, 0xE8, 0x03, 0x8D, 0xB5,
    0x6D, 0x1E, 0xD0, 0x0F, 0x15, 0x95, 0xD0, 0x4B, 0xAF, 0x7D, 0x50, 0x1B, 0x11, 0xCD, 0x07, 0xF6,
    0x09, 0x7A, 0x82, 0x0E, 0x7B, 0x30, 0xD0, 0x5D, 0xAB, 0xA4, 0x6C, 0x23, 0x9B, 0x20, 0x45, 0x5C,
    0x20, 0xA5, 0x38, 0x63, 0x8B, 0x9C, 0x25, 0x69, 0x2F, 0x63, 0x5B, 0x72, 0x5B, 0xC5, 0x63, 0x6B,
    0xCB, 0x05, 0x4D, 0xEC, 0x28, 0x38, 0xDB, 0x82, 0xF8, 0x5F, 0xDD, 0xCC, 0xB6, 0x52, 0x71, 0x1C,
    0x52, 0x18, 0x03, 0xC2, 0xE8, 0x13, 0x4D, 0x9E, 0xA9, 0xD8, 0x3A, 0x54, 0xCD, 0x10, 0x7B, 0x0E,
    0x63, 0xC6, 0x4B, 0x31, 0x51, 0x9E, 0x9F, 0x0A, 0xC9, 0xF5, 0xBC, 0x56, 0xD3, 0x6F, 0x7A, 0x97,
    0x78, 0xCA, 0x08, 0x58, 0x91, 0x6F, 0x96, 0x0B, 0xFA, 0xDD, 0x73, 0x84, 0xE4, 0x47, 0x2B, 0x7D,
    0x87, 0x4A, 0x93, 0x11, 0xE8, 0x67, 0x7F, 0x76, 0x0A, 0xC9, 0x9F, 0x9F, 0x8D, 0x58, 0x45, 0xE7,
    0xD8, 0x16, 0x5B, 0x06, 0xE9, 0x6D, 0xE4, 0xE8, 0xA7, 0x95, 0x43, 0x93, 0xCE, 0xE9, 0x75, 0xEE,
    0x14, 0x11, 0x7B, 0xCD, 0x80, 0x23, 0x32, 0xCE, 0xBD, 0x70, 0xEA, 0xA5, 0x75, 0x74, 0x16, 0x99,
    0x89, 0xB5, 0x3E, 0xDE, 0x7D, 0x07, 0x6C, 0xF9, 0x2B, 0xB6, 0xAF, 0x42, 0xEF, 0x6F, 0x0E, 0xED,
    0x7F, 0x99, 0xE1, 0xFA, 0x39, 0xDE, 0x56, 0x2F, 0xFD, 0x87, 0x05, 0xAE, 0x21, 0xB4, 0x14, 0x1A,
    0x77, 0x4F, 0x72, 0x95, 0x60, 0x48, 0x79, 0x6A, 0x25, 0xEB, 0x5B, 0xB8, 0xA9, 0x34, 0x86, 0xBB,
    0x83, 0xE7, 0x67, 0xD4, 0x13, 0xC3, 0x0A, 0x33, 0x81, 0xDA, 0x68, 0x19, 0xC1, 0x32, 0x01, 0xB7,
    0x86, 0xF7, 0x9D, 0x3F, 0x77, 0x9E, 0x95, 0x7F, 0x55, 0xC0, 0xDB, 0x07, 0x86, 0x28, 0x3F, 0x25,
    0xC0, 0xAC, 0x0E, 0x6A, 0xFB, 0xCE, 0x22, 0x14, 0x9B, 0x95, 0x76, 0x55, 0xD9, 0xB0, 0x32, 0x7D,
    0x2B, 0x5F, 0x00, 0xE7, 0x8E, 0x8D, 0xB1, 0xDF, 0xFB, 0x87, 0x09, 0x3F, 0xDE, 0xD3, 0xC7, 0x82,
    0x59, 0xB8, 0xEE, 0xAA, 0xB2, 0x61, 0x8D, 0x50, 0xBA, 0x75, 0x0F, 0xC5, 0xC1, 0x8B, 0xF2, 0x16,
    0x76, 0xCE, 0x18, 0x74, 0x9B, 0x75, 0x43, 0x27, 0xC7, 0x9E, 0x4F, 0xDB, 0x49, 0xD5, 0x4D, 0x54,
    0xBC, 0x6E, 0x16, 0xEB, 0x9E, 0xEB, 0xEE, 0xEA, 0xCE, 0xE8, 0x06, 0x07, 0xDC, 0x23, 0x9E, 0xB7,
    0xC6, 0xD6, 0xF0, 0x75, 0xA1, 0x1A, 0xEF, 0x16, 0x2A, 0xD9, 0x1C, 0x68, 0xCA, 0x66, 0x76, 0x7C,
    0x1C, 0xAA, 0xE7, 0x55, 0x72, 0x69, 0x11, 0xFA, 0x20, 0xB9, 0xB0, 0x5B, 0x88, 0xA3, 0x08, 0x18,
    0xE6, 0x20, 0xD5, 0xE1, 0x19, 0x11, 0xB2, 0x72, 0x66, 0x06, 0x15, 0x84, 0xA4, 0x4E, 0x45, 0xAF,
    0x12, 0x44, 0x86, 0x0A, 0xA8, 0x8A, 0x38, 0xF0, 0x25, 0xBE, 0x3E, 0x89, 0x63, 0xA7, 0xDD, 0xE1,
    0xB4, 0x0E, 0xD6, 0x5E, 0xB5, 0x68, 0x32, 0xC8, 0xB4, 0x17, 0xBC, 0x74, 0xFC, 0x23, 0xC6, 0x13,
    0x7C, 0xC7, 0xF6, 0xE0, 0x99, 0x49, 0x2D, 0xCE, 0xD3, 0xE9, 0x68, 0xDD, 0x7C, 0x04, 0x72, 0x2B,
    0x82, 0x03, 0xB0, 0x5B, 0x21, 0x37, 0x55, 0xC1, 0xD4, 0x2D, 0xA2, 0xE0, 0x08, 0xF3, 0x7B, 0x81,
    0x69, 0xB3, 0x20, 0xE9, 0xAF, 0x80, 0x29, 0x8F, 0xD8, 0xDA, 0x20, 0x39, 0x5A, 0x4E, 0xD0, 0xEF,
    0xB1, 0x89, 0xF1, 0x96, 0xB5, 0xCF, 0xFD, 0xBD, 0xD0, 0x1A, 0x47, 0xF9, 0xF5, 0x41, 0x62, 0x07,
    0x12, 0xAA, 0x3B, 0xA1, 0x04, 0xB1, 0x9F, 0x02, 0xFD, 0xFB, 0xA4, 0xB1, 0x90, 0x9D, 0x84, 0x1C,
    0x0B, 0x85, 0xAB, 0x92, 0x78, 0x9A, 0xA4, 0x7F, 0x48, 0xC6, 0xC6, 0xDD, 0x53, 0x04, 0x5E, 0x71,
    0xD1, 0x9C, 0xC4, 0xC0, 0xF5, 0xE2, 0x70, 0x71, 0xD0, 0x2B, 0x7E, 0xBD, 0x72, 0x2B, 0xFE, 0x03,
    0xE5, 0x91, 0x31, 0x4E, 0xC3, 0x40, 0x10, 0x45, 0x5F, 0x82, 0x44, 0x8A, 0x14, 0xE6, 0x06, 0x6E,
    0xE9, 0x7C, 0x81, 0x6C, 0x26, 0xA1, 0xE0, 0x54, 0x6B, 0xE1, 0xCA, 0x35, 0x37, 0xE0, 0x22, 0x8E,
    0xC2, 0x11, 0x72, 0x04, 0xDF, 0x00, 0x17, 0x2E, 0x5C, 0x0C, 0x1A, 0x66, 0x97, 0x8D, 0x22, 0x41,
    0x43, 0x8F, 0xF5, 0x9A, 0x59, 0x7D, 0xFD, 0xFF, 0x67, 0xBC, 0xB6, 0xAE, 0xB2, 0x49, 0x7A, 0x6D,
    0x19, 0x06, 0xC2, 0x0F, 0xFC, 0x51, 0xFA, 0xC5, 0x05, 0x2E, 0xA3, 0x7A, 0x47, 0x60, 0x60, 0x35,
    0x73, 0x37, 0xFA, 0xA4, 0x82, 0xB6, 0xE8, 0x8B, 0x25, 0xE0, 0x46, 0x63, 0x19, 0x48, 0x58, 0xD7,
    0xD8, 0xC4, 0xBD, 0xC2, 0x00, 0x21, 0x12, 0x42, 0xF2, 0xD4, 0xE2, 0xE9, 0x8A, 0x08, 0xD9, 0x70,
    0xF3, 0x91, 0x9B, 0x3C, 0x69, 0xB8, 0x36, 0x39, 0x65, 0x65, 0x9D, 0x95, 0x62, 0x9F, 0x4E, 0xA0,
    0x0D, 0xE8, 0x63, 0x6A, 0x30, 0xB1, 0xB9, 0xA4, 0x4A, 0xD5, 0x01, 0x81, 0x7D, 0x4E, 0x5E, 0xF2,
    0x73, 0x4A, 0x9C, 0xE5, 0xA8, 0x3B, 0xA2, 0x1C, 0x97, 0xAD, 0xBD, 0x56, 0x36, 0xCA, 0xB3, 0x46,
    0x62, 0xB6, 0x6D, 0x3D, 0xA2, 0xB6, 0xD9, 0x3D, 0x9D, 0xFA, 0xB6, 0x7B, 0x9B, 0x97, 0xF5, 0xE6,
    0xCB, 0xC6, 0x0B, 0x6F, 0xDD, 0xBC, 0x4B, 0xCE, 0xA7, 0x64, 0xBB, 0x9E, 0x0B, 0x66, 0xA3, 0x53,
    0xC6, 0x8C, 0x98, 0x3A, 0x94, 0xAF, 0x8C, 0x7F, 0xBF, 0xEA, 0xCA, 0xA8, 0x0C, 0x79, 0x63, 0x57,
    0xF3, 0x50, 0xC3, 0x6F, 0x1A, 0xC4, 0xCC, 0xF9, 0xF6, 0x6C, 0xFA, 0x65, 0xEF, 0x17, 0x60, 0x00,
    0x4D, 0xF1, 0xD5, 0x05, 0x39, 0xAC, 0x94, 0xED, 0x88, 0x74, 0x39, 0xFD, 0x0A, 0xEB, 0x25, 0x6D,
    0x21, 0x70, 0xEE, 0x38, 0x4F, 0xB8, 0x88, 0x18, 0x4B, 0xBA, 0xD6, 0xFF, 0xFE, 0x9F, 0x7E, 0x01,
    0x75, 0x91, 0x0D, 0x4A, 0xC3, 0x40, 0x10, 0x85, 0x5F, 0x3B, 0x62, 0xC0, 0x00, 0x39, 0x80, 0x40,
    0xF8, 0x07, 0xF9, 0xCB, 0x11, 0xDA, 0x1B, 0x79, 0x84, 0x04, 0x0F, 0x56, 0x17, 0xBC, 0x40, 0xF4,
    0x04, 0x41, 0x3C, 0xC0, 0x02, 0x11, 0x22, 0x4C, 0x77, 0x9C, 0x97, 0xC6, 0xAC, 0x1A, 0xBA, 0xF0,
    0x3E, 0xCA, 0xBC, 0x37, 0x3F, 0x25, 0xC0, 0x4E, 0xF1, 0x1B, 0x66, 0x71, 0xC5, 0x80, 0x6C, 0x3C,
    0xBF, 0x2A, 0xC4, 0xBE, 0x14, 0x95, 0x25, 0x45, 0x3D, 0x54, 0x8A, 0x43, 0x27, 0x0E, 0xEC, 0x89,
    0xDD, 0x16, 0x47, 0x37, 0x9A, 0x20, 0x1E, 0x1E, 0xEB, 0xA5, 0x4D, 0xEC, 0x53, 0x81, 0xC7, 0x0E,
    0x97, 0x77, 0x30, 0xD3, 0x15, 0x13, 0x50, 0x58, 0xCF, 0xA2, 0x72, 0xB7, 0x61, 0x97, 0xD0, 0x76,
    0x32, 0xA1, 0x0E, 0x12, 0x51, 0x11, 0x77, 0x9D, 0x03, 0x68, 0x2D, 0xF9, 0x3D, 0x66, 0x0B, 0x58,
    0xCB, 0xC8, 0x06, 0x73, 0xD9, 0xE0, 0x00, 0x82, 0xF3, 0xE6, 0xC9, 0x30, 0x66, 0x1A, 0x6E, 0xBB,
    0xB5, 0x9E, 0x1D, 0xD6, 0xCF, 0x68, 0x09, 0xEC, 0x47, 0xE0, 0x0A, 0x1A, 0x07, 0x7B, 0x4B, 0x4B,
    0xDE, 0x6A, 0x1D, 0x6A, 0x73, 0xA3, 0x7E, 0x77, 0xDC, 0x64, 0xF7, 0xDE, 0xDD, 0x22, 0xBB, 0x6F,
    0x8E, 0xEB, 0x43, 0x6B, 0xCF, 0xC1, 0x3C, 0x28, 0x66, 0x8A, 0x62, 0x42, 0x42, 0x39, 0xE0, 0x84,
    0x32, 0x38, 0xFC, 0xA9, 0xAB, 0x88, 0xE0, 0x69, 0x21, 0x03, 0xEB, 0xFB, 0x67, 0xC8, 0x34, 0xE7,
    0x1D, 0x55, 0xC0, 0x03, 0x71, 0x42, 0xD5, 0xE3, 0x8C, 0x72, 0x14, 0x85, 0x70, 0x11, 0xF8, 0x27,
    0xD1, 0xA4, 0xF9, 0xDA, 0x0F, 0x22, 0x11, 0x16, 0xF6, 0x13, 0x9A, 0xDE, 0x51, 0x46, 0x87, 0x6C,
    0x41, 0x83, 0x91, 0x03, 0xC3, 0x8E, 0x04, 0x87, 0x0F, 0x98, 0x80, 0x0C, 0xD6, 0xC6, 0x15, 0x31,
    0x1B, 0x1B, 0x3C, 0x75, 0x90, 0x97, 0xF0, 0x47, 0xDE, 0xE5, 0x32, 0x2A, 0xA8, 0x6F, 0x52, 0x54,
    0x83, 0xA2, 0x88, 0x0A, 0x59, 0xC4, 0xDF, 0x95, 0xD7, 0xDB, 0xC0, 0xFD, 0x66, 0xE7, 0x25, 0x5B,
    0xFF, 0xE4, 0x46, 0xF5, 0xF1, 0x17, 0x09, 0x15, 0xDD, 0x8B, 0xFC, 0xAE, 0xAE, 0xA3, 0xD9, 0xB4,
    0xD9, 0xC9, 0x3B, 0xBE, 0x01, 0xCD, 0x96, 0x31, 0x6C, 0xDE, 0x44, 0x14, 0xC7, 0xFF, 0xDF, 0x59,
    0xC2, 0xA8, 0x56, 0x39, 0x06, 0xA6, 0x8A, 0xD6, 0x0B, 0x53, 0x25, 0xF0, 0xC2, 0x98, 0xE4, 0x4E,
    0x30, 0x32, 0x94, 0x7D, 0xEA, 0x18, 0xBA, 0x0F, 0x0C, 0xA5, 0xB6, 0x60, 0xE8, 0xC8, 0xBE, 0x65,
    0x60, 0x88, 0xB2, 0x10, 0xA1, 0x0E, 0x0C, 0x25, 0x77, 0xD0, 0x5D, 0xF2, 0xBE, 0x60, 0x56, 0x16,
    0xAC, 0x72, 0x08, 0x0B, 0xCE, 0x7E, 0xBC, 0xBF, 0x12, 0xA7, 0x5F, 0xD2, 0x52, 0x90, 0x9A, 0xA1,
    0xD7, 0xCF, 0x3F, 0xB9, 0xEF, 0xBD, 0x7B, 0x7E, 0xF7, 0x7F, 0xB9, 0xB3, 0xB1, 0x39, 0x04, 0x50,
    0x26, 0x85, 0x1D, 0x14, 0xAE, 0x53, 0x08, 0x00, 0x93, 0xCF, 0xED, 0x3D, 0xED, 0x22, 0x92, 0x03,
    0xE1, 0x88, 0x3A, 0x02, 0xA8, 0x46, 0x45, 0xC1, 0x38, 0x2C, 0x84, 0xF3, 0x8A, 0x2D, 0xCF, 0x84,
    0xB3, 0xB1, 0x19, 0x99, 0x6B, 0x56, 0x34, 0xE2, 0x81, 0x20, 0x03, 0x8A, 0xE5, 0xEF, 0x09, 0xF6,
    0xE9, 0x1F, 0x02, 0xF7, 0x53, 0x72, 0x51, 0x4C, 0xB2, 0xC3, 0x64, 0x52, 0x31, 0x0C, 0x26, 0xE1,
    0x00, 0x0A, 0xBC, 0x3A, 0x70, 0xDB, 0x2B, 0x9A, 0x17, 0xD5, 0xDA, 0x6E, 0xD5, 0xDA, 0x8A, 0xC8,
    0x44, 0xCC, 0x04, 0x63, 0xCA, 0x91, 0xDE, 0xFE, 0x79, 0x3D, 0x68, 0xB7, 0xAB, 0xFD, 0x4A, 0x8A,
    0x1C, 0xB8, 0x5E, 0xAE, 0x7C, 0x10, 0x6A, 0x40, 0x35, 0x22, 0x75, 0x01, 0x15, 0x3A, 0xD5, 0x8A,
    0xAA, 0x51, 0xBF, 0x55, 0x49, 0x0E, 0xED, 0x9B, 0xF9, 0x06, 0xEC, 0x10, 0x0B, 0x63, 0xEF, 0x04,
    0xAC, 0x8A, 0x3F, 0x04, 0xD0, 0x60, 0x32, 0xDD, 0xFC, 0xF1, 0xD6, 0xF6, 0xA0, 0xC3, 0x09, 0x47,
    0x17, 0x48, 0xE9, 0x1D, 0x29, 0xD1, 0x46, 0x2A, 0x02, 0x6A, 0xB4, 0x99, 0x19, 0xCC, 0xDE, 0x51,
    0x27, 0x3B, 0xB2, 0xAB, 0x54, 0x90, 0x5A, 0xB5, 0x00, 0x63, 0x66, 0x50, 0x49, 0x46, 0x00, 0x9F,
    0xAE, 0x4B, 0xB1, 0x8B, 0xC2, 0x49, 0x07, 0x88, 0x8C, 0x28, 0x97, 0x3F, 0x33, 0xEA, 0xA7, 0x49,
    0xD0, 0x7E, 0x99, 0x5C, 0xBF, 0x98, 0x54, 0x0D, 0xC9, 0x24, 0x33, 0xF4, 0x1A, 0x7C, 0xF7, 0x6A,
    0x84, 0xEB, 0xCF, 0x84, 0x33, 0xC3, 0x42, 0xE1, 0x5A, 0x15, 0xAE, 0xE7, 0x23, 0x51, 0xF0, 0xE1,
    0x10, 0x19, 0xCE, 0x0A, 0xAA, 0xE6, 0x75, 0x1A, 0x3C, 0x4D, 0x32, 0x12, 0x99, 0x10, 0x38, 0x0A,
    0xEA, 0x32, 0x21, 0x84, 0x8B, 0x0A, 0x3B, 0x2A, 0x8A, 0xAC, 0x80, 0x10, 0x2E, 0x2A, 0xEC, 0xA8,
    0x28, 0xB2, 0x02, 0x02, 0x0B, 0x35, 0x1A, 0xC0, 0x76, 0xCC, 0x8D, 0x0D, 0x55, 0x2C, 0x08, 0x4B,
    0x00, 0x20, 0x4A, 0xA2, 0xFE, 0x4D, 0xD1, 0x7E, 0x1D, 0xB1, 0x59, 0x6C, 0x44, 0x39, 0x29, 0xEA,
    0x41, 0xD1, 0x76, 0x36, 0x6E, 0x16, 0xD8, 0x58, 0x4E, 0x8A, 0x7A, 0xD0, 0x54, 0xAE, 0xC3, 0x5B,
    0xD8, 0x03, 0xDE, 0xD4, 0x7F, 0xEB, 0xB8, 0x49, 0xB4, 0x1E, 0xD7, 0xD1, 0xF4, 0xB0, 0xBE, 0x4A,
    0x1A, 0x6C, 0x66, 0x05, 0x82, 0x57, 0x34, 0xBD, 0xA2, 0x4A, 0x0A, 0x33, 0x2B, 0x10, 0xEE, 0x28,
    0x9A, 0x9F, 0x15, 0x95, 0x28, 0x8C, 0xC4, 0x6B, 0x47, 0x47, 0x12, 0x2B, 0x56, 0x65, 0x88, 0x35,
    0x6F, 0xE5, 0x2B, 0xA0, 0x89, 0x0D, 0x34, 0x8F, 0xD3, 0xC9, 0x70, 0x9A, 0x46, 0xD1, 0xF4, 0x8A,
    0xE0, 0xE1, 0xD4, 0x04, 0x57, 0x25, 0x45, 0xD3, 0x2B, 0x82, 0x57, 0xCC, 0x50, 0x24, 0xE2, 0xAF,
    0xA3, 0x23, 0xEA, 0x37, 0x13, 0x34, 0x54, 0x32, 0x10, 0x13, 0x31, 0x43, 0xB9, 0x54, 0x19, 0xF5,
    0xE2, 0xC4, 0xB7, 0x27, 0xAD, 0xFC, 0xB8, 0xEC, 0x9D, 0x58, 0xC9, 0x7B, 0xB9, 0x90, 0x71, 0xEF,
    0x31, 0xA4, 0xDB, 0xC3, 0x67, 0x38, 0xC4, 0x26, 0x17, 0x09, 0xC5, 0x68, 0x7B, 0xD8, 0xC8, 0xBF,
    0x5C, 0x7F, 0x02, 0x04, 0x6E, 0x43, 0xD1, 0xB1, 0x08, 0xE1, 0x30, 0x83, 0x5E, 0x8F, 0x92, 0x71,
    0x9C, 0x01, 0x70, 0x2E, 0x6E, 0x13, 0x4D, 0x74, 0x40, 0x35, 0xD4, 0x11, 0x66, 0xE2, 0xDE, 0x9C,
    0xCD, 0x74, 0x29, 0x01, 0xF0, 0x60, 0x93, 0x39, 0x6F, 0x64, 0x86, 0x88, 0x3A, 0x3A, 0xCE, 0xDD,
    0x67, 0x16, 0x1C, 0xAA, 0xAB, 0xA0, 0xCB, 0xD2, 0xD5, 0xF0, 0x31, 0x2D, 0x02, 0x97, 0xC5, 0x13,
    0x81, 0x60, 0xBB, 0x11, 0x28, 0xB7, 0x8B, 0x25, 0xE3, 0x38, 0x63, 0x02, 0xE7, 0xDE, 0xD3, 0x0B,
    0x2C, 0x9B, 0x7B, 0xAD, 0x8E, 0xDC, 0x69, 0x23, 0x77, 0xCF, 0x84, 0x70, 0x26, 0xCC, 0x82, 0x56,
    0xB1, 0x59, 0xF8, 0xF8, 0x89, 0x0B, 0x1D, 0xB8, 0x94, 0x08, 0x87, 0x7B, 0x60, 0x05, 0x7A, 0x0B,
    0x19, 0x51, 0x88, 0x4A, 0x25, 0x82, 0xF6, 0xDB, 0x10, 0x7F, 0x68, 0x3E, 0x89, 0x8F, 0x9A, 0x8F,
    0xA2, 0x6F, 0xBC, 0x47, 0xE3, 0xF1, 0x2F, 0x17, 0x13, 0xC7, 0x70, 0x76, 0xED, 0xB3, 0x90, 0x0C,
    0x38, 0xA2, 0x8E, 0x8A, 0x72, 0x54, 0x98, 0x49, 0x2E, 0x4A, 0x91, 0xA1, 0x85, 0x28, 0x0A, 0x7A,
    0x2D, 0xE3, 0x1C, 0xAB, 0xD8, 0xBF, 0x90, 0x8C, 0xC9, 0x5F, 0x76, 0xDD, 0x6D, 0x7C, 0x7C, 0xDC,
    0x7C, 0x1C, 0xDB, 0xE6, 0x4E, 0x74, 0x12, 0xBA, 0x4A, 0x16, 0x18, 0x49, 0x40, 0xDB, 0x03, 0x37,
    0x00, 0xC0, 0x26, 0x42, 0x3C, 0xD1, 0xAF, 0xFF, 0x37, 0x59, 0x01, 0x02, 0x27, 0x68, 0x3A, 0x45,
    0xD0, 0x3B, 0x15, 0x13, 0x73, 0x31, 0xAA, 0xD7, 0xF6, 0x1A, 0xC7, 0x0D, 0x39, 0x04, 0x45, 0xA7,
    0x77, 0xD3, 0x73, 0x6F, 0x92, 0x99, 0x68, 0x89, 0x1B, 0x5E, 0xD1, 0xF0, 0xB4, 0x12, 0x05, 0xFF,
    0xF6, 0xD0, 0xE8, 0x05, 0xE7, 0xD7, 0x88, 0x13, 0x82, 0xCD, 0xE0, 0xDD, 0x8C, 0x00, 0x38, 0x7A,
    0xEB, 0xA8, 0x71, 0xD5, 0x68, 0xD9, 0x5E, 0xA3, 0x98, 0xD1, 0xB0, 0xC7, 0x40, 0x71, 0xE1, 0x60,
    0x67, 0x3C, 0x58, 0x1C, 0xCC, 0xC1, 0xE9, 0x74, 0x93, 0xD0, 0xC4, 0xEA, 0x97, 0xC5, 0x0E, 0xF5,
    0x43, 0xF9, 0x2A, 0x3D, 0xA8, 0xA5, 0xCF, 0x8B, 0x3C, 0x5C, 0x16, 0xED, 0xAF, 0x2C, 0xED, 0x84,
    0x36, 0xEB, 0xAA, 0x8A, 0x54, 0x0D, 0xB0, 0x43, 0x31, 0x69, 0x30, 0xA7, 0xC1, 0x03, 0x9A, 0xE0,
    0x7B, 0xD6, 0x83, 0x10, 0xF1, 0xDD, 0x88, 0xE3, 0xC7, 0x38, 0x6E, 0x70, 0x5C, 0x75, 0xC7, 0xA6,
    0x3B, 0x06, 0xAE, 0xE4, 0xB7, 0xBE, 0xE3, 0xEC, 0xA0, 0x28, 0x92, 0x02, 0xF9, 0x59, 0xDB, 0x83,
    0x62, 0xBE, 0xF8, 0x02, 0x8B, 0xEB, 0x3A, 0x79, 0x47, 0x1B, 0xBD, 0xCF, 0x6D, 0x1C, 0x20, 0xAF,
    0xF9, 0x98, 0x99, 0xCF, 0x28, 0xF2, 0xDA, 0x92, 0x3A, 0xAE, 0x7A, 0x33, 0xBA, 0x20, 0x2A, 0x62,
    0xCB, 0x7E, 0x76, 0x72, 0xAD, 0xC5, 0x9D, 0xC7, 0x6D, 0x08, 0x04, 0x30, 0xF0, 0x62, 0xD9, 0x9B,
    0x43, 0x05, 0xFC, 0xDB, 0x0A, 0x13, 0x3F, 0x54, 0x56, 0x71, 0x57, 0xC9, 0x8D, 0x49, 0xFD, 0x5C,
    0x0F, 0xF3, 0x7B, 0xDC, 0x49, 0xA8, 0x9E, 0xC4, 0x9D, 0x5D, 0x34, 0x45, 0xDC, 0xB1, 0xFE, 0x73,
    0x65, 0x11, 0xEF, 0x2A, 0x11, 0x41, 0xE2, 0xF5, 0xE1, 0xAA, 0x72, 0xFF, 0x4C, 0x65, 0x88, 0x0E,
    0x10, 0x1D, 0xB1, 0xED, 0x01, 0xB0, 0x9C, 0xF7, 0x29, 0xD1, 0x3B, 0x10, 0x91, 0xA0, 0x38, 0xF3,
    0xBA, 0x13, 0xEC, 0xB8, 0x8A, 0x7A, 0x1B, 0x78, 0xDD, 0xD6, 0x7C, 0xDA, 0x89, 0xD3, 0xAE, 0x7C,
    0xA0, 0xB4, 0xDD, 0x69, 0xB7, 0x4E, 0x3B, 0x07, 0x76, 0x71, 0xED, 0xA8, 0x76, 0x77, 0xED, 0xF4,
    0xDA, 0xF5, 0x5C, 0xA6, 0x0B, 0x1F, 0x35, 0x61, 0xEB, 0xA3, 0x86, 0x72, 0x61, 0xA3, 0x94, 0x84,
    0x52, 0x29, 0x99, 0x11, 0x80, 0xC0, 0x45, 0x30, 0x8C, 0xC1, 0xA8, 0x7B, 0x06, 0xAB, 0xA9, 0xA6,
    0xB6, 0x01, 0x15, 0x23, 0x67, 0x14, 0x4A, 0x99, 0x00, 0xA5, 0x6C, 0x7D, 0xD4, 0xF4, 0x2F, 0xFA,
    0xA8, 0x39, 0x7C, 0xE3, 0x00, 0x14, 0x97, 0x60, 0x14, 0xFD, 0x9C, 0x4D, 0xCC, 0x84, 0x5C, 0xDE,
    0x72, 0xB4, 0x3D, 0xDB, 0x72, 0xE7, 0x9B, 0xA4, 0xE9, 0xCF, 0x1B, 0x8D, 0xD5, 0x9E, 0xB6, 0xBF,
    0x2C, 0x39, 0xAE, 0xD1, 0xA0, 0xF7, 0x6D, 0xBF, 0xBE, 0x0D, 0xB8, 0x57, 0xE0, 0x44, 0xE2, 0xBD,
    0xF0, 0x6B, 0x77, 0xF9, 0x00, 0x5E, 0x0F, 0xEA, 0x76, 0xEB, 0xB0, 0xFE, 0xCF, 0x03, 0xFC, 0x06,
    0xD6, 0xFB, 0x57, 0xCA, 0x45, 0x5F, 0x2D, 0xE2, 0xF9, 0x8E, 0x37, 0x54, 0x33, 0x50, 0xCA, 0x08,
    0x58, 0x70, 0x50, 0x09, 0x64, 0x60, 0x26, 0x5A, 0xA2, 0x89, 0x8A, 0x6A, 0xA0, 0x34, 0x89, 0xC8,
    0xC4, 0xB4, 0xBE, 0xA1, 0x6A, 0x7A, 0x9D, 0x57, 0x2C, 0xC8, 0x30, 0x99, 0x38, 0xC0, 0x3E, 0xF0,
    0x1E, 0x00, 0x7C, 0x01, 0x60, 0x23, 0x8A, 0xF2, 0x09, 0x9F, 0x80, 0x11, 0xD8, 0xD1, 0x7F, 0x18,
    0x61, 0x51, 0x44, 0x94, 0xD1, 0xAA, 0x7F, 0x70, 0x33, 0xC2, 0x84, 0x9B, 0x78, 0x04, 0xC5, 0xF1,
    0xAB, 0xE1, 0x3A, 0x61, 0x65, 0xC0, 0xF6, 0x78, 0x97, 0xA8, 0x41, 0x44, 0xC5, 0xAD, 0x11, 0x1A,
    0x7D, 0x1F, 0xAD, 0xCC, 0x16, 0x03, 0x50, 0x44, 0x05, 0x46, 0x62, 0x97, 0xD8, 0x23, 0x12, 0x1D,
    0x7D, 0x90, 0x6C, 0x3D, 0xF0, 0xFE, 0x2E, 0x67, 0x8C, 0x60, 0x02, 0xE2, 0x3C, 0x29, 0x38, 0xDE,
    0x21, 0xEE, 0xBF, 0x60, 0xA9, 0x34, 0x8E, 0xA8, 0x35, 0x0F, 0x97, 0xEA, 0x61, 0xFE, 0xD7, 0x52,
    0x6B, 0x19, 0x71, 0x79, 0xD0, 0x86, 0x5B, 0x2F, 0x5B, 0xEA, 0x3F, 0xE5, 0x9A, 0x55, 0x9C, 0xE5,
    0x38, 0x76, 0xC6, 0xFF, 0xB6, 0x67, 0xC7, 0xFB, 0x5B, 0x67, 0x57, 0x61, 0x18, 0xF2, 0xBC, 0x2D,
    0xB7, 0xC3, 0x59, 0xA8, 0x2A, 0x39, 0xCC, 0xCC, 0xCC, 0xCC, 0x4C, 0xD5, 0x65, 0xFF, 0x92, 0xB7,
    0xF0, 0xFB, 0x4B, 0xFA, 0x2D, 0xCC, 0xB4, 0x70, 0xFB, 0x5A, 0xE1, 0xC7, 0x75, 0xE0, 0xBD, 0x1D,
    0xE6, 0xB4, 0x33, 0xEB, 0xCC, 0xB8, 0xA7, 0x75, 0xAD, 0xE8, 0xA8, 0xAE, 0xC7, 0x71, 0x41, 0xD3,
    0xF2, 0xAE, 0xEA, 0xEA, 0xBB, 0xB6, 0x74, 0xCE, 0xF7, 0x9D, 0x23, 0x4B, 0xD6, 0xAF, 0xEC, 0x5B,
    0x81, 0x32, 0x1A, 0x72, 0xA3, 0x4B, 0x8A, 0xBA, 0xA8, 0xD1, 0xA5, 0x32, 0x68, 0x3C, 0x54, 0xA8,
    0x7F, 0xFF, 0xD5, 0x89, 0xCC, 0xB9, 0x1D, 0x89, 0x73, 0x96, 0xA4, 0x8F, 0x2C, 0xF1, 0x10, 0x8F,
    0x44, 0x63, 0xD2, 0x83, 0x0D, 0x90, 0x76, 0x70, 0x3D, 0x6B, 0xE1, 0xC4, 0xFB, 0xA0, 0x03, 0xE4,
    0x35, 0x14, 0xDF, 0x5D, 0x42, 0xDE, 0x00, 0xCA, 0x09, 0x4C, 0x40, 0xB6, 0x03, 0x52, 0x0B, 0xF1,
    0x2F, 0x93, 0xBB, 0x5A, 0xBB, 0xB6, 0x51, 0xBD, 0x4D, 0xC2, 0x27, 0xBE, 0x66, 0x61, 0xF5, 0x89,
    0x3E, 0xE7, 0xB4, 0x6B, 0x4A, 0xFB, 0xCA, 0x75, 0xDA, 0x99, 0x6C, 0x82, 0x5F, 0x05, 0x74, 0x0B,
    0xD9, 0x08, 0x91, 0x70, 0x56, 0x25, 0x14, 0x06, 0x54, 0x0F, 0x49, 0xCF, 0xF3, 0x92, 0x31, 0x72,
    0x4F, 0xDB, 0xCC, 0x4D, 0x56, 0x0D, 0xB9, 0x2D, 0x4C, 0x62, 0x75, 0x19, 0x5B, 0x4D, 0xE4, 0x2B,
    0xEB, 0x4A, 0x24, 0x7D, 0x63, 0x6E, 0xD2, 0x5E, 0xDD, 0xFA, 0xEE, 0xCE, 0x27, 0x59, 0x53, 0x8D,
    0x54, 0xCE, 0x8D, 0x73, 0x85, 0xF8, 0xD2, 0x9A, 0x3B, 0x17, 0xAA, 0xBA, 0x8B, 0x9D, 0xD4, 0x35,
    0x67, 0x74, 0x0D, 0x92, 0xCE, 0x57, 0x49, 0xC4, 0xAC, 0xFB, 0xB4, 0xAF, 0x27, 0xBE, 0x4E, 0xBE,
    0x3E, 0x3D, 0x12, 0x3F, 0x35, 0x92, 0xFC, 0xBD, 0xAF, 0x7F, 0xB2, 0xD6, 0x2B, 0x3C, 0xEF, 0xA1,
    0xAF, 0xC7, 0xBE, 0x8E, 0xBE, 0xFA, 0xCB, 0x12, 0xF7, 0xF1, 0x98, 0x74, 0xF1, 0x98, 0x9A, 0xB5,
    0x9E, 0x06, 0x0E, 0x81, 0x0D, 0xF0, 0x0D, 0x84, 0xC2, 0x23, 0x01, 0x8F, 0x20, 0x6A, 0x3A, 0x0B,
    0x9E, 0xB6, 0x87, 0xC6, 0xB9, 0x8E, 0xC4, 0xD5, 0xD5, 0x20, 0xC3, 0x9B, 0xEF, 0x50, 0x1D, 0x47,
    0x4E, 0x46, 0x77, 0xA3, 0x4B, 0x5D, 0x46, 0x7D, 0x61, 0x34, 0x49, 0xA7, 0x4C, 0x45, 0x66, 0x04,
    0x73, 0x04, 0x8F, 0x3C, 0x6A, 0x36, 0x82, 0x51, 0xEF, 0xAD, 0x8B, 0x3F, 0x6D, 0xD1, 0xB5, 0xBA,
    0x61, 0x68, 0xC8, 0x1C, 0xB1, 0x4C, 0x9F, 0x32, 0x1F, 0xC1, 0x09, 0x7F, 0xE4, 0xB1, 0x24, 0xF9,
    0x6B, 0xC9, 0x55, 0x19, 0x80, 0x17, 0x08, 0x40, 0x6A, 0xE7, 0x19, 0xA2, 0x26, 0x01, 0xC7, 0x7E,
    0xFE, 0x84, 0x99, 0x14, 0xE6, 0x94, 0x16, 0x87, 0x13, 0x81, 0x6D, 0xD6, 0xEE, 0xE7, 0x9E, 0xCC,
    0xC2, 0x48, 0xC0, 0x27, 0x3F, 0x90, 0xC8, 0xF4, 0xF4, 0x27, 0x96, 0x54, 0x20, 0xEB, 0xF0, 0x59,
    0xB4, 0x6C, 0x45, 0x4A, 0x93, 0x0B, 0x84, 0x49, 0xAE, 0x9D, 0x73, 0xB5, 0x80, 0xA9, 0x9E, 0x03,
    0x3D, 0x43, 0x1D, 0x4C, 0x82, 0x71, 0x70, 0x0B, 0x04, 0x81, 0x2A, 0x90, 0x26, 0x01, 0x86, 0x68,
    0xC4, 0x8F, 0xF9, 0x10, 0xC4, 0x21, 0xC0, 0x2E, 0xED, 0x42, 0x68, 0x21, 0xD2, 0x19, 0xBE, 0xBA,
    0x86, 0xE2, 0xB7, 0x00, 0x75, 0x66, 0x31, 0x58, 0xC2, 0x42, 0x00, 0xAF, 0xDE, 0x27, 0xCE, 0x83,
    0xBA, 0xF5, 0x85, 0x5F, 0xF8, 0x39, 0xDA, 0x48, 0x13, 0xC0, 0x24, 0xB0, 0x13, 0xB0, 0x02, 0x4E,
    0x4C, 0x02, 0x4C, 0x5F, 0xE8, 0xED, 0xEC, 0xDC, 0xCB, 0xC4, 0xEC, 0x11, 0x7C, 0x03, 0x4B, 0xE0,
    0x0B, 0xCC, 0xC0, 0x4B, 0x00, 0x5E, 0x27, 0xD0, 0x03, 0x91, 0x40, 0xDC, 0xC1, 0xA2, 0xEB, 0xA1,
    0xD3, 0xAD, 0x82, 0x8A, 0x5C, 0xF8, 0x0E, 0x85, 0xF9, 0x00, 0xAC, 0x78, 0x2D, 0xBA, 0x02, 0x9D,
    0x4D, 0x8C, 0x64, 0xEA, 0x61, 0xCA, 0x6A, 0xA8, 0x14, 0xA0, 0x6F, 0x02, 0x81, 0x25, 0xF0, 0xD1,
    0x08, 0x8C, 0xB3, 0x60, 0x2C, 0x90, 0xB4, 0x72, 0x54, 0x03, 0x99, 0xEB, 0x8F, 0xE0, 0x47, 0xE0,
    0xB7, 0xC3, 0xA7, 0x71, 0xFD, 0xEF, 0x83, 0xFF, 0x1C, 0x08, 0x45, 0x4F, 0x10, 0x6C, 0x05, 0x2C,
    0x5F, 0xF8, 0x85, 0x5F, 0xE4, 0x96, 0xBC, 0x5A, 0x71, 0xEE, 0x80, 0x34, 0x10, 0xF6, 0x4B, 0x60,
    0x7E, 0x3C, 0xBE, 0xFC, 0xB4, 0x6D, 0xEE, 0x15, 0x3B, 0xF1, 0x10, 0xDF, 0xC0, 0x12, 0xF8, 0x02,
    0xF3, 0xA5, 0x03, 0x22, 0xF1, 0xCF, 0xBA, 0x5F, 0xED, 0x00, 0x25, 0xBA, 0x85, 0xB0, 0x1C, 0x0A,
    0xDF, 0x81, 0x30, 0xBF, 0x6E, 0xA5, 0xFB, 0xC5, 0xFF, 0xE4, 0x75, 0x13, 0xE3, 0x75, 0x53, 0xE3,
    0x7B, 0xB3, 0xDA, 0xDB, 0x29, 0xD1, 0xCD, 0x45, 0xB7, 0x5A, 0xEB, 0x8E, 0x8B, 0xE0, 0x6A, 0x40,
    0xB4, 0x73, 0xE6, 0x2D, 0xAD, 0x8D, 0x48, 0x84, 0xEB, 0x13, 0x20, 0xEB, 0xB0, 0xBC, 0xE3, 0x21,
    0xFE, 0x05, 0x7E, 0x39, 0xAC, 0x9C, 0x77, 0x02, 0x38, 0x33, 0x42, 0xEB, 0x75, 0x5F, 0x17, 0x06,
    0x50, 0xE1, 0xBA, 0x8C, 0x40, 0xBC, 0x03, 0x58, 0xE6, 0x5E, 0x1E, 0xE6, 0x5E, 0xE8, 0xB6, 0xCB,
    0x92, 0x2B, 0x81, 0x62, 0xEE, 0x46, 0xD7, 0x7B, 0x97, 0x58, 0x4C, 0xD2, 0x01, 0x50, 0xDD, 0x4C,
    0xD0, 0x00, 0xD1, 0x6E, 0xA6, 0x57, 0xFD, 0xEC, 0x19, 0xC4, 0xE7, 0x58, 0x04, 0x6C, 0xE3, 0x76,
    0xFE, 0xB3, 0x5F, 0xF0, 0x93, 0x54, 0xB2, 0x96, 0x4B, 0xEA, 0x6C, 0x13, 0xCA, 0xA5, 0x76, 0x0F,
    0xD7, 0x00, 0x5C, 0x07, 0x22, 0x3B, 0x2F, 0x13, 0xE9, 0x20, 0x0F, 0x31, 0xDC, 0x53, 0x27, 0xEB,
    0x4E, 0x75, 0x1F, 0x9D, 0xA9, 0x25, 0xFF, 0x6A, 0x0E, 0x92, 0xFA, 0x23, 0x63, 0xE3, 0x3F, 0xAF,
    0x4A, 0xCC, 0x13, 0x19, 0xE9, 0x8E, 0x30, 0x68, 0x4D, 0xEB, 0xBA, 0xA6, 0x0D, 0x83, 0xC7, 0x66,
    0xA6, 0x22, 0x5C, 0x84, 0x21, 0x90, 0x06, 0xD0, 0x96, 0xB4, 0xF3, 0x90, 0x19, 0x3D, 0xED, 0xEF,
    0xCA, 0xB5, 0x87, 0xA2, 0xA4, 0x40, 0x43, 0x5E, 0x6B, 0x51, 0xBD, 0x2A, 0xB0, 0x91, 0x20, 0x2C,
    0xDE, 0x7E, 0x84, 0xE4, 0xA9, 0xC1, 0xC3, 0x9B, 0x7B, 0x88, 0x9F, 0xE9, 0x80, 0xDB, 0x2D, 0xE0,
    0xC2, 0x15, 0x11, 0xA8, 0x6A, 0x32, 0x1B, 0x4F, 0x68, 0xF7, 0xD9, 0xCE, 0x6C, 0xD5, 0x7F, 0x7B,
    0xC7, 0x64, 0x48, 0xBA, 0x31, 0xE9, 0x93, 0x7E, 0x8C, 0x04, 0xF0, 0xC7, 0x36, 0xB6, 0x49, 0xB7,
    0xCD, 0xAA, 0xAC, 0xD5, 0x53, 0xE1, 0x4C, 0x36, 0xA6, 0x13, 0xDB, 0x4B, 0x0A, 0x5B, 0x58, 0x3E,
    0x2F, 0x65, 0x7B, 0xCC, 0x76, 0xA4, 0xE9, 0x69, 0x5A, 0x91, 0x6C, 0x42, 0xFB, 0x24, 0x9F, 0x64,
    0x22, 0x9B, 0x50, 0x5E, 0x7C, 0xCB, 0xF1, 0x96, 0x6F, 0x58, 0x39, 0x62, 0xD3, 0xFE, 0xAD, 0xF2,
    0x91, 0x2D, 0xE6, 0xDC, 0xBE, 0x5A, 0x54, 0x25, 0xE8, 0xC2, 0x40, 0xA5, 0x3C, 0x5C, 0x57, 0x1D,
    0x22, 0x18, 0xF6, 0xB2, 0x79, 0x0F, 0x8D, 0x56, 0xDB, 0xE7, 0xB2, 0x73, 0x42, 0x61, 0x5E, 0x06,
    0x2F, 0x28, 0x75, 0xED, 0x5B, 0xE6, 0x5D, 0xB2, 0x12, 0xE3, 0x2D, 0xE9, 0x7E, 0x6F, 0xB4, 0x61,
    0x3B, 0x9E, 0xB7, 0x45, 0xDF, 0x45, 0xA3, 0x9E, 0xDB, 0x16, 0xBF, 0xBB, 0x86, 0xDC, 0xAD, 0x36,
    0xC3, 0xD4, 0x02, 0x8F, 0x3C, 0x5B, 0x12, 0x3B, 0x37, 0x86, 0x9D, 0x84, 0xA2, 0x8B, 0x5C, 0xAD,
    0x4B, 0xAF, 0x56, 0xE1, 0x15, 0xB6, 0x1E, 0x5A, 0x0F, 0x59, 0x80, 0xEE, 0xAD, 0x08, 0xDF, 0x2A,
    0x0B, 0xE4, 0xAD, 0x4D, 0x3A, 0x47, 0xAA, 0xDA, 0x46, 0xA0, 0x82, 0xDC, 0xE8, 0x96, 0xAA, 0xCE,
    0x25, 0xB7, 0xD4, 0x39, 0x0B, 0x8D, 0x6B, 0x81, 0xC2, 0xF5, 0xE0, 0x3C, 0x44, 0xCE, 0x75, 0xC4,
    0x23, 0x90, 0x0C, 0x6F, 0x7B, 0x58, 0xB6, 0xCA, 0xBC, 0x13, 0x7D, 0x23, 0x80, 0x87, 0x11, 0x80,
    0x2D, 0x10, 0xB9, 0x19, 0x70, 0x3C, 0x68, 0x29, 0x0C, 0xE9, 0xA0, 0x3B, 0x94, 0x0D, 0x90, 0x1B,
    0xAF, 0x1C, 0x60, 0x69, 0x0B, 0x26, 0x3C, 0x68, 0x99, 0xD6, 0x91, 0x6E, 0x41, 0xD7, 0xAE, 0x93,
    0x3F, 0x5D, 0x73, 0xAE, 0x2C, 0x7D, 0x79, 0x4B, 0x85, 0xEE, 0x71, 0x46, 0xF7, 0xB1, 0x40, 0xE4,
    0x4C, 0xD1, 0xE1, 0xCA, 0x08, 0xDE, 0x9F, 0x4B, 0x4B, 0xE8, 0x0D, 0x76, 0xE2, 0x31, 0xFB, 0xE2,
    0x4C, 0xE0, 0x63, 0x22, 0x76, 0x75, 0xE2, 0x6A, 0x8F, 0x4C, 0x8B, 0xD7, 0x72, 0x5F, 0x9F, 0xB7,
    0x07, 0xE9, 0xCC, 0x5C, 0x38, 0x9A, 0xDB, 0xC0, 0xB9, 0x89, 0x05, 0xE6, 0x72, 0x89, 0x47, 0x36,
    0x72, 0xA2, 0x1D, 0x27, 0x55, 0x63, 0x4E, 0xFC, 0x0A, 0xBE, 0x6E, 0x93, 0xC9, 0xDA, 0xC8, 0x8D,
    0x16, 0xDD, 0x65, 0x3B, 0x0E, 0xD1, 0x3E, 0xC6, 0xBA, 0xFA, 0x6A, 0x93, 0x1B, 0x9B, 0x74, 0x49,
    0x67, 0x93, 0xDE, 0x43, 0x34, 0x78, 0xC0, 0x37, 0x54, 0x65, 0xF3, 0xD5, 0x46, 0x1B, 0xED, 0xEA,
    0xCC, 0x78, 0xF3, 0x99, 0xAD, 0xF1, 0x6C, 0xBB, 0xAC, 0xDF, 0xD9, 0xC4, 0x59, 0x8B, 0x1B, 0xBE,
    0xC0, 0xAF, 0x74, 0x58, 0x4A, 0x23, 0x1B, 0xCE, 0xBE, 0xC6, 0xD7, 0x78, 0xFF, 0x7C, 0x12, 0xBF,
    0xFA, 0x64, 0x9B, 0x77, 0x5B, 0x9B, 0x9E, 0x46, 0xB0, 0xA1, 0xEA, 0x60, 0x29, 0xDF, 0xF6, 0xAB,
    0xBF, 0xFA, 0x2B, 0xB3, 0x0F, 0xC0, 0xE5, 0x7D, 0x71, 0x0F, 0x49, 0xEB, 0xAB, 0x89, 0xAF, 0x65,
    0x7F, 0x9B, 0x4F, 0x6A, 0xAB, 0xDD, 0xCF, 0x7B, 0xEE, 0xC9, 0x73, 0xBB, 0x3D, 0x77, 0xD3, 0x41,
    0x0F, 0x91, 0xAF, 0x71, 0xC7, 0xB7, 0xFD, 0xDA, 0xB3, 0x8B, 0xBF, 0x2A, 0x21, 0x07, 0xAE, 0x00,
    0x07, 0x9E, 0x7B, 0xBB, 0x70, 0xEF, 0xCD, 0x3D, 0x33, 0xA4, 0xBE, 0x66, 0x35, 0xC1, 0xFC, 0x4E,
    0xA3, 0x08, 0x77, 0xED, 0xBF, 0xB6, 0x66, 0x55, 0xC2, 0x0A, 0xE4, 0xC0, 0x91, 0xF7, 0x3D, 0xF0,
    0xBE, 0x1B, 0xEF, 0x3B, 0x7A, 0xDF, 0x7E, 0x1B, 0x7C, 0x13, 0x9F, 0x43, 0xE2, 0x3A, 0x09, 0x20,
    0x73, 0xE5, 0xC2, 0xAD, 0xFD, 0xF8, 0x55, 0xBE, 0xFF, 0x96, 0xEF, 0xEF, 0x75, 0x27, 0xF1, 0x26,
    0x6B, 0x66, 0x5E, 0x00, 0xC4, 0xBF, 0xC0, 0x07, 0xE4, 0x13, 0x5A, 0x3B, 0x23, 0xE3, 0xB2, 0xB3,
    0xB1, 0xB3, 0x73, 0xAC, 0x00, 0x99, 0xE5, 0x48, 0xFA, 0x9A, 0xE6, 0xD9, 0x5D, 0x18, 0x33, 0xAA,
    0x3B, 0xF6, 0x85, 0x7B, 0x54, 0xE5, 0x21, 0xDC, 0x9E, 0x4C, 0xE1, 0x9C, 0x2B, 0xC3, 0xFF, 0xFC,
    0x34, 0x6E, 0x75, 0x11, 0xE5, 0x34, 0x74, 0x04, 0x93, 0x60, 0xBC, 0xDC, 0x98, 0x1F, 0x61, 0xDE,
    0x51, 0x5D, 0x80, 0xD6, 0xF9, 0x62, 0x7C, 0xD5, 0xA5, 0x07, 0x2E, 0x28, 0x7B, 0x8F, 0xD9, 0x6E,
    0xEF, 0x01, 0xE8, 0x12, 0x20, 0x1F, 0xA0, 0xD9, 0xC1, 0x58, 0x40, 0xAF, 0x60, 0x28, 0xC2, 0xB9,
    0xB4, 0x9F, 0x2D, 0x2F, 0xFB, 0xD5, 0x5F, 0xFD, 0xE5, 0xCA, 0x39, 0x2B, 0xF5, 0x8E, 0x7D, 0xCD,
    0x28, 0x59, 0x00, 0x79, 0x19, 0xAE, 0xFF, 0x3C, 0x07, 0x32, 0x07, 0xD9, 0xE8, 0x6B, 0x50, 0x0E,
    0x4D, 0x61, 0xB8, 0x1F, 0xBE, 0x4F, 0x7E, 0x96, 0xD9, 0x3B, 0x73, 0xAF, 0xA6, 0x23, 0xC7, 0x68,
    0xB1, 0xDD, 0xD7, 0xC5, 0xD4, 0xEC, 0x35, 0x59, 0xF7, 0xBF, 0x8E, 0x65, 0xA2, 0x5F, 0x30, 0x13,
    0x66, 0x3B, 0x89, 0xE1, 0x81, 0xC7, 0x84, 0xB8, 0x66, 0x59, 0x0F, 0x40, 0xCE, 0xC2, 0x3B, 0x79,
    0x5E, 0x09, 0x62, 0x60, 0x0E, 0xE2, 0x65, 0xBF, 0xF6, 0xEC, 0xE2, 0xBB, 0x8F, 0x99, 0x02, 0x38,
    0xF4, 0xBC, 0xDB, 0x85, 0x97, 0x7E, 0x3D, 0x1A, 0xA2, 0x22, 0xED, 0x7A, 0x89, 0x07, 0xBD, 0x8A,
    0xEF, 0x9E, 0xDA, 0x9E, 0x0F, 0x6C, 0xC2, 0x3C, 0xA6, 0x19, 0x64, 0xF9, 0xCC, 0x5F, 0x7A, 0x80,
    0xAA, 0xF4, 0xB5, 0x06, 0x3D, 0xE2, 0xDB, 0x6A, 0x68, 0x56, 0x07, 0x56, 0x7C, 0x85, 0xE3, 0x22,
    0x6E, 0xA9, 0x4F, 0x02, 0x27, 0x10, 0xD6, 0x4B, 0x31, 0x41, 0xEC, 0x56, 0x07, 0x32, 0x56, 0xBE,
    0x46, 0x56, 0x8E, 0xA5, 0xCD, 0xF7, 0xCD, 0x5F, 0xC1, 0x47, 0x7C, 0x85, 0xE3, 0x32, 0x7E, 0x78,
    0x88, 0x08, 0x0E, 0x50, 0x42, 0xD2, 0xA0, 0xC6, 0x64, 0xA2, 0x32, 0x79, 0x1F, 0x4F, 0xB8, 0x3A,
    0x1F, 0x52, 0xDF, 0x58, 0xEB, 0x8E, 0x1D, 0x1A, 0xAC, 0x80, 0x93, 0xD3, 0xBC, 0xCF, 0x2C, 0xC9,
    0x0E, 0x49, 0xB6, 0x2E, 0x3A, 0x94, 0x18, 0xC6, 0x42, 0xC0, 0x31, 0xB9, 0xE4, 0x13, 0x97, 0xBC,
    0x37, 0x74, 0xBC, 0x0A, 0xF1, 0xDD, 0x9B, 0x05, 0xBE, 0xC0, 0x4C, 0xD5, 0xE6, 0x3D, 0x99, 0xA8,
    0x79, 0xDD, 0x2A, 0x80, 0x3F, 0xF5, 0x7D, 0xBA, 0x55, 0x43, 0xEC, 0xBC, 0xBD, 0x1A, 0xBC, 0x80,
    0x84, 0x82, 0x6F, 0xAC, 0xE9, 0x39, 0x80, 0x5A, 0x92, 0x79, 0x5D, 0xDC, 0x55, 0xAE, 0x4B, 0x2C,
    0x99, 0x23, 0x57, 0xF5, 0x41, 0x62, 0x5E, 0x15, 0xB7, 0xBF, 0x4F, 0xF7, 0xDB, 0xF4, 0x3D, 0xCB,
    0xC7, 0x9F, 0xFE, 0x00, 0xDD, 0x41, 0xDC, 0x1E, 0x26, 0x46, 0xA9, 0x32, 0x9D, 0x48, 0x3D, 0xDF,
    0x6F, 0x75, 0xDF, 0x10, 0x5D, 0x9B, 0xFF, 0xFD, 0xEF, 0x04, 0x5A, 0xC2, 0x6C, 0xDF, 0xA2, 0x7E,
    0xBE, 0xAD, 0xC8, 0xE5, 0x9E, 0x53, 0x5C, 0x70, 0xCF, 0x19, 0x20, 0x78, 0x2D, 0xF7, 0x9C, 0x5C,
    0x4C, 0xF4, 0x8D, 0xB2, 0x31, 0x55, 0x2E, 0xF7, 0x9C, 0xF0, 0x50, 0xE6, 0x10, 0xE0, 0x58, 0x60,
    0x64, 0xEF, 0x75, 0xD1, 0x7C, 0x86, 0x2B, 0xEF, 0x05, 0x87, 0x16, 0x2A, 0x4B, 0xE4, 0x7A, 0x72,
    0xB7, 0xFF, 0xEA, 0xD0, 0xFF, 0x60, 0x38, 0xC9, 0x0C, 0xD5, 0xCF, 0x97, 0x68, 0x07, 0xA9, 0xAB,
    0xA1, 0x1A, 0x41, 0x3B, 0xC3, 0xC6, 0xDB, 0xCB, 0x28, 0xF6, 0x1C, 0xC7, 0x1D, 0x0F, 0xAD, 0x57,
    0xF6, 0xC5, 0x5A, 0x4F, 0x72, 0x85, 0x13, 0x0E, 0xA8, 0xBA, 0x63, 0x8A, 0x69, 0xF4, 0x3A, 0x03,
    0xE4, 0x13, 0x24, 0xAE, 0x23, 0xB9, 0x61, 0x49, 0xFF, 0xD8, 0xA2, 0x7E, 0xC2, 0xD7, 0xC2, 0x52,
    0xB8, 0x16, 0xBD, 0x23, 0x0E, 0x5F, 0x50, 0x0D, 0x70, 0xB5, 0x87, 0xF7, 0xED, 0xE0, 0x9C, 0xD6,
    0xB2, 0xD3, 0xFC, 0x19, 0xA4, 0x16, 0xB2, 0x90, 0x4F, 0x08, 0xB8, 0x9A, 0xFC, 0xD7, 0x06, 0x3D,
    0x1E, 0x53, 0xD5, 0xAF, 0xA3, 0x2A, 0x7B, 0xF4, 0xFF, 0xF6, 0x28, 0xD7, 0x81, 0xE8, 0x2B, 0x57,
    0xFA, 0x3A, 0xA0, 0xBC, 0x4F, 0xCE, 0x86, 0x23, 0x9E, 0xBF, 0xBF, 0x1D, 0xC1, 0xB8, 0x9E, 0xA3,
    0xEB, 0x7B, 0xCC, 0x4A, 0xD7, 0x1C, 0xFB, 0x9E, 0xCA, 0x64, 0xB5, 0xB6, 0xCA, 0xEB, 0xDD, 0x44,
    0x74, 0xFD, 0x41, 0x0B, 0x8D, 0x85, 0x37, 0xFA, 0xFA, 0x3F, 0x32, 0xBE, 0x61, 0x6D, 0x48, 0xCE,
    0x91, 0xAC, 0x0D, 0x09, 0xCF, 0x9B, 0x9E, 0xE4, 0xF0, 0xE4, 0x11, 0xDC, 0x87, 0xEE, 0x63, 0x84,
    0xB5, 0x96, 0x87, 0x6B, 0x36, 0xF3, 0xF9, 0x2F, 0x74, 0x58, 0x6B, 0xFB, 0xB5, 0x6E, 0x25, 0x04,
    0x03, 0x55, 0x38, 0x68, 0xF7, 0x07, 0x76, 0xAF, 0xF2, 0xD0, 0x7E, 0x07, 0xD7, 0xA7, 0xBB, 0xDE,
    0xF4, 0xDC, 0xAE, 0x77, 0x6F, 0x6B, 0x3D, 0x9E, 0xD7, 0x7A, 0x4B, 0xB1, 0x9B, 0xBF, 0xA8, 0x5A,
    0xB8, 0x0A, 0xB2, 0xE6, 0x00, 0x64, 0xAA, 0x6F, 0x7C, 0x9E, 0x56, 0xFF, 0xD6, 0x6D, 0x7B, 0x92,
    0xB8, 0xE1, 0x6A, 0xB0, 0xE0, 0x65, 0x00, 0x5A, 0xA0, 0x11, 0xD8, 0xCD, 0xCF, 0x0E, 0x54, 0x2F,
    0x4D, 0x86, 0xE8, 0xBB, 0x27, 0xA8, 0x44, 0xAE, 0x9A, 0x90, 0xA3, 0x01, 0xDF, 0xE6, 0x82, 0x43,
    0x3B, 0xDB, 0x89, 0x87, 0xF8, 0xCE, 0x2C, 0x9A, 0xC0, 0xFC, 0x52, 0x40, 0x4B, 0x9D, 0x1F, 0x7E,
    0x77, 0x84, 0xA4, 0x23, 0x57, 0x83, 0x9E, 0x4A, 0x52, 0xE7, 0xC0, 0x93, 0x65, 0xCE, 0x79, 0xFA,
    0x32, 0x76, 0xB5, 0xF4, 0x8B, 0x5D, 0xB0, 0xD7, 0x84, 0x2A, 0x3C, 0x33, 0xEB, 0xF2, 0xC8, 0x31,
    0x0E, 0x51, 0x0E, 0x21, 0x8E, 0x40, 0x12, 0x62, 0x9B, 0xA3, 0xEC, 0xE0, 0x11, 0x17, 0xCC, 0x9C,
    0x01, 0x8A, 0x1E, 0x48, 0xC7, 0xF9, 0xE1, 0x01, 0xDB, 0x99, 0x4F, 0x60, 0x5D, 0xB4, 0x93, 0x60,
    0x66, 0x10, 0xE6, 0xF9, 0xF1, 0xA3, 0x80, 0xEE, 0xE6, 0x18, 0xB6, 0xEB, 0xC7, 0x9E, 0x17, 0x3E,
    0xE7, 0x6C, 0x81, 0x5C, 0xDC, 0x52, 0x01, 0x1A, 0x0F, 0x9E, 0xBE, 0xC3, 0xC3, 0x24, 0x70, 0x1A,
    0xDB, 0xF2, 0xAC, 0x70, 0x04, 0xE2, 0x39, 0x4A, 0x01, 0x39, 0x9D, 0x21, 0x11, 0x93, 0xBC, 0x0F,
    0x6E, 0x02, 0x78, 0x18, 0x00, 0x36, 0x02, 0xC3, 0xF9, 0xC7, 0x98, 0x89, 0x81, 0x97, 0x7B, 0xB9,
    0xFF, 0x1F, 0xFD, 0x15, 0xA8, 0x38, 0x84, 0x2D, 0xC7, 0xB0, 0xE3, 0x75, 0x60, 0xE9, 0x3D, 0x44,
    0x1E, 0x76, 0x49, 0x07, 0x93, 0x78, 0x35, 0xA9, 0x07, 0xFD, 0xA6, 0x9A, 0x10, 0x7D, 0xB7, 0x44,
    0xCF, 0x01, 0xC0, 0xEB, 0xD6, 0x82, 0xDD, 0x2C, 0x08, 0x14, 0x02, 0x87, 0x02, 0x07, 0xAC, 0x43,
    0x93, 0x70, 0x03, 0xB8, 0x39, 0xF3, 0xEC, 0x66, 0x07, 0xEA, 0x93, 0x7B, 0xC8, 0x25, 0xF3, 0x2B,
    0x92, 0xE5, 0x81, 0x24, 0x7D, 0x2C, 0x30, 0xCA, 0x69, 0xEF, 0x21, 0xEE, 0x93, 0xDE, 0xF3, 0x9F,
    0xCF, 0x5C, 0x81, 0xF7, 0x5A, 0x0B, 0x2E, 0xA1, 0x49, 0xE6, 0xF1, 0xFA, 0xBA, 0xE9, 0xF2, 0x92,
    0xEB, 0xB6, 0x5C, 0xBC, 0x2D, 0xB3, 0x5D, 0xF0, 0x08, 0xBE, 0x81, 0x25, 0xF0, 0xB1, 0x2E, 0xD5,
    0xFC, 0x84, 0xAE, 0x17, 0x90, 0xF8, 0x7E, 0xE1, 0xD2, 0x4B, 0x3B, 0x30, 0x5F, 0xDA, 0xE5, 0xFA,
    0x2E, 0x97, 0x76, 0x98, 0xED, 0x8A, 0x6E, 0xCE, 0x72, 0x42, 0xF8, 0x2E, 0x9A, 0x9D, 0xFD, 0x02,
    0xF3, 0x7B, 0x09, 0x3D, 0x8F, 0x02, 0x1B, 0x81, 0xF1, 0x7C, 0xFA, 0xA9, 0x41, 0x97, 0xA7, 0x9B,
    0x5A, 0xCD, 0x8E, 0x1C, 0x2C, 0x85, 0xC0, 0xA1, 0x40, 0x98, 0x0C, 0x16, 0xB6, 0x0C, 0x50, 0x45,
    0x3D, 0xE8, 0x7F, 0xE8, 0x56, 0xE9, 0x17, 0x92, 0x7E, 0xBE, 0x5C, 0xE2, 0xF3, 0xE9, 0x2F, 0x1B,
    0xA8, 0xD7, 0x82, 0x87, 0x4B, 0xE6, 0x9D, 0x0E, 0x94, 0x11, 0x28, 0x67, 0xEF, 0x23, 0xC9, 0xE3,
    0xFA, 0x6A, 0xAC, 0x22, 0xD7, 0x41, 0x7C, 0xBB, 0x87, 0xE4, 0x1F, 0x06, 0x48, 0xFF, 0x64, 0x04,
    0xF5, 0xC7, 0x02, 0x1F, 0x6B, 0x21, 0x97, 0xB1, 0xD2, 0xB1, 0x87, 0x43, 0x19, 0xAB, 0x63, 0x19,
    0xAB, 0xF1, 0xFC, 0x58, 0x05, 0xE1, 0x6C, 0xD6, 0x3A, 0x3B, 0x56, 0xF3, 0xD0, 0x10, 0xF5, 0x02,
    0xDE, 0x9E, 0xDF, 0x86, 0x17, 0xF5, 0xF7, 0x53, 0x93, 0x7A, 0x55, 0xDF, 0xEC, 0xDC, 0xCF, 0xF5,
    0x89, 0x91, 0xE3, 0x27, 0x7E, 0x3B, 0xA9, 0x1F, 0xFF, 0x91, 0xA4, 0x3E, 0x38, 0x8C, 0xCB, 0xD7,
    0xA9, 0xFA, 0x61, 0x19, 0xB7, 0x72, 0xFD, 0x42, 0x24, 0x80, 0x05, 0xB8, 0x2F, 0x58, 0x13, 0x84,
    0x64, 0x46, 0x01, 0x1B, 0x00, 0x88, 0xEE, 0x0F, 0x16, 0xDF, 0x00, 0x8D, 0x87, 0xEE, 0x5C, 0x7C,
    0x0F, 0x1E, 0x64, 0xE0, 0x63, 0x5D, 0x42, 0xDB, 0x5B, 0x2B, 0x85, 0x8B, 0xF3, 0x18, 0x59, 0x97,
    0x33, 0x1A, 0xCB, 0xAB, 0xB4, 0x53, 0x00, 0xF5, 0x56, 0x02, 0x79, 0xCA, 0x58, 0xBF, 0x95, 0xF8,
    0x96, 0xF8, 0x04, 0xE0, 0xDB, 0x64, 0x92, 0x66, 0x6E, 0x02, 0xAA, 0xE6, 0xB7, 0x0C, 0xF1, 0x50,
    0x7C, 0xEC, 0x40, 0x6A, 0x8A, 0xF2, 0x00, 0x45, 0x51, 0xE6, 0xBC, 0xD2, 0x63, 0x56, 0x1E, 0x78,
    0x4C, 0xCC, 0xAB, 0x02, 0x56, 0xCE, 0x97, 0x15, 0x9E, 0xB6, 0x9F, 0xDA, 0x1C, 0x8A, 0x7D, 0x9D,
    0x7B, 0x54, 0x64, 0x75, 0x51, 0x1E, 0x91, 0x74, 0x45, 0x69, 0x61, 0x57, 0x7C, 0x7A, 0x87, 0x2C,
    0xF3, 0x1A, 0x62, 0x17, 0x96, 0x49, 0xF3, 0x8F, 0x40, 0x1E, 0xA6, 0x71, 0x53, 0x16, 0x1D, 0x49,
    0x4F, 0x34, 0x86, 0xF5, 0x75, 0x88, 0x02, 0x44, 0x1D, 0x44, 0x1D, 0x44, 0x5D, 0xF0, 0x47, 0xBC,
    0x7D, 0x6C, 0x7E, 0xC0, 0xF3, 0x7C, 0xDC, 0x1E, 0x4F, 0xDB, 0xC5, 0x46, 0xD4, 0x41, 0xD4, 0x41,
    0xD4, 0xE1, 0x48, 0x38, 0xB1, 0x30, 0xF1, 0x68, 0x7F, 0x6F, 0xEA, 0x23, 0xC9, 0x0E, 0x35, 0xA1,
    0x1C, 0xAF, 0xD4, 0xB5, 0xFE, 0xE9, 0xF2, 0x40, 0x75, 0x93, 0x57, 0x4F, 0x6E, 0x8F, 0x5E, 0x1D,
    0xD7, 0x79, 0x75, 0xB4, 0x89, 0x4F, 0x8F, 0x7D, 0xBB, 0xF3, 0xED, 0xA7, 0x36, 0x87, 0x62, 0x5F,
    0xE7, 0xDE, 0xF7, 0x66, 0xE0, 0x99, 0x02, 0xE7, 0x3D, 0xAB, 0xAB, 0x90, 0x7B, 0x7E, 0x15, 0x05,
    0x87, 0x4A, 0x72, 0x1F, 0x25, 0xF7, 0xB8, 0x97, 0xDC, 0x93, 0x56, 0xD4, 0x55, 0x9D, 0x78, 0xF5,
    0x02, 0x51, 0x3F, 0xC4, 0xAB, 0x33, 0x4A, 0xEE, 0x71, 0x2F, 0xB9, 0x27, 0xAD, 0xE4, 0xAE, 0x6A,
    0xC9, 0xFD, 0x66, 0xC8, 0x7D, 0x07, 0xA2, 0x5E, 0x8A, 0xFA, 0x5B, 0x3E, 0xF2, 0xE4, 0xCC, 0xB9,
    0x0B, 0x8A, 0x7A, 0xFE, 0x00, 0x23, 0xBF, 0x9E, 0x75, 0xAE, 0x31, 0xC4, 0x63, 0xF1, 0x71, 0xA7,
    0xB3, 0xEE, 0x98, 0x30, 0xEB, 0x7C, 0xF5, 0x58, 0xEA, 0xB1, 0x88, 0x65, 0xAA, 0xFE, 0x62, 0xE5,
    0xCC, 0x8F, 0x3A, 0xE7, 0x9E, 0x31, 0x3F, 0x90, 0xB9, 0x5B, 0x92, 0x7B, 0x15, 0xD4, 0x5D, 0xEF,
    0xD5, 0x93, 0xA7, 0xAD, 0x57, 0xF7, 0xE3, 0xEF, 0xD5, 0x0B, 0x53, 0x7D, 0xB6, 0x27, 0x2E, 0x8B,
    0x49, 0x06, 0x5F, 0x85, 0xDC, 0xF3, 0xBB, 0xE6, 0x3E, 0x10, 0x87, 0xDC, 0xF1, 0x23, 0x5F, 0x42,
    0x41, 0xF1, 0x85, 0xFE, 0xCD, 0x67, 0xA9, 0xC3, 0xDC, 0x0E, 0xE8, 0x15, 0x09, 0xB9, 0x2F, 0xF8,
    0x6A, 0x6F, 0xF3, 0xC5, 0xFB, 0xDE, 0x80, 0x0F, 0x32, 0xEB, 0xBE, 0xFB, 0x8C, 0xBA, 0x74, 0x71,
    0x05, 0x50, 0x61, 0xE4, 0xD3, 0xFD, 0xD8, 0x5E, 0x15, 0xAD, 0xF5, 0x8A, 0xBB, 0x6C, 0xCE, 0x9B,
    0x3B, 0xA9, 0xBB, 0xA5, 0x40, 0xE4, 0x69, 0x48, 0xDD, 0xED, 0x9E, 0xFC, 0xC6, 0x53, 0x96, 0xEA,
    0xB3, 0xFB, 0x26, 0xDA, 0xA9, 0xBE, 0xF8, 0xCB, 0x41, 0xF5, 0x99, 0x6B, 0x55, 0x1F, 0x3B, 0x54,
    0x1F, 0x09, 0x64, 0xCE, 0x48, 0x47, 0xAF, 0x82, 0x49, 0x30, 0x0E, 0x6E, 0x81, 0x20, 0x50, 0x5D,
    0x54, 0x7A, 0x40, 0xDD, 0x05, 0x1A, 0xB7, 0xDB, 0x43, 0xE5, 0xEC, 0x5D, 0x8C, 0x2F, 0xD6, 0xB8,
    0x8E, 0xBA, 0x33, 0xDC, 0x97, 0xC7, 0x83, 0xE4, 0x71, 0x2C, 0xE0, 0x66, 0x90, 0xD3, 0x7B, 0xCD,
    0xE3, 0x7E, 0xF6, 0xBE, 0xE9, 0xFE, 0xDD, 0xE6, 0xC7, 0x61, 0xE8, 0x7B, 0x00, 0xB7, 0x2E, 0xF7,
    0xEA, 0x26, 0xF0, 0xB2, 0x33, 0xF1, 0xC1, 0x16, 0xDE, 0x25, 0xE0, 0x5C, 0xE0, 0xAB, 0x47, 0x6B,
    0x96, 0xCC, 0x59, 0x9A, 0x61, 0x93, 0xB9, 0x72, 0xA3, 0x07, 0x36, 0x55, 0xE9, 0x6B, 0xCD, 0x46,
    0x8F, 0xF8, 0xB6, 0x7A, 0x43, 0x33, 0x6E, 0xC4, 0x46, 0x6C, 0xEF, 0xE5, 0xD1, 0xDA, 0xFC, 0xF2,
    0xFC, 0xCA, 0xB1, 0x9C, 0xBD, 0x10, 0x78, 0xD5, 0x8B, 0x80, 0xC7, 0x5F, 0x21, 0x1D, 0x03, 0xC1,
    0xBC, 0x24, 0x37, 0xF3, 0x0F, 0xD0, 0xE6, 0xDF, 0xDC, 0xF4, 0xEC, 0xF6, 0x3F, 0xB7, 0x19, 0xE3,
    0x71, 0xFE, 0xA5, 0x4D, 0xEA, 0x61, 0x9B, 0x75, 0xFB, 0x77, 0x97, 0x3A, 0xF7, 0x50, 0xFC, 0x56,
    0x79, 0xEE, 0x77, 0x66, 0xF1, 0xB9, 0x87, 0xA2, 0x61, 0x06, 0x92, 0xCF, 0x40, 0xE5, 0xA1, 0x6D,
    0x9E, 0x03, 0xD6, 0x85, 0x34, 0x84, 0xBD, 0xFE, 0x2D, 0x52, 0x78, 0x77, 0x19, 0x24, 0xB7, 0xAA,
    0xDD, 0xBF, 0xD9, 0x5C, 0x7E, 0x7C, 0xD4, 0xC7, 0xAB, 0xDF, 0x1D, 0x19, 0x2A, 0x72, 0x49, 0x26,
    0xFC, 0xB8, 0x2E, 0xBC, 0x33, 0xBD, 0xB3, 0xA4, 0x86, 0xBC, 0x3E, 0x3B, 0x06, 0x1D, 0xF3, 0x18,
    0x0C, 0xCB, 0x18, 0x08, 0x4C, 0x17, 0x8C, 0x41, 0x7E, 0x7E, 0x0C, 0xDE, 0x33, 0x5F, 0xAB, 0x96,
    0x44, 0x3D, 0xA9, 0x25, 0x57, 0x1C, 0xFB, 0x1D, 0x3C, 0x69, 0x9F, 0x50, 0x65, 0x7A, 0x9D, 0x68,
    0x80, 0xCF, 0x01, 0xC4, 0x80, 0x6B, 0xD0, 0x53, 0xB8, 0x32, 0x91, 0xF9, 0x45, 0xF2, 0x1D, 0x3C,
    0xEF, 0x21, 0xE6, 0x52, 0xCF, 0xFF, 0xF0, 0x2B, 0x0B, 0x68, 0x07, 0xB8, 0xDB, 0x86, 0xF4, 0xC6,
    0x53, 0x3D, 0xF9, 0x67, 0xF7, 0x57, 0x39, 0x56, 0x7D, 0xFE, 0x71, 0xBD, 0xEA, 0xD3, 0xFF, 0x30,
    0xF3, 0x0D, 0x70, 0xF2, 0x90, 0xB8, 0x5A, 0xF5, 0xEA, 0x27, 0x7D, 0xC7, 0x11, 0x56, 0xF5, 0x03,
    0x85, 0x7A, 0xA6, 0x25, 0x7B, 0x93, 0x93, 0x6B, 0xB0, 0x03, 0xAA, 0x1E, 0x09, 0x1A, 0x48, 0x59,
    0xA9, 0x21, 0x1D, 0x2F, 0xB4, 0xC0, 0x91, 0x03, 0x46, 0x51, 0x6B, 0x45, 0xAD, 0x14, 0x35, 0x44,
    0x0D, 0x51, 0x43, 0xD4, 0x10, 0x35, 0x44, 0x0D, 0x51, 0x43, 0xD4, 0xF0, 0x6A, 0x1A, 0x51, 0x33,
    0xA2, 0xD6, 0x8B, 0xDA, 0xF5, 0x1E, 0x78, 0xC2, 0x70, 0xAE, 0xC4, 0xDF, 0xC3, 0x9C, 0x5B, 0x01,
    0xB8, 0x4C, 0x72, 0x8B, 0x25, 0x37, 0x24, 0x37, 0x24, 0x37, 0x24, 0x37, 0x70, 0x78, 0x98, 0x3C,
    0x24, 0x37, 0x6B, 0x85, 0xE4, 0x86, 0xE4, 0x86, 0xE4, 0x96, 0x4A, 0x6E, 0xB9, 0xE4, 0xB6, 0x01,
    0xAA, 0xDF, 0x06, 0x72, 0xD6, 0xB9, 0x1D, 0x41, 0x74, 0xFA, 0x9E, 0x57, 0x8F, 0x68, 0x9B, 0x4C,
    0xB8, 0x9A, 0x26, 0x3C, 0x46, 0xF7, 0x81, 0xA3, 0xFE, 0xB2, 0xC3, 0x4B, 0x1B, 0x84, 0x1E, 0x62,
    0x57, 0x2E, 0xEF, 0x9C, 0x67, 0x98, 0x2E, 0x81, 0xE5, 0x09, 0xD2, 0x2D, 0x40, 0xD7, 0x02, 0x48,
    0xD6, 0xB1, 0x6F, 0xB3, 0x2A, 0x40, 0x0B, 0x36, 0x2F, 0x57, 0x20, 0x6D, 0xA1, 0x37, 0xD8, 0x69,
    0x66, 0xDF, 0xC0, 0x12, 0xF8, 0x02, 0x33, 0xF0, 0xC8, 0x85, 0x8F, 0x00, 0xCE, 0xFD, 0x5F, 0x97,
    0x1A, 0x2C, 0x99, 0x80, 0x2A, 0x3D, 0xE4, 0x78, 0xD0, 0xCB, 0x23, 0x00, 0x81, 0x51, 0x60, 0xF0,
    0x10, 0x87, 0xE5, 0xDB, 0x9D, 0xFF, 0xBF, 0x2E, 0x5F, 0x69, 0xAD, 0x34, 0x2E, 0x7E, 0x04, 0x50,
    0x94, 0x95, 0xA9, 0xDA, 0xCA, 0x14, 0x72, 0x72, 0xC7, 0xF3, 0xA2, 0xF6, 0xB5, 0xD4, 0xA6, 0x32,
    0xA1, 0xA5, 0x6D, 0xCC, 0xE9, 0xF1, 0x69, 0x3B, 0x40, 0x40, 0x2A, 0x23, 0xD8, 0x98, 0xF9, 0x78,
    0x6E, 0x5F, 0x97, 0xB5, 0x75, 0xD5, 0xDE, 0xD5, 0xBA, 0x16, 0xD4, 0x8B, 0x75, 0x38, 0x96, 0xF6,
    0xBB, 0xF7, 0xBE, 0xE5, 0xEA, 0x77, 0xCE, 0xEE, 0xFF, 0x00, 0xED, 0x5B, 0x3D, 0x6C, 0xDB, 0x56,
    0x10, 0xFE, 0x24, 0xA1, 0x0D, 0x10, 0x0F, 0x9C, 0xB2, 0x64, 0xF1, 0xEE, 0xC5, 0xFB, 0x44, 0xC2,
    0xFB, 0x90, 0xA1, 0xCF, 0x6B, 0xD6, 0xC4, 0x4B, 0xF7, 0x49, 0x04, 0xBA, 0x03, 0x5A, 0xBA, 0x67,
    0xE8, 0x60, 0xB3, 0xFB, 0xFC, 0xB4, 0x75, 0xD5, 0x92, 0x9D, 0x4B, 0x17, 0x4F, 0x09, 0xE0, 0x16,
    0x4E, 0x4B, 0xF1, 0xAA, 0x0F, 0x04, 0xC1, 0xA7, 0xD2, 0x74, 0x29, 0x57, 0xF7, 0x74, 0x02, 0xF4,
    0x94, 0x3B, 0xC4, 0xE6, 0x67, 0xBE, 0xEF, 0xEE, 0xDD, 0xDD, 0xFB, 0x11, 0x29, 0x6C, 0xE5, 0xCB,
    0x74, 0xBD, 0x73, 0xF3, 0x6B, 0xFD, 0x8F, 0xFC, 0x54, 0x5D, 0x96, 0x3B, 0xA9, 0x80, 0x20, 0x70,
    0xD7, 0xFD, 0x70, 0x07, 0xFC, 0x07, 0xF7, 0x9B, 0x5B, 0x00, 0x18, 0x62, 0x32, 0x7C, 0x2D, 0x3D,
    0xFF, 0xED, 0x6B, 0xB5, 0x93, 0x42, 0x4B, 0x10, 0xCF, 0xFF, 0xAF, 0xCF, 0xE0, 0xA5, 0xBF, 0x73,
    0xCE, 0x41, 0x44, 0xF2, 0x56, 0xD8, 0x8D, 0x96, 0x7C, 0x04, 0x50, 0x14, 0x45, 0x16, 0xF6, 0x17,
    0xA3, 0xEF, 0x37, 0xCE, 0xBD, 0xF3, 0x22, 0x8F, 0xAD, 0xD0, 0x13, 0x5A, 0xC2, 0x58, 0xB9, 0x29,
    0x8A, 0x5F, 0xC2, 0xFE, 0x62, 0xF4, 0xFD, 0xEF, 0x71, 0x04, 0x52, 0x45, 0x79, 0x9B, 0xF5, 0xC7,
    0x51, 0xBF, 0x6F, 0xE7, 0xDC, 0x3B, 0x11, 0x79, 0x68, 0x05, 0x53, 0x45, 0x99, 0x14, 0x9F, 0x36,
    0x36, 0x7E, 0x0A, 0xFB, 0x8B, 0xD1, 0xF7, 0x1D, 0x80, 0x5A, 0x4F, 0xD4, 0x73, 0x9D, 0xF7, 0x1D,
    0x12, 0xE6, 0x86, 0x66, 0xEE, 0x69, 0xE7, 0x19, 0xEF, 0x3B, 0x24, 0xC0, 0x45, 0xA6, 0x99, 0x73,
    0xDA, 0xF9, 0xF5, 0xDC, 0xB8, 0x31, 0x17, 0x34, 0x73, 0x4D, 0x3B, 0xAF, 0x44, 0x86, 0x45, 0x33,
    0xDF, 0x24, 0xF2, 0xDC, 0xAA, 0x62, 0xC3, 0x01, 0xE6, 0x6B, 0xD5, 0x3A, 0x51, 0x6F, 0xAF, 0x05,
    0x92, 0x12, 0xD0, 0x92, 0xEF, 0x17, 0xC0, 0xEB, 0x85, 0xDE, 0xFD, 0xCF, 0xFF, 0x88, 0xBC, 0xAE,
    0xD1, 0x1F, 0x97, 0x48, 0xB6, 0x68, 0xCD, 0x3F, 0xC3, 0xEB, 0x3E, 0x8E, 0xD7, 0xB1, 0xC8, 0x8F,
    0x7F, 0x45, 0x59, 0xBF, 0xEA, 0x8B, 0xC4, 0xB7, 0x43, 0x73, 0x1D, 0xE0, 0xDC, 0x3C, 0x8F, 0xB8,
    0xC6, 0x57, 0xB1, 0xA3, 0x28, 0x7C, 0x1E, 0x7B, 0xDF, 0xA0, 0xB9, 0x7E, 0x71, 0xD7, 0xDB, 0xEB,
    0x89, 0x23, 0x1A, 0x13, 0xC6, 0xD3, 0x2A, 0xE6, 0x7E, 0x4A, 0x7F, 0x1C, 0xE2, 0xD8, 0xA2, 0x65,
    0x47, 0xF1, 0x6B, 0x68, 0x43, 0xBC, 0xB8, 0x52, 0xC8, 0xF1, 0x32, 0xF6, 0xBE, 0x39, 0xFA, 0x78,
    0x68, 0xC5, 0x31, 0x5B, 0xD6, 0x3F, 0x85, 0x6D, 0x7C, 0x6B, 0x43, 0xB3, 0x0A, 0xF1, 0xFC, 0x07,
    0x68, 0xAA, 0x76, 0x8F, 0x2D, 0xF5, 0x67, 0x5A, 0x21, 0x66, 0x38, 0x5F, 0x14, 0xC5, 0x02, 0x48,
    0x7B, 0x3C, 0xA9, 0x9D, 0x9B, 0x37, 0x1E, 0x36, 0xE2, 0xE7, 0x82, 0x6D, 0xD1, 0xE7, 0x69, 0x33,
    0x2A, 0x06, 0x23, 0x96, 0x11, 0x0D, 0x0B, 0x9A, 0xF5, 0x9A, 0x5E, 0xA5, 0x66, 0xEE, 0x0E, 0x44,
    0xEC, 0x37, 0x5A, 0x61, 0x88, 0x33, 0x23, 0x76, 0x2A, 0x4F, 0x47, 0xEC, 0x75, 0xE3, 0x61, 0x2B,
    0x7E, 0x1E, 0x17, 0xB1, 0x56, 0xD8, 0x36, 0x6B, 0x74, 0x3B, 0x15, 0xD5, 0x5A, 0x5E, 0xB3, 0x6E,
    0x0F, 0xD7, 0xF6, 0xEE, 0xAA, 0x01, 0xEF, 0x35, 0xBE, 0x1A, 0xAA, 0x8D, 0xA1, 0x36, 0x35, 0xBE,
    0x43, 0xBA, 0xA9, 0x54, 0x76, 0x2A, 0xA7, 0xB5, 0xFC, 0x15, 0x09, 0x74, 0x8F, 0x5B, 0x77, 0xD5,
    0x80, 0xF7, 0x1A, 0x5F, 0x0D, 0xD5, 0x40, 0x23, 0xD5, 0x7B, 0x7C, 0x64, 0xDA, 0xA9, 0x99, 0xCE,
    0xCD, 0x3F, 0xDB, 0x5F, 0x21, 0x1F, 0x7E, 0x0D, 0xE9, 0xF3, 0xD1, 0xEB, 0xF3, 0x93, 0xBE, 0x3F,
    0x96, 0xDD, 0x81, 0x81, 0xB8, 0xBA, 0x3F, 0x9E, 0xBD, 0x89, 0x9D, 0xF9, 0xD4, 0x5D, 0xCB, 0xB7,
    0xE3, 0xA8, 0x5A, 0xE6, 0xEB, 0xBC, 0xB1, 0x7D, 0xA5, 0xFD, 0x18, 0xB3, 0xE5, 0xB1, 0x43, 0x73,
    0xE0, 0xA9, 0xDE, 0x98, 0x73, 0x00, 0x0B, 0x59, 0x60, 0x60, 0xD4, 0xEA, 0x91, 0xA7, 0x10, 0x38,
    0xCD, 0x8C, 0xBE, 0x3C, 0x96, 0xF3, 0xA5, 0xC3, 0xCF, 0xCB, 0xFE, 0xFE, 0x58, 0x4E, 0xB7, 0x0C,
    0xD4, 0xAB, 0x7A, 0xEF, 0x2B, 0xAE, 0xD3, 0xEA, 0xF4, 0x14, 0x57, 0x63, 0xE7, 0x41, 0xE2, 0x4F,
    0xBA, 0xDE, 0x7B, 0xBD, 0x3A, 0xD5, 0x2B, 0x03, 0x6C, 0xA5, 0x4C, 0xEA, 0x56, 0x7C, 0x99, 0xAC,
    0x87, 0xA4, 0xDE, 0x6E, 0x60, 0xAB, 0xB7, 0xDB, 0xCD, 0xED, 0xF0, 0xEB, 0x2A, 0x08, 0xDA, 0x73,
    0xB8, 0xBE, 0x93, 0x30, 0xD0, 0xFA, 0xC8, 0xF4, 0xAA, 0x32, 0xF8, 0x6F, 0xEB, 0x21, 0x1F, 0xE7,
    0xA2, 0x3D, 0x1C, 0xFB, 0xB1, 0x79, 0xF1, 0xC3, 0x21, 0xE5, 0xDD, 0x03, 0x75, 0x55, 0x01, 0x71,
    0xD5, 0xC5, 0xE4, 0x16, 0x3D, 0x1A, 0x3F, 0x93, 0x5A, 0x06, 0xB4, 0x8A, 0x3F, 0x5E, 0xF1, 0x42,
    0xA0, 0x22, 0x51, 0x0B, 0x87, 0xC1, 0xB9, 0x79, 0xC4, 0xE7, 0xCD, 0xDE, 0x66, 0x6E, 0xD3, 0x24,
    0x68, 0x48, 0x56, 0x5E, 0x4D, 0x5E, 0xE7, 0x37, 0x12, 0x34, 0xE7, 0x9C, 0x07, 0x40, 0xF1, 0xCE,
    0x65, 0x5E, 0x64, 0xD5, 0x8A, 0x4A, 0xDF, 0x77, 0x11, 0xDF, 0xE5, 0x08, 0xAF, 0x35, 0xF1, 0x17,
    0x3D, 0xEE, 0xC3, 0x90, 0x8F, 0x44, 0xA3, 0x97, 0x42, 0x19, 0x80, 0x2D, 0xD5, 0x63, 0xC5, 0x03,
    0x2F, 0xFD, 0x17, 0x35, 0xFA, 0xD7, 0x18, 0x10, 0x9A, 0xC1, 0x2E, 0x41, 0xDB, 0x77, 0x5F, 0x5B,
    0x89, 0x02, 0x6C, 0x89, 0x04, 0x4D, 0x33, 0xE0, 0x63, 0xCF, 0x25, 0x07, 0x49, 0xA2, 0x75, 0xFC,
    0x49, 0x61, 0x60, 0x8E, 0x38, 0x48, 0xF2, 0xDA, 0x99, 0x22, 0x35, 0xAB, 0x44, 0xEC, 0x29, 0x57,
    0xB3, 0xF2, 0xB8, 0xF7, 0xDB, 0xD5, 0x41, 0x7B, 0x3A, 0xD7, 0xAC, 0x6C, 0xCE, 0x65, 0x51, 0x97,
    0x07, 0x4F, 0x6C, 0x2C, 0xD9, 0x32, 0x04, 0xCD, 0xDC, 0xE3, 0xA1, 0x8C, 0xA7, 0x61, 0x56, 0xB4,
    0x0C, 0x26, 0x34, 0xE3, 0x04, 0xE3, 0x3C, 0x9C, 0xBD, 0x71, 0x19, 0xC7, 0x58, 0xCA, 0x50, 0x1F,
    0x92, 0xF9, 0xE1, 0xBE, 0x96, 0xFB, 0x3F, 0xFB, 0xD1, 0x86, 0xB9, 0x9D, 0x18, 0xB0, 0xC3, 0xB0,
    0x1F, 0x5D, 0xE3, 0xBD, 0x6A, 0x27, 0x12, 0x9A, 0x2F, 0x68, 0x6D, 0x3F, 0x9A, 0xC3, 0xEA, 0x64,
    0x27, 0x0E, 0xDD, 0xFB, 0xDF, 0xFD, 0x31, 0xD4, 0x49, 0x3B, 0x79, 0xC1, 0x6A, 0x7C, 0x1C, 0xF5,
    0xF9, 0x3B, 0xE0, 0x4C, 0x72, 0xCC, 0x25, 0x9F, 0x8A, 0xE4, 0x67, 0xB2, 0x40, 0xF2, 0x08, 0xA4,
    0x8C, 0xFD, 0x25, 0x30, 0xCF, 0x00, 0x82, 0x65, 0x4F, 0xBB, 0x91, 0x1F, 0x00, 0x34, 0x07, 0xF7,
    0x94, 0x15, 0x26, 0xFE, 0x01, 0x48, 0x2A, 0x60, 0x4A, 0x84, 0xA0, 0xE9, 0x2D, 0xCD, 0xF6, 0xB5,
    0x66, 0xDC, 0xE3, 0xFA, 0xB7, 0xF3, 0xC4, 0x6C, 0x0D, 0x72, 0x9E, 0xF8, 0x2F, 0x10, 0x59, 0x42,
    0x6A, 0x80, 0xB5, 0x62, 0x1F, 0xBB, 0xC6, 0xD6, 0x03, 0xF4, 0x3B, 0xFD, 0x7F, 0x59, 0x02, 0x1C,
    0x8F, 0x99, 0x2C, 0x30, 0xE1, 0xBA, 0xFA, 0x72, 0x23, 0xD3, 0x8D, 0x00, 0x98, 0x2E, 0xA8, 0x93,
    0x92, 0xFA, 0x7C, 0xD5, 0xD5, 0x0E, 0x0F, 0xB6, 0x1A, 0x84, 0x54, 0xD4, 0xB3, 0x47, 0x10, 0xF8,
    0x25, 0x00, 0x2E, 0xA9, 0xE7, 0x4F, 0x03, 0xCF, 0x08, 0x44, 0x12, 0x02, 0x33, 0x6A, 0xA1, 0x9A,
    0xF4, 0x81, 0x25, 0xF5, 0x25, 0x81, 0x48, 0x03, 0xE0, 0xBA, 0x03, 0xBE, 0xEA, 0x03, 0x03, 0xA6,
    0x04, 0x02, 0x1F, 0x3A, 0x32, 0xF0, 0x68, 0xFB, 0x26, 0xE1, 0x8E, 0xFC, 0xEC, 0xA1, 0xE1, 0xDA,
    0x87, 0xE6, 0x20, 0x74, 0xD9, 0x41, 0x5F, 0x11, 0x8A, 0x59, 0x03, 0x5D, 0xF7, 0xA0, 0x64, 0x41,
    0x46, 0x2D, 0x3B, 0x42, 0x3B, 0xD6, 0x90, 0x06, 0x9A, 0x85, 0xD0, 0xCE, 0x62, 0x1A, 0x45, 0x4F,
    0x0C, 0x41, 0x57, 0x20, 0xB4, 0xFC, 0x00, 0x8E, 0x51, 0x0D, 0xFE, 0xB1, 0x07, 0x2D, 0xA1, 0x45,
    0x69, 0x4E, 0x8B, 0x3C, 0x48, 0xB3, 0xA6, 0x45, 0xD3, 0x8A, 0xFF, 0x78, 0xCF, 0x1A, 0xFC, 0xA5,
    0xDF, 0x00, 0x09, 0x23, 0xF8, 0x7C, 0x39, 0x07, 0x2D, 0xAA, 0x49, 0xF3, 0xCF, 0x8A, 0x7D, 0x0B,
    0x3B, 0x87, 0x90, 0x08, 0x7C, 0x30, 0x46, 0x8D, 0x96, 0x92, 0xCC, 0x78, 0x15, 0xB3, 0xBF, 0x89,
    0x3C, 0xFB, 0x5A, 0x81, 0x04, 0x04, 0xA4, 0x97, 0x66, 0xA4, 0x4A, 0x9A, 0x42, 0x8B, 0x26, 0x6B,
    0x5A, 0x34, 0x63, 0xEF, 0xF4, 0xC2, 0xA4, 0x02, 0xCD, 0x94, 0x0D, 0x90, 0xB0, 0x34, 0xE7, 0x9F,
    0x34, 0x05, 0x63, 0x0D, 0x5A, 0x14, 0xEE, 0xF0, 0xEE, 0xEA, 0xC1, 0x16, 0xC2, 0xEA, 0x31, 0xB0,
    0xBE, 0xF0, 0xBB, 0x86, 0xDD, 0x3F, 0xCF, 0xDD, 0x91, 0xD7, 0x77, 0xFF, 0x8C, 0x7F, 0x54, 0x3F,
    0xD9, 0xE9, 0xF3, 0x32, 0x36, 0xE3, 0x5F, 0x70, 0x78, 0xC9, 0xDD, 0x93, 0x1D, 0x6D, 0xF8, 0x07,
    0x25, 0x8E, 0xB1, 0x0D, 0xC2, 0x30, 0x14, 0x05, 0x7F, 0x44, 0x41, 0xE9, 0x51, 0x3C, 0x82, 0xD3,
    0x53, 0x30, 0x12, 0xD9, 0x2C, 0xE9, 0x69, 0x3C, 0x02, 0x23, 0x18, 0x44, 0x87, 0xC5, 0xE5, 0xA4,
    0xEF, 0xE2, 0x64, 0xE9, 0xA4, 0x7B, 0x3F, 0xA2, 0xAE, 0xE1, 0xDB, 0xBB, 0x58, 0x18, 0xF2, 0xC2,
    0x94, 0x05, 0x64, 0x85, 0x4D, 0x09, 0x5D, 0x79, 0x3C, 0x86, 0x92, 0xFB, 0x54, 0xF2, 0xFC, 0x47,
    0x95, 0xAC, 0x0D, 0x6E, 0x2A, 0x46, 0xE1, 0x68, 0xBC, 0x77, 0xE4, 0x07, 0xB6, 0x82, 0x8C, 0x2B,
    0x98, 0x5B, 0xFC, 0x7F, 0xED, 0xBC, 0x70, 0xA6, 0xFD, 0x6C, 0x66, 0x3F, 0xB7, 0x72, 0x37, 0x6F,
    0xC8, 0x7B, 0x4E,
};

static const EpdGlyph jetbrainsmono_16_regularGlyphs[] = {
    { 0, 0, 0, 0, 0, 0, 0 }, // U+0000
    { 0, 0, 0, 0, 0, 0, 0 }, // U+0001
    { 0, 0, 0, 0, 0, 0, 0 }, // U+0002
    { 0, 0, 0, 0, 0, 0, 0 }, // U+0003
    { 0, 0, 0, 0, 0, 0, 0 }, // U+0004
    { 0, 0, 0, 0, 0, 0, 0 }, // U+0005
    { 0, 0, 0, 0, 0, 0, 0 }, // U+0006
    { 0, 0, 0, 0, 0, 0, 0 }, // U+0007
    { 0, 0, 0, 0, 0, 0, 0 }, // U+0008
    { 0, 0, 0, 0, 0, 0, 0 }, // U+0009
    { 0, 0, 0, 0, 0, 0, 0 }, // U+000A
    { 0, 0, 0, 0, 0, 0, 0 }, // U+000B
    { 0, 0, 0, 0, 0, 0, 0 }, // U+000C
    { 0, 0, 0, 0, 0, 0, 0 }, // U+000D
    { 0, 0, 0, 0, 0, 0, 0 }, // U+000E
    { 0, 0, 0, 0, 0, 0, 0 }, // U+000F
    { 0, 0, 0, 0, 0, 0, 0 }, // U+0010
    { 0, 0, 0, 0, 0, 0, 0 }, // U+0011
    { 0, 0, 0, 0, 0, 0, 0 }, // U+0012
    { 0, 0, 0, 0, 0, 0, 0 }, // U+0013
    { 0, 0, 0, 0, 0, 0, 0 }, // U+0014
    { 0, 0, 0, 0, 0, 0, 0 }, // U+0015
    { 0, 0, 0, 0, 0, 0, 0 }, // U+0016
    { 0, 0, 0, 0, 0, 0, 0 }, // U+0017
    { 0, 0, 0, 0, 0, 0, 0 }, // U+0018
    { 0, 0, 0, 0, 0, 0, 0 }, // U+0019
    { 0, 0, 0, 0, 0, 0, 0 }, // U+001A
    { 0, 0, 0, 0, 0, 0, 0 }, // U+001B
    { 0, 0, 0, 0, 0, 0, 0 }, // U+001C
    { 0, 0, 0, 0, 0, 0, 0 }, // U+001D
    { 0, 0, 0, 0, 0, 0, 0 }, // U+001E
    { 0, 0, 0, 0, 0, 0, 0 }, // U+001F
    { 0, 0, 320, 0, 0, 0, 0 }, // U+0020
    { 6, 25, 320, 7, 25, 38, 0 }, // !
    { 12, 10, 320, 4, 25, 30, 38 }, // "
    { 18, 25, 320, 1, 25, 113, 68 }, // #
    { 16, 35, 320, 2, 30, 140, 181 }, // $
    { 20, 25, 320, 0, 25, 125, 321 }, // %
    { 21, 25, 320, 0, 25, 132, 446 }, // &
    { 4, 10, 320, 8, 25, 10, 578 }, // '
    { 10, 32, 320, 6, 28, 80, 588 }, // (
    { 11, 32, 320, 3, 28, 88, 668 }, // )
    { 18, 18, 320, 1, 21, 81, 756 }, // *
    { 16, 16, 320, 2, 19, 64, 837 }, // +
    { 7, 10, 320, 6, 5, 18, 901 }, // ,
    { 12, 3, 320, 4, 13, 9, 919 }, // -
    { 6, 5, 320, 7, 5, 8, 928 }, // .
    { 16, 32, 320, 2, 28, 128, 936 }, // /
    { 16, 25, 320, 2, 25, 100, 1064 }, // 0
    { 16, 25, 320, 2, 25, 100, 1164 }, // 1
    { 16, 25, 320, 2, 25, 100, 1264 }, // 2
    { 15, 25, 320, 2, 25, 94, 1364 }, // 3
    { 15, 25, 320, 2, 25, 94, 1458 }, // 4
    { 15, 25, 320, 2, 25, 94, 1552 }, // 5
    { 16, 25, 320, 2, 25, 100, 1646 }, // 6
    { 17, 25, 320, 2, 25, 107, 1746 }, // 7
    { 16, 25, 320, 2, 25, 100, 1853 }, // 8
    { 16, 25, 320, 2, 25, 100, 1953 }, // 9
    { 6, 19, 320, 7, 19, 29, 2053 }, // :
    { 7, 24, 320, 6, 19, 42, 2082 }, // ;
    { 15, 18, 320, 2, 20, 68, 2124 }, // <
    { 15, 11, 320, 2, 17, 42, 2192 }, // =
    { 15, 18, 320, 2, 20, 68, 2234 }, // >
    { 12, 25, 320, 4, 25, 75, 2302 }, // ?
    { 18, 31, 320, 1, 25, 140, 2377 }, // @
    { 18, 25, 320, 1, 25, 113, 2517 }, // A
    { 15, 25, 320, 3, 25, 94, 2630 }, // B
    { 15, 25, 320, 3, 25, 94, 2724 }, // C
    { 14, 25, 320, 3, 25, 88, 2818 }, // D
    { 15, 25, 320, 3, 25, 94, 2906 }, // E
    { 15, 25, 320, 3, 25, 94, 3000 }, // F
    { 16, 25, 320, 2, 25, 100, 3094 }, // G
    { 14, 25, 320, 3, 25, 88, 3194 }, // H
    { 14, 25, 320, 3, 25, 88, 3282 }, // I
    { 16, 25, 320, 1, 25, 100, 3370 }, // J
    { 16, 25, 320, 3, 25, 100, 3470 }, // K
    { 15, 25, 320, 4, 25, 94, 3570 }, // L
    { 16, 25, 320, 2, 25, 100, 3664 }, // M
    { 15, 25, 320, 2, 25, 94, 3764 }, // N
    { 15, 25, 320, 2, 25, 94, 3858 }, // O
    { 16, 25, 320, 3, 25, 100, 3952 }, // P
    { 16, 31, 320, 2, 25, 124, 4052 }, // Q
    { 15, 25, 320, 3, 25, 94, 4176 }, // R
    { 16, 25, 320, 2, 25, 100, 4270 }, // S
    { 17, 25, 320, 1, 25, 107, 4370 }, // T
    { 15, 25, 320, 2, 25, 94, 4477 }, // U
    { 18, 25, 320, 1, 25, 113, 4571 }, // V
    { 20, 25, 320, 0, 25, 125, 4684 }, // W
    { 18, 25, 320, 1, 25, 113, 4809 }, // X
    { 18, 25, 320, 1, 25, 113, 4922 }, // Y
    { 15, 25, 320, 2, 25, 94, 5035 }, // Z
    { 9, 32, 320, 6, 28, 72, 5129 }, // [
    { 16, 32, 320, 2, 28, 128, 5201 }, // <backslash>
    { 10, 32, 320, 4, 28, 80, 5329 }, // ]
    { 16, 14, 320, 2, 26, 56, 5409 }, // ^
    { 17, 3, 320, 1, 0, 13, 5465 }, // _
    { 8, 5, 320, 5, 27, 10, 5478 }, // `
    { 15, 19, 320, 2, 19, 72, 5488 }, // a
    { 14, 25, 320, 3, 25, 88, 5560 }, // b
    { 16, 19, 320, 2, 19, 76, 5648 }, // c
    { 15, 25, 320, 2, 25, 94, 5724 }, // d
    { 16, 19, 320, 2, 19, 76, 5818 }, // e
    { 17, 25, 320, 1, 25, 107, 5894 }, // f
    { 15, 25, 320, 2, 19, 94, 6001 }, // g
    { 14, 25, 320, 3, 25, 88, 6095 }, // h
    { 17, 26, 320, 2, 26, 111, 6183 }, // i
    { 13, 32, 320, 2, 26, 104, 6294 }, // j
    { 16, 25, 320, 3, 25, 100, 6398 }, // k
    { 19, 25, 320, 0, 25, 119, 6498 }, // l
    { 17, 19, 320, 1, 19, 81, 6617 }, // m
    { 14, 19, 320, 3, 19, 67, 6698 }, // n
    { 16, 19, 320, 2, 19, 76, 6765 }, // o
    { 14, 25, 320, 3, 19, 88, 6841 }, // p
    { 15, 25, 320, 2, 19, 94, 6929 }, // q
    { 15, 19, 320, 3, 19, 72, 7023 }, // r
    { 15, 19, 320, 2, 19, 72, 7095 }, // s
    { 17, 24, 320, 1, 24, 102, 7167 }, // t
    { 15, 19, 320, 2, 19, 72, 7269 }, // u
    { 18, 19, 320, 1, 19, 86, 7341 }, // v
    { 18, 19, 320, 1, 19, 86, 7427 }, // w
    { 18, 19, 320, 1, 19, 86, 7513 }, // x
    { 18, 25, 320, 1, 19, 113, 7599 }, // y
    { 15, 19, 320, 2, 19, 72, 7712 }, // z
    { 15, 32, 320, 2, 28, 120, 7784 }, // {
    { 4, 32, 320, 8, 28, 32, 7904 }, // |
    { 15, 32, 320, 3, 28, 120, 7936 }, // }
    { 16, 7, 320, 2, 15, 28, 8056 }, // ~
    { 0, 0, 0, 0, 0, 0, 8084 }, // U+007F
    { 0, 0, 0, 0, 0, 0, 0 }, // U+0080
    { 0, 0, 0, 0, 0, 0, 0 }, // U+0081
    { 0, 0, 0, 0, 0, 0, 0 }, // U+0082
    { 0, 0, 0, 0, 0, 0, 0 }, // U+0083
    { 0, 0, 0, 0, 0, 0, 0 }, // U+0084
    { 0, 0, 0, 0, 0, 0, 0 }, // U+0085
    { 0, 0, 0, 0, 0, 0, 0 }, // U+0086
    { 0, 0, 0, 0, 0, 0, 0 }, // U+0087
    { 0, 0, 0, 0, 0, 0, 0 }, // U+0088
    { 0, 0, 0, 0, 0, 0, 0 }, // U+0089
    { 0, 0, 0, 0, 0, 0, 0 }, // U+008A
    { 0, 0, 0, 0, 0, 0, 0 }, // U+008B
    { 0, 0, 0, 0, 0, 0, 0 }, // U+008C
    { 0, 0, 0, 0, 0, 0, 0 }, // U+008D
    { 0, 0, 0, 0, 0, 0, 0 }, // U+008E
    { 0, 0, 0, 0, 0, 0, 0 }, // U+008F
    { 0, 0, 0, 0, 0, 0, 0 }, // U+0090
    { 0, 0, 0, 0, 0, 0, 0 }, // U+0091
    { 0, 0, 0, 0, 0, 0, 0 }, // U+0092
    { 0, 0, 0, 0, 0, 0, 0 }, // U+0093
    { 0, 0, 0, 0, 0, 0, 0 }, // U+0094
    { 0, 0, 0, 0, 0, 0, 0 }, // U+0095
    { 0, 0, 0, 0, 0, 0, 0 }, // U+0096
    { 0, 0, 0, 0, 0, 0, 0 }, // U+0097
    { 0, 0, 0, 0, 0, 0, 0 }, // U+0098
    { 0, 0, 0, 0, 0, 0, 0 }, // U+0099
    { 0, 0, 0, 0, 0, 0, 0 }, // U+009A
    { 0, 0, 0, 0, 0, 0, 0 }, // U+009B
    { 0, 0, 0, 0, 0, 0, 0 }, // U+009C
    { 0, 0, 0, 0, 0, 0, 0 }, // U+009D
    { 0, 0, 0, 0, 0, 0, 0 }, // U+009E
    { 0, 0, 0, 0, 0, 0, 0 }, // U+009F
    { 0, 0, 320, 0, 0, 0, 0 }, // U+00A0
    { 6, 25, 320, 7, 19, 38, 0 }, // U+00A1
    { 16, 28, 320, 2, 23, 112, 38 }, // U+00A2
    { 16, 25, 320, 2, 25, 100, 150 }, // U+00A3
    { 18, 19, 320, 1, 23, 86, 250 }, // U+00A4
    { 18, 25, 320, 1, 25, 113, 336 }, // U+00A5
    { 4, 32, 320, 8, 28, 32, 449 }, // U+00A6
    { 16, 30, 320, 2, 25, 120, 481 }, // U+00A7
    { 12, 4, 320, 4, 26, 12, 601 }, // U+00A8
    { 18, 22, 320, 1, 26, 99, 613 }, // U+00A9
    { 9, 10, 320, 5, 24, 23, 712 }, // U+00AA
    { 19, 16, 320, 0, 17, 76, 735 }, // U+00AB
    { 14, 8, 320, 3, 14, 28, 811 }, // U+00AC
    { 0, 0, 0, 0, 0, 0, 839 }, // U+00AD
    { 18, 22, 320, 1, 26, 99, 839 }, // U+00AE
    { 12, 3, 320, 4, 26, 9, 938 }, // U+00AF
    { 11, 10, 320, 4, 25, 28, 947 }, // U+00B0
    { 16, 20, 320, 2, 20, 80, 975 }, // U+00B1
    { 12, 14, 320, 4, 27, 42, 1055 }, // U+00B2
    { 12, 14, 320, 4, 27, 42, 1097 }, // U+00B3
    { 8, 5, 320, 7, 27, 10, 1139 }, // U+00B4
    { 14, 25, 320, 3, 19, 88, 1149 }, // U+00B5
    { 15, 31, 320, 2, 25, 117, 1237 }, // U+00B6
    { 6, 5, 320, 7, 14, 8, 1354 }, // U+00B7
    { 8, 8, 320, 6, 1, 16, 1362 }, // U+00B8
    { 12, 14, 320, 4, 27, 42, 1378 }, // U+00B9
    { 8, 10, 320, 6, 24, 20, 1420 }, // U+00BA
    { 18, 16, 320, 1, 17, 72, 1440 }, // U+00BB
    { 20, 25, 320, 0, 25, 125, 1512 }, // U+00BC
    { 20, 25, 320, 0, 25, 125, 1637 }, // U+00BD
    { 20, 25, 320, 0, 25, 125, 1762 }, // U+00BE
    { 13, 25, 320, 3, 19, 82, 1887 }, // U+00BF
    { 18, 33, 320, 1, 33, 149, 1969 }, // U+00C0
    { 18, 33, 320, 1, 33, 149, 2118 }, // U+00C1
    { 18, 33, 320, 1, 33, 149, 2267 }, // U+00C2
    { 18, 33, 320, 1, 33, 149, 2416 }, // U+00C3
    { 18, 32, 320, 1, 32, 144, 2565 }, // U+00C4
    { 18, 34, 320, 1, 34, 153, 2709 }, // U+00C5
    { 19, 25, 320, 0, 25, 119, 2862 }, // U+00C6
    { 15, 32, 320, 3, 25, 120, 2981 }, // U+00C7
    { 15, 33, 320, 3, 33, 124, 3101 }, // U+00C8
    { 15, 33, 320, 3, 33, 124, 3225 }, // U+00C9
    { 15, 33, 320, 3, 33, 124, 3349 }, // U+00CA
    { 15, 32, 320, 3, 32, 120, 3473 }, // U+00CB
    { 14, 33, 320, 3, 33, 116, 3593 }, // U+00CC
    { 14, 33, 320, 3, 33, 116, 3709 }, // U+00CD
    { 14, 33, 320, 3, 33, 116, 3825 }, // U+00CE
    { 14, 32, 320, 3, 32, 112, 3941 }, // U+00CF
    { 17, 25, 320, 0, 25, 107, 4053 }, // U+00D0
    { 15, 33, 320, 2, 33, 124, 4160 }, // U+00D1
    { 15, 33, 320, 2, 33, 124, 4284 }, // U+00D2
    { 15, 33, 320, 2, 33, 124, 4408 }, // U+00D3
    { 15, 33, 320, 2, 33, 124, 4532 }, // U+00D4
    { 15, 33, 320, 2, 33, 124, 4656 }, // U+00D5
    { 15, 32, 320, 2, 32, 120, 4780 }, // U+00D6
    { 14, 14, 320, 3, 18, 49, 4900 }, // U+00D7
    { 18, 27, 320, 1, 26, 122, 4949 }, // U+00D8
    { 15, 33, 320, 2, 33, 124, 5071 }, // U+00D9
    { 15, 33, 320, 2, 33, 124, 5195 }, // U+00DA
    { 15, 33, 320, 2, 33, 124, 5319 }, // U+00DB
    { 15, 32, 320, 2, 32, 120, 5443 }, // U+00DC
    { 18, 33, 320, 1, 33, 149, 5563 }, // U+00DD
    { 17, 25, 320, 2, 25, 107, 5712 }, // U+00DE
    { 15, 25, 320, 3, 25, 94, 5819 }, // U+00DF
    { 15, 27, 320, 2, 27, 102, 5913 }, // U+00E0
    { 15, 27, 320, 2, 27, 102, 6015 }, // U+00E1
    { 15, 27, 320, 2, 27, 102, 6117 }, // U+00E2
    { 15, 27, 320, 2, 27, 102, 6219 }, // U+00E3
    { 15, 26, 320, 2, 26, 98, 6321 }, // U+00E4
    { 15, 29, 320, 2, 29, 109, 6419 }, // U+00E5
    { 18, 19, 320, 1, 19, 86, 6528 }, // U+00E6
    { 16, 26, 320, 2, 19, 104, 6614 }, // U+00E7
    { 16, 27, 320, 2, 27, 108, 6718 }, // U+00E8
    { 16, 27, 320, 2, 27, 108, 6826 }, // U+00E9
    { 16, 27, 320, 2, 27, 108, 6934 }, // U+00EA
    { 16, 26, 320, 2, 26, 104, 7042 }, // U+00EB
    { 17, 27, 320, 2, 27, 115, 7146 }, // U+00EC
    { 17, 27, 320, 2, 27, 115, 7261 }, // U+00ED
    { 17, 27, 320, 2, 27, 115, 7376 }, // U+00EE
    { 17, 26, 320, 2, 26, 111, 7491 }, // U+00EF
    { 16, 26, 320, 2, 26, 104, 7602 }, // U+00F0
    { 14, 27, 320, 3, 27, 95, 7706 }, // U+00F1
    { 16, 27, 320, 2, 27, 108, 7801 }, // U+00F2
    { 16, 27, 320, 2, 27, 108, 7909 }, // U+00F3
    { 16, 27, 320, 2, 27, 108, 8017 }, // U+00F4
    { 16, 27, 320, 2, 27, 108, 8125 }, // U+00F5
    { 16, 26, 320, 2, 26, 104, 8233 }, // U+00F6
    { 14, 19, 320, 3, 21, 67, 8337 }, // U+00F7
    { 18, 22, 320, 1, 21, 99, 8404 }, // U+00F8
    { 15, 27, 320, 2, 27, 102, 8503 }, // U+00F9
    { 15, 27, 320, 2, 27, 102, 8605 }, // U+00FA
    { 15, 27, 320, 2, 27, 102, 8707 }, // U+00FB
    { 15, 26, 320, 2, 26, 98, 8809 }, // U+00FC
    { 18, 33, 320, 1, 27, 149, 8907 }, // U+00FD
    { 15, 31, 320, 2, 25, 117, 9056 }, // U+00FE
    { 18, 32, 320, 1, 26, 144, 9173 }, // U+00FF
    { 18, 32, 320, 1, 32, 144, 0 }, // U+0100
    { 15, 26, 320, 2, 26, 98, 144 }, // U+0101
    { 18, 32, 320, 1, 32, 144, 242 }, // U+0102
    { 15, 27, 320, 2, 27, 102, 386 }, // U+0103
    { 19, 32, 320, 1, 25, 152, 488 }, // U+0104
    { 17, 26, 320, 2, 19, 111, 640 }, // U+0105
    { 15, 33, 320, 3, 33, 124, 751 }, // U+0106
    { 16, 27, 320, 2, 27, 108, 875 }, // U+0107
    { 15, 33, 320, 3, 33, 124, 983 }, // U+0108
    { 16, 27, 320, 2, 27, 108, 1107 }, // U+0109
    { 15, 32, 320, 3, 32, 120, 1215 }, // U+010A
    { 16, 26, 320, 2, 26, 104, 1335 }, // U+010B
    { 15, 33, 320, 3, 33, 124, 1439 }, // U+010C
    { 16, 27, 320, 2, 27, 108, 1563 }, // U+010D
    { 14, 33, 320, 3, 33, 116, 1671 }, // U+010E
    { 18, 25, 320, 2, 25, 113, 1787 }, // U+010F
    { 17, 25, 320, 0, 25, 107, 1900 }, // U+0110
    { 18, 25, 320, 2, 25, 113, 2007 }, // U+0111
    { 15, 32, 320, 3, 32, 120, 2120 }, // U+0112
    { 16, 26, 320, 2, 26, 104, 2240 }, // U+0113
    { 15, 32, 320, 3, 32, 120, 2344 }, // U+0114
    { 16, 27, 320, 2, 27, 108, 2464 }, // U+0115
    { 15, 32, 320, 3, 32, 120, 2572 }, // U+0116
    { 16, 26, 320, 2, 26, 104, 2692 }, // U+0117
    { 15, 32, 320, 3, 25, 120, 2796 }, // U+0118
    { 15, 26, 320, 2, 19, 98, 2916 }, // U+0119
    { 15, 33, 320, 3, 33, 124, 3014 }, // U+011A
    { 16, 27, 320, 2, 27, 108, 3138 }, // U+011B
    { 16, 33, 320, 2, 33, 132, 3246 }, // U+011C
    { 15, 33, 320, 2, 27, 124, 3378 }, // U+011D
    { 16, 32, 320, 2, 32, 128, 3502 }, // U+011E
    { 15, 33, 320, 2, 27, 124, 3630 }, // U+011F
    { 16, 32, 320, 2, 32, 128, 3754 }, // U+0120
    { 15, 32, 320, 2, 26, 120, 3882 }, // U+0121
    { 16, 33, 320, 2, 25, 132, 4002 }, // U+0122
    { 15, 36, 320, 2, 30, 135, 4134 }, // U+0123
    { 14, 33, 320, 3, 33, 116, 4269 }, // U+0124
    { 19, 33, 320, -2, 33, 157, 4385 }, // U+0125
    { 20, 25, 320, 0, 25, 125, 4542 }, // U+0126
    { 17, 25, 320, 0, 25, 107, 4667 }, // U+0127
    { 14, 33, 320, 3, 33, 116, 4774 }, // U+0128
    { 17, 27, 320, 2, 27, 115, 4890 }, // U+0129
    { 14, 32, 320, 3, 32, 112, 5005 }, // U+012A
    { 17, 26, 320, 2, 26, 111, 5117 }, // U+012B
    { 14, 32, 320, 3, 32, 112, 5228 }, // U+012C
    { 17, 27, 320, 2, 27, 115, 5340 }, // U+012D
    { 14, 32, 320, 3, 25, 112, 5455 }, // U+012E
    { 17, 33, 320, 2, 26, 141, 5567 }, // U+012F
    { 14, 32, 320, 3, 32, 112, 5708 }, // U+0130
    { 17, 19, 320, 2, 19, 81, 5820 }, // U+0131
    { 20, 33, 320, 1, 33, 165, 5901 }, // U+0134
    { 17, 33, 320, 2, 27, 141, 6066 }, // U+0135
    { 16, 33, 320, 3, 25, 132, 6207 }, // U+0136
    { 16, 33, 320, 3, 25, 132, 6339 }, // U+0137
    { 16, 19, 320, 3, 19, 76, 6471 }, // U+0138
    { 16, 33, 320, 3, 33, 132, 6547 }, // U+0139
    { 19, 33, 320, 0, 33, 157, 6679 }, // U+013A
    { 15, 33, 320, 4, 25, 124, 6836 }, // U+013B
    { 19, 33, 320, 0, 25, 157, 6960 }, // U+013C
    { 15, 25, 320, 4, 25, 94, 7117 }, // U+013D
    { 19, 25, 320, 0, 25, 119, 7211 }, // U+013E
    { 15, 25, 320, 4, 25, 94, 7330 }, // U+013F
    { 21, 25, 320, 0, 25, 132, 7424 }, // U+0140
    { 19, 25, 320, 0, 25, 119, 7556 }, // U+0141
    { 19, 25, 320, 0, 25, 119, 7675 }, // U+0142
    { 15, 33, 320, 2, 33, 124, 7794 }, // U+0143
    { 14, 27, 320, 3, 27, 95, 7918 }, // U+0144
    { 15, 33, 320, 2, 25, 124, 8013 }, // U+0145
    { 14, 27, 320, 3, 19, 95, 8137 }, // U+0146
    { 15, 33, 320, 2, 33, 124, 8232 }, // U+0147
    { 14, 27, 320, 3, 27, 95, 8356 }, // U+0148
    { 18, 26, 320, -1, 26, 117, 8451 }, // U+0149
    { 15, 31, 320, 2, 25, 117, 8568 }, // U+014A
    { 14, 25, 320, 3, 19, 88, 8685 }, // U+014B
    { 15, 32, 320, 2, 32, 120, 8773 }, // U+014C
    { 16, 26, 320, 2, 26, 104, 8893 }, // U+014D
    { 15, 32, 320, 2, 32, 120, 8997 }, // U+014E
    { 16, 27, 320, 2, 27, 108, 9117 }, // U+014F
    { 16, 33, 320, 2, 33, 132, 9225 }, // U+0150
    { 16, 27, 320, 2, 27, 108, 9357 }, // U+0151
    { 18, 25, 320, 1, 25, 113, 9465 }, // U+0152
    { 18, 19, 320, 1, 19, 86, 9578 }, // U+0153
    { 15, 33, 320, 3, 33, 124, 9664 }, // U+0154
    { 15, 27, 320, 3, 27, 102, 9788 }, // U+0155
    { 15, 33, 320, 3, 25, 124, 9890 }, // U+0156
    { 17, 27, 320, 1, 19, 115, 10014 }, // U+0157
    { 15, 33, 320, 3, 33, 124, 10129 }, // U+0158
    { 15, 27, 320, 3, 27, 102, 10253 }, // U+0159
    { 16, 33, 320, 2, 33, 132, 10355 }, // U+015A
    { 15, 27, 320, 2, 27, 102, 10487 }, // U+015B
    { 16, 33, 320, 2, 33, 132, 10589 }, // U+015C
    { 15, 27, 320, 2, 27, 102, 10721 }, // U+015D
    { 16, 32, 320, 2, 25, 128, 10823 }, // U+015E
    { 15, 26, 320, 2, 19, 98, 10951 }, // U+015F
    { 16, 33, 320, 2, 33, 132, 11049 }, // U+0160
    { 15, 27, 320, 2, 27, 102, 11181 }, // U+0161
    { 17, 32, 320, 1, 25, 136, 11283 }, // U+0162
    { 17, 31, 320, 1, 24, 132, 11419 }, // U+0163
    { 17, 33, 320, 1, 33, 141, 11551 }, // U+0164
    { 17, 27, 320, 1, 27, 115, 11692 }, // U+0165
    { 17, 25, 320, 1, 25, 107, 11807 }, // U+0166
    { 17, 24, 320, 1, 24, 102, 11914 }, // U+0167
    { 15, 33, 320, 2, 33, 124, 12016 }, // U+0168
    { 15, 27, 320, 2, 27, 102, 12140 }, // U+0169
    { 15, 32, 320, 2, 32, 120, 12242 }, // U+016A
    { 15, 26, 320, 2, 26, 98, 12362 }, // U+016B
    { 15, 32, 320, 2, 32, 120, 12460 }, // U+016C
    { 15, 27, 320, 2, 27, 102, 12580 }, // U+016D
    { 15, 34, 320, 2, 34, 128, 12682 }, // U+016E
    { 15, 29, 320, 2, 29, 109, 12810 }, // U+016F
    { 16, 33, 320, 2, 33, 132, 12919 }, // U+0170
    { 16, 27, 320, 2, 27, 108, 13051 }, // U+0171
    { 15, 32, 320, 2, 25, 120, 13159 }, // U+0172
    { 15, 26, 320, 2, 19, 98, 13279 }, // U+0173
    { 20, 33, 320, 0, 33, 165, 13377 }, // U+0174
    { 18, 27, 320, 1, 27, 122, 13542 }, // U+0175
    { 18, 33, 320, 1, 33, 149, 13664 }, // U+0176
    { 18, 33, 320, 1, 27, 149, 13813 }, // U+0177
    { 18, 32, 320, 1, 32, 144, 13962 }, // U+0178
    { 15, 33, 320, 2, 33, 124, 14106 }, // U+0179
    { 15, 27, 320, 2, 27, 102, 14230 }, // U+017A
    { 15, 32, 320, 2, 32, 120, 14332 }, // U+017B
    { 15, 26, 320, 2, 26, 98, 14452 }, // U+017C
    { 15, 33, 320, 2, 33, 124, 14550 }, // U+017D
    { 15, 27, 320, 2, 27, 102, 14674 }, // U+017E
    { 12, 25, 320, 5, 25, 75, 14776 }, // U+017F
    { 16, 28, 320, 2, 28, 112, 0 }, // U+01A0
    { 16, 22, 320, 2, 22, 88, 112 }, // U+01A1
    { 18, 29, 320, 2, 29, 131, 200 }, // U+01AF
    { 18, 23, 320, 2, 23, 104, 331 }, // U+01B0
    { 18, 33, 320, 1, 33, 149, 435 }, // U+01CD
    { 15, 27, 320, 2, 27, 102, 584 }, // U+01CE
    { 17, 27, 320, 2, 27, 115, 686 }, // U+01D0
    { 16, 27, 320, 2, 27, 108, 801 }, // U+01D2
    { 15, 27, 320, 2, 27, 102, 909 }, // U+01D4
    { 15, 33, 320, 2, 33, 124, 1011 }, // U+01D6
    { 15, 34, 320, 2, 34, 128, 1135 }, // U+01D8
    { 15, 34, 320, 2, 34, 128, 1263 }, // U+01DA
    { 15, 34, 320, 2, 34, 128, 1391 }, // U+01DC
    { 16, 33, 320, 2, 33, 132, 1519 }, // U+01E6
    { 15, 33, 320, 2, 27, 124, 1651 }, // U+01E7
    { 15, 32, 320, 2, 25, 120, 1775 }, // U+01EA
    { 15, 26, 320, 2, 19, 98, 1895 }, // U+01EB
    { 16, 33, 320, 2, 33, 132, 1993 }, // U+01F4
    { 15, 33, 320, 2, 27, 124, 2125 }, // U+01F5
    { 19, 33, 320, 0, 33, 157, 2249 }, // U+01FC
    { 18, 27, 320, 1, 27, 122, 2406 }, // U+01FD
    { 18, 34, 320, 1, 33, 153, 2528 }, // U+01FE
    { 18, 28, 320, 1, 27, 126, 2681 }, // U+01FF
    { 16, 33, 320, 2, 25, 132, 2807 }, // U+0218
    { 15, 27, 320, 2, 19, 102, 2939 }, // U+0219
    { 17, 33, 320, 1, 25, 141, 3041 }, // U+021A
    { 17, 32, 320, 1, 24, 136, 3182 }, // U+021B
    { 8, 5, 0, -15, 27, 10, 0 }, // U+0300
    { 8, 5, 0, -13, 27, 10, 10 }, // U+0301
    { 13, 5, 0, -16, 27, 17, 20 }, // U+0302
    { 12, 5, 0, -16, 27, 15, 37 }, // U+0303
    { 12, 3, 0, -16, 26, 9, 52 }, // U+0304
    { 12, 5, 0, -16, 27, 15, 61 }, // U+0306
    { 6, 4, 0, -13, 26, 6, 76 }, // U+0307
    { 12, 4, 0, -16, 26, 12, 82 }, // U+0308
    { 7, 7, 0, -13, 29, 13, 94 }, // U+0309
    { 9, 8, 0, -14, 29, 18, 107 }, // U+030A
    { 13, 5, 0, -15, 27, 17, 125 }, // U+030B
    { 13, 5, 0, -16, 27, 17, 142 }, // U+030C
    { 14, 5, 0, -18, 27, 18, 159 }, // U+030F
    { 7, 8, 0, -13, 30, 14, 177 }, // U+0312
    { 5, 6, 0, -8, 22, 8, 191 }, // U+031B
    { 6, 4, 0, -13, -3, 6, 199 }, // U+0323
    { 9, 7, 0, -14, -1, 16, 205 }, // U+0325
    { 8, 5, 0, -14, -3, 10, 221 }, // U+0326
    { 8, 8, 0, -14, 1, 16, 231 }, // U+0327
    { 7, 7, 0, -14, 0, 13, 247 }, // U+0328
    { 22, 3, 0, -21, 13, 17, 260 }, // U+0336
    { 18, 21, 0, -19, 20, 95, 277 }, // U+0337
    { 14, 26, 0, -17, 22, 91, 372 }, // U+0338
    { 0, 0, 0, 0, 0, 0, 463 }, // U+034F
    { 15, 32, 320, 3, 32, 120, 0 }, // U+0401
    { 18, 31, 320, 0, 25, 140, 120 }, // U+0402
    { 15, 33, 320, 4, 33, 124, 260 }, // U+0403
    { 15, 25, 320, 3, 25, 94, 384 }, // U+0404
    { 16, 25, 320, 2, 25, 100, 478 }, // U+0405
    { 14, 25, 320, 3, 25, 88, 578 }, // U+0406
    { 14, 32, 320, 3, 32, 112, 666 }, // U+0407
    { 16, 25, 320, 1, 25, 100, 778 }, // U+0408
    { 21, 25, 320, -1, 25, 132, 878 }, // U+0409
    { 19, 25, 320, 1, 25, 119, 1010 }, // U+040A
    { 18, 25, 320, 0, 25, 113, 1129 }, // U+040B
    { 16, 33, 320, 3, 33, 132, 1242 }, // U+040C
    { 18, 32, 320, 1, 32, 144, 1374 }, // U+040E
    { 14, 29, 320, 3, 25, 102, 1518 }, // U+040F
    { 18, 25, 320, 1, 25, 113, 1620 }, // U+0410
    { 15, 25, 320, 3, 25, 94, 1733 }, // U+0411
    { 15, 25, 320, 3, 25, 94, 1827 }, // U+0412
    { 15, 25, 320, 4, 25, 94, 1921 }, // U+0413
    { 19, 30, 320, 0, 25, 143, 2015 }, // U+0414
    { 15, 25, 320, 3, 25, 94, 2158 }, // U+0415
    { 20, 25, 320, 0, 25, 125, 2252 }, // U+0416
    { 17, 25, 320, 1, 25, 107, 2377 }, // U+0417
    { 15, 25, 320, 2, 25, 94, 2484 }, // U+0418
    { 15, 32, 320, 2, 32, 120, 2578 }, // U+0419
    { 16, 25, 320, 3, 25, 100, 2698 }, // U+041A
    { 17, 25, 320, 0, 25, 107, 2798 }, // U+041B
    { 16, 25, 320, 2, 25, 100, 2905 }, // U+041C
    { 14, 25, 320, 3, 25, 88, 3005 }, // U+041D
    { 15, 25, 320, 2, 25, 94, 3093 }, // U+041E
    { 14, 25, 320, 3, 25, 88, 3187 }, // U+041F
    { 16, 25, 320, 3, 25, 100, 3275 }, // U+0420
    { 15, 25, 320, 3, 25, 94, 3375 }, // U+0421
    { 17, 25, 320, 1, 25, 107, 3469 }, // U+0422
    { 18, 25, 320, 1, 25, 113, 3576 }, // U+0423
    { 18, 28, 320, 1, 27, 126, 3689 }, // U+0424
    { 18, 25, 320, 1, 25, 113, 3815 }, // U+0425
    { 16, 30, 320, 3, 25, 120, 3928 }, // U+0426
    { 15, 25, 320, 2, 25, 94, 4048 }, // U+0427
    { 17, 25, 320, 1, 25, 107, 4142 }, // U+0428
    { 19, 30, 320, 1, 25, 143, 4249 }, // U+0429
    { 20, 25, 320, -1, 25, 125, 4392 }, // U+042A
    { 17, 25, 320, 1, 25, 107, 4517 }, // U+042B
    { 16, 25, 320, 3, 25, 100, 4624 }, // U+042C
    { 15, 25, 320, 2, 25, 94, 4724 }, // U+042D
    { 18, 25, 320, 1, 25, 113, 4818 }, // U+042E
    { 16, 25, 320, 1, 25, 100, 4931 }, // U+042F
    { 15, 19, 320, 2, 19, 72, 5031 }, // U+0430
    { 15, 26, 320, 2, 26, 98, 5103 }, // U+0431
    { 15, 19, 320, 3, 19, 72, 5201 }, // U+0432
    { 14, 19, 320, 4, 19, 67, 5273 }, // U+0433
    { 19, 24, 320, 0, 19, 114, 5340 }, // U+0434
    { 16, 19, 320, 2, 19, 76, 5454 }, // U+0435
    { 20, 19, 320, 0, 19, 95, 5530 }, // U+0436
    { 16, 19, 320, 2, 19, 76, 5625 }, // U+0437
    { 14, 19, 320, 3, 19, 67, 5701 }, // U+0438
    { 14, 27, 320, 3, 27, 95, 5768 }, // U+0439
    { 16, 19, 320, 3, 19, 76, 5863 }, // U+043A
    { 17, 19, 320, 0, 19, 81, 5939 }, // U+043B
    { 16, 19, 320, 2, 19, 76, 6020 }, // U+043C
    { 14, 19, 320, 3, 19, 67, 6096 }, // U+043D
    { 16, 19, 320, 2, 19, 76, 6163 }, // U+043E
    { 14, 19, 320, 3, 19, 67, 6239 }, // U+043F
    { 14, 25, 320, 3, 19, 88, 6306 }, // U+0440
    { 16, 19, 320, 2, 19, 76, 6394 }, // U+0441
    { 17, 19, 320, 1, 19, 81, 6470 }, // U+0442
    { 18, 25, 320, 1, 19, 113, 6551 }, // U+0443
    { 18, 31, 320, 1, 25, 140, 6664 }, // U+0444
    { 18, 19, 320, 1, 19, 86, 6804 }, // U+0445
    { 16, 24, 320, 3, 19, 96, 6890 }, // U+0446
    { 15, 19, 320, 2, 19, 72, 6986 }, // U+0447
    { 17, 19, 320, 1, 19, 81, 7058 }, // U+0448
    { 19, 24, 320, 1, 19, 114, 7139 }, // U+0449
    { 19, 19, 320, 0, 19, 91, 7253 }, // U+044A
    { 17, 19, 320, 1, 19, 81, 7344 }, // U+044B
    { 16, 19, 320, 3, 19, 76, 7425 }, // U+044C
    { 15, 19, 320, 2, 19, 72, 7501 }, // U+044D
    { 18, 19, 320, 1, 19, 86, 7573 }, // U+044E
    { 15, 19, 320, 2, 19, 72, 7659 }, // U+044F
    { 16, 26, 320, 2, 26, 104, 7731 }, // U+0451
    { 17, 31, 320, 0, 25, 132, 7835 }, // U+0452
    { 14, 27, 320, 4, 27, 95, 7967 }, // U+0453
    { 16, 19, 320, 2, 19, 76, 8062 }, // U+0454
    { 15, 19, 320, 2, 19, 72, 8138 }, // U+0455
    { 17, 26, 320, 2, 26, 111, 8210 }, // U+0456
    { 17, 26, 320, 2, 26, 111, 8321 }, // U+0457
    { 13, 32, 320, 2, 26, 104, 8432 }, // U+0458
    { 20, 19, 320, 0, 19, 95, 8536 }, // U+0459
    { 18, 19, 320, 2, 19, 86, 8631 }, // U+045A
    { 17, 25, 320, 0, 25, 107, 8717 }, // U+045B
    { 16, 27, 320, 3, 27, 108, 8824 }, // U+045C
    { 18, 33, 320, 1, 27, 149, 8932 }, // U+045E
    { 14, 23, 320, 3, 19, 81, 9081 }, // U+045F
    { 15, 28, 320, 4, 28, 105, 9162 }, // U+0490
    { 14, 22, 320, 4, 22, 77, 9267 }, // U+0491
    { 19, 25, 320, 0, 25, 119, 9344 }, // U+0492
    { 17, 19, 320, 1, 19, 81, 9463 }, // U+0493
    { 18, 30, 320, 2, 25, 135, 9544 }, // U+049A
    { 16, 24, 320, 3, 19, 96, 9679 }, // U+049B
    { 17, 30, 320, 2, 25, 128, 9775 }, // U+04A2
    { 16, 24, 320, 3, 19, 96, 9903 }, // U+04A3
    { 18, 25, 320, 1, 25, 113, 9999 }, // U+04AE
    { 17, 25, 320, 1, 19, 107, 10112 }, // U+04AF
    { 18, 25, 320, 1, 25, 113, 10219 }, // U+04B0
    { 17, 25, 320, 1, 19, 107, 10332 }, // U+04B1
    { 16, 30, 320, 2, 25, 120, 10439 }, // U+04B6
    { 16, 24, 320, 2, 19, 96, 10559 }, // U+04B7
    { 15, 25, 320, 3, 25, 94, 10655 }, // U+04BA
    { 15, 19, 320, 3, 19, 72, 10749 }, // U+04BB
    { 15, 25, 320, 2, 25, 94, 10821 }, // U+04D8
    { 16, 19, 320, 2, 19, 76, 10915 }, // U+04D9
    { 20, 32, 320, 0, 32, 160, 10991 }, // U+04DC
    { 20, 26, 320, 0, 26, 130, 11151 }, // U+04DD
    { 17, 32, 320, 1, 32, 136, 11281 }, // U+04DE
    { 16, 26, 320, 2, 26, 104, 11417 }, // U+04DF
    { 15, 32, 320, 2, 32, 120, 11521 }, // U+04E4
    { 14, 26, 320, 3, 26, 91, 11641 }, // U+04E5
    { 15, 32, 320, 2, 32, 120, 11732 }, // U+04E6
    { 16, 26, 320, 2, 26, 104, 11852 }, // U+04E7
    { 15, 25, 320, 2, 25, 94, 11956 }, // U+04E8
    { 15, 19, 320, 2, 19, 72, 12050 }, // U+04E9
    { 15, 32, 320, 2, 32, 120, 12122 }, // U+04F4
    { 15, 26, 320, 2, 26, 98, 12242 }, // U+04F5
    { 18, 32, 320, 1, 25, 144, 0 }, // U+1EA0
    { 15, 26, 320, 2, 19, 98, 144 }, // U+1EA1
    { 18, 34, 320, 1, 34, 153, 242 }, // U+1EA2
    { 15, 29, 320, 2, 29, 109, 395 }, // U+1EA3
    { 20, 34, 320, 1, 34, 170, 504 }, // U+1EA4
    { 19, 31, 320, 2, 31, 148, 674 }, // U+1EA5
    { 18, 34, 320, 1, 34, 153, 822 }, // U+1EA6
    { 17, 31, 320, 2, 31, 132, 975 }, // U+1EA7
    { 18, 35, 320, 1, 35, 158, 1107 }, // U+1EA8
    { 17, 33, 320, 2, 33, 141, 1265 }, // U+1EA9
    { 18, 34, 320, 1, 34, 153, 1406 }, // U+1EAA
    { 15, 32, 320, 2, 32, 120, 1559 }, // U+1EAB
    { 18, 40, 320, 1, 33, 180, 1679 }, // U+1EAC
    { 15, 34, 320, 2, 27, 128, 1859 }, // U+1EAD
    { 18, 34, 320, 1, 34, 153, 1987 }, // U+1EAE
    { 15, 31, 320, 2, 31, 117, 2140 }, // U+1EAF
    { 18, 34, 320, 1, 34, 153, 2257 }, // U+1EB0
    { 15, 31, 320, 2, 31, 117, 2410 }, // U+1EB1
    { 18, 35, 320, 1, 35, 158, 2527 }, // U+1EB2
    { 15, 32, 320, 2, 32, 120, 2685 }, // U+1EB3
    { 18, 34, 320, 1, 34, 153, 2805 }, // U+1EB4
    { 15, 32, 320, 2, 32, 120, 2958 }, // U+1EB5
    { 18, 39, 320, 1, 32, 176, 3078 }, // U+1EB6
    { 15, 34, 320, 2, 27, 128, 3254 }, // U+1EB7
    { 15, 32, 320, 3, 25, 120, 3382 }, // U+1EB8
    { 16, 26, 320, 2, 19, 104, 3502 }, // U+1EB9
    { 15, 34, 320, 3, 34, 128, 3606 }, // U+1EBA
    { 16, 29, 320, 2, 29, 116, 3734 }, // U+1EBB
    { 15, 33, 320, 3, 33, 124, 3850 }, // U+1EBC
    { 16, 27, 320, 2, 27, 108, 3974 }, // U+1EBD
    { 18, 34, 320, 3, 34, 153, 4082 }, // U+1EBE
    { 19, 31, 320, 2, 31, 148, 4235 }, // U+1EBF
    { 16, 34, 320, 3, 34, 136, 4383 }, // U+1EC0
    { 16, 31, 320, 2, 31, 124, 4519 }, // U+1EC1
    { 16, 35, 320, 3, 35, 140, 4643 }, // U+1EC2
    { 17, 33, 320, 2, 33, 141, 4783 }, // U+1EC3
    { 15, 34, 320, 3, 34, 128, 4924 }, // U+1EC4
    { 16, 32, 320, 2, 32, 128, 5052 }, // U+1EC5
    { 15, 40, 320, 3, 33, 150, 5180 }, // U+1EC6
    { 16, 34, 320, 2, 27, 136, 5330 }, // U+1EC7
    { 14, 34, 320, 3, 34, 119, 5466 }, // U+1EC8
    { 17, 29, 320, 2, 29, 124, 5585 }, // U+1EC9
    { 14, 32, 320, 3, 25, 112, 5709 }, // U+1ECA
    { 17, 33, 320, 2, 26, 141, 5821 }, // U+1ECB
    { 15, 32, 320, 2, 25, 120, 5962 }, // U+1ECC
    { 16, 26, 320, 2, 19, 104, 6082 }, // U+1ECD
    { 15, 34, 320, 2, 34, 128, 6186 }, // U+1ECE
    { 16, 29, 320, 2, 29, 116, 6314 }, // U+1ECF
    { 19, 34, 320, 2, 34, 162, 6430 }, // U+1ED0
    { 19, 31, 320, 2, 31, 148, 6592 }, // U+1ED1
    { 16, 34, 320, 2, 34, 136, 6740 }, // U+1ED2
    { 16, 31, 320, 2, 31, 124, 6876 }, // U+1ED3
    { 17, 35, 320, 2, 35, 149, 7000 }, // U+1ED4
    { 17, 33, 320, 2, 33, 141, 7149 }, // U+1ED5
    { 15, 34, 320, 2, 34, 128, 7290 }, // U+1ED6
    { 16, 32, 320, 2, 32, 128, 7418 }, // U+1ED7
    { 15, 40, 320, 2, 33, 150, 7546 }, // U+1ED8
    { 16, 34, 320, 2, 27, 136, 7696 }, // U+1ED9
    { 16, 33, 320, 2, 33, 132, 7832 }, // U+1EDA
    { 16, 27, 320, 2, 27, 108, 7964 }, // U+1EDB
    { 16, 33, 320, 2, 33, 132, 8072 }, // U+1EDC
    { 16, 27, 320, 2, 27, 108, 8204 }, // U+1EDD
    { 16, 34, 320, 2, 34, 136, 8312 }, // U+1EDE
    { 16, 29, 320, 2, 29, 116, 8448 }, // U+1EDF
    { 16, 33, 320, 2, 33, 132, 8564 }, // U+1EE0
    { 16, 27, 320, 2, 27, 108, 8696 }, // U+1EE1
    { 16, 35, 320, 2, 28, 140, 8804 }, // U+1EE2
    { 16, 29, 320, 2, 22, 116, 8944 }, // U+1EE3
    { 15, 32, 320, 2, 25, 120, 9060 }, // U+1EE4
    { 15, 26, 320, 2, 19, 98, 9180 }, // U+1EE5
    { 15, 34, 320, 2, 34, 128, 9278 }, // U+1EE6
    { 15, 29, 320, 2, 29, 109, 9406 }, // U+1EE7
    { 18, 33, 320, 2, 33, 149, 9515 }, // U+1EE8
    { 18, 27, 320, 2, 27, 122, 9664 }, // U+1EE9
    { 18, 33, 320, 2, 33, 149, 9786 }, // U+1EEA
    { 18, 27, 320, 2, 27, 122, 9935 }, // U+1EEB
    { 18, 34, 320, 2, 34, 153, 10057 }, // U+1EEC
    { 18, 29, 320, 2, 29, 131, 10210 }, // U+1EED
    { 18, 33, 320, 2, 33, 149, 10341 }, // U+1EEE
    { 18, 27, 320, 2, 27, 122, 10490 }, // U+1EEF
    { 18, 36, 320, 2, 29, 162, 10612 }, // U+1EF0
    { 18, 30, 320, 2, 23, 135, 10774 }, // U+1EF1
    { 18, 33, 320, 1, 33, 149, 10909 }, // U+1EF2
    { 18, 33, 320, 1, 27, 149, 11058 }, // U+1EF3
    { 18, 32, 320, 1, 25, 144, 11207 }, // U+1EF4
    { 18, 26, 320, 1, 19, 117, 11351 }, // U+1EF5
    { 18, 34, 320, 1, 34, 153, 11468 }, // U+1EF6
    { 18, 35, 320, 1, 29, 158, 11621 }, // U+1EF7
    { 18, 33, 320, 1, 33, 149, 11779 }, // U+1EF8
    { 18, 33, 320, 1, 27, 149, 11928 }, // U+1EF9
    { 0, 0, 320, 0, 0, 0, 0 }, // U+2001
    { 0, 0, 0, 0, 0, 0, 0 }, // U+200B
    { 0, 0, 0, 0, 0, 0, 0 }, // U+200C
    { 0, 0, 0, 0, 0, 0, 0 }, // U+200D
    { 0, 0, 0, 0, 0, 0, 0 }, // U+200E
    { 0, 0, 0, 0, 0, 0, 0 }, // U+200F
    { 12, 3, 320, 4, 13, 9, 0 }, // U+2010
    { 16, 3, 320, 2, 13, 12, 9 }, // U+2013
    { 20, 3, 320, 0, 13, 15, 21 }, // U+2014
    { 12, 32, 320, 4, 28, 96, 36 }, // U+2016
    { 7, 10, 320, 6, 25, 18, 132 }, // U+2018
    { 6, 10, 320, 7, 24, 15, 150 }, // U+2019
    { 6, 10, 320, 7, 5, 15, 165 }, // U+201A
    { 7, 10, 320, 6, 25, 18, 180 }, // U+201B
    { 14, 10, 320, 3, 25, 35, 198 }, // U+201C
    { 14, 10, 320, 3, 25, 35, 233 }, // U+201D
    { 15, 10, 320, 3, 5, 38, 268 }, // U+201E
    { 14, 10, 320, 3, 25, 35, 306 }, // U+201F
    { 16, 33, 320, 2, 29, 132, 341 }, // U+2020
    { 16, 33, 320, 2, 29, 132, 473 }, // U+2021
    { 9, 8, 320, 5, 16, 18, 605 }, // U+2022
    { 6, 5, 320, 7, 5, 8, 623 }, // U+2024
    { 17, 6, 320, 1, 6, 26, 631 }, // U+2026
    { 0, 0, 0, 0, 0, 0, 657 }, // U+202A
    { 0, 0, 0, 0, 0, 0, 657 }, // U+202B
    { 0, 0, 0, 0, 0, 0, 657 }, // U+202C
    { 0, 0, 0, 0, 0, 0, 657 }, // U+202D
    { 0, 0, 0, 0, 0, 0, 657 }, // U+202E
    { 22, 25, 320, -1, 25, 138, 657 }, // U+2030
    { 7, 10, 320, 6, 24, 18, 795 }, // U+2032
    { 14, 10, 320, 3, 24, 35, 813 }, // U+2033
    { 20, 10, 320, 0, 24, 50, 848 }, // U+2034
    { 11, 16, 320, 4, 17, 44, 898 }, // U+2039
    { 11, 16, 320, 4, 17, 44, 942 }, // U+203A
    { 14, 25, 320, 3, 25, 88, 986 }, // U+203C
    { 13, 25, 320, 4, 25, 82, 1074 }, // U+203D
    { 22, 3, 320, -1, 28, 17, 1156 }, // U+203E
    { 20, 6, 320, 0, 0, 30, 1173 }, // U+203F
    { 20, 25, 320, 0, 25, 125, 1203 }, // U+2044
    { 9, 32, 320, 6, 28, 72, 1328 }, // U+2045
    { 10, 32, 320, 4, 28, 80, 1400 }, // U+2046
    { 0, 0, 0, 0, 0, 0, 1480 }, // U+2060
    { 0, 0, 0, 0, 0, 0, 1480 }, // U+2061
    { 0, 0, 0, 0, 0, 0, 1480 }, // U+2062
    { 0, 0, 0, 0, 0, 0, 1480 }, // U+2063
    { 0, 0, 0, 0, 0, 0, 1480 }, // U+2064
    { 0, 0, 0, 0, 0, 0, 1480 }, // U+2066
    { 0, 0, 0, 0, 0, 0, 1480 }, // U+2067
    { 0, 0, 0, 0, 0, 0, 1480 }, // U+2068
    { 0, 0, 0, 0, 0, 0, 1480 }, // U+2069
    { 0, 0, 0, 0, 0, 0, 1480 }, // U+206A
    { 0, 0, 0, 0, 0, 0, 1480 }, // U+206B
    { 0, 0, 0, 0, 0, 0, 1480 }, // U+206C
    { 0, 0, 0, 0, 0, 0, 1480 }, // U+206D
    { 0, 0, 0, 0, 0, 0, 1480 }, // U+206E
    { 0, 0, 0, 0, 0, 0, 1480 }, // U+206F
    { 12, 14, 320, 4, 27, 42, 0 }, // U+2070
    { 11, 14, 320, 4, 27, 39, 42 }, // U+2074
    { 12, 14, 320, 4, 27, 42, 81 }, // U+2075
    { 12, 14, 320, 4, 27, 42, 123 }, // U+2076
    { 12, 14, 320, 4, 27, 42, 165 }, // U+2077
    { 12, 14, 320, 4, 27, 42, 207 }, // U+2078
    { 12, 14, 320, 4, 27, 42, 249 }, // U+2079
    { 10, 9, 320, 5, 19, 23, 291 }, // U+207A
    { 11, 7, 320, 4, 22, 20, 314 }, // U+207C
    { 12, 14, 320, 4, 10, 42, 334 }, // U+2080
    { 12, 14, 320, 4, 10, 42, 376 }, // U+2081
    { 12, 14, 320, 4, 10, 42, 418 }, // U+2082
    { 12, 14, 320, 4, 10, 42, 460 }, // U+2083
    { 11, 14, 320, 4, 10, 39, 502 }, // U+2084
    { 12, 14, 320, 4, 10, 42, 541 }, // U+2085
    { 12, 14, 320, 4, 10, 42, 583 }, // U+2086
    { 12, 14, 320, 4, 10, 42, 625 }, // U+2087
    { 12, 14, 320, 4, 10, 42, 667 }, // U+2088
    { 12, 14, 320, 4, 10, 42, 709 }, // U+2089
    { 18, 28, 320, 2, 25, 126, 0 }, // U+20AB
    { 18, 25, 320, 0, 25, 113, 126 }, // U+20AC
    { 18, 25, 320, 1, 25, 113, 239 }, // U+20AE
    { 18, 25, 320, 1, 25, 113, 352 }, // U+20B4
    { 19, 25, 320, 0, 25, 119, 465 }, // U+20BD
    { 15, 35, 320, 3, 30, 132, 584 }, // U+20BF
    { 20, 19, 320, 0, 21, 95, 0 }, // U+2190
    { 18, 25, 320, 1, 25, 113, 95 }, // U+2191
    { 20, 19, 320, 0, 21, 95, 208 }, // U+2192
    { 18, 25, 320, 1, 24, 113, 303 }, // U+2193
    { 26, 19, 320, -3, 21, 124, 416 }, // U+2194
    { 18, 36, 320, 1, 30, 162, 540 }, // U+2195
    { 18, 17, 320, 1, 25, 77, 702 }, // U+2196
    { 17, 17, 320, 1, 25, 73, 779 }, // U+2197
    { 17, 17, 320, 1, 17, 73, 852 }, // U+2198
    { 18, 17, 320, 1, 17, 77, 925 }, // U+2199
    { 20, 10, 320, 0, 15, 50, 1002 }, // U+219D
    { 20, 13, 320, 0, 16, 65, 1052 }, // U+219E
    { 20, 13, 320, 0, 16, 65, 1117 }, // U+21A0
    { 20, 13, 320, 0, 16, 65, 1182 }, // U+21A2
    { 20, 13, 320, 0, 16, 65, 1247 }, // U+21A3
    { 14, 18, 320, 3, 18, 63, 1312 }, // U+21A5
    { 20, 13, 320, 0, 16, 65, 1375 }, // U+21A6
    { 14, 19, 320, 3, 19, 67, 1440 }, // U+21A7
    { 20, 21, 320, 0, 24, 105, 1507 }, // U+21A9
    { 20, 21, 320, 0, 24, 105, 1612 }, // U+21AA
    { 20, 12, 320, 0, 15, 60, 1717 }, // U+21AD
    { 9, 34, 320, 8, 28, 77, 1777 }, // U+21BE
    { 20, 21, 320, 0, 20, 105, 1854 }, // U+21C9
    { 20, 20, 320, 0, 21, 100, 1959 }, // U+21D0
    { 22, 34, 320, -1, 28, 187, 2059 }, // U+21D1
    { 20, 20, 320, 0, 21, 100, 2246 }, // U+21D2
    { 22, 34, 320, -1, 27, 187, 2346 }, // U+21D3
    { 26, 20, 320, -3, 21, 130, 2533 }, // U+21D4
    { 20, 20, 320, 0, 21, 100, 2663 }, // U+21DB
    { 14, 26, 320, 3, 26, 91, 2763 }, // U+21DE
    { 14, 26, 320, 3, 25, 91, 2854 }, // U+21DF
    { 20, 14, 320, 0, 18, 70, 2945 }, // U+21E5
    { 20, 27, 320, 0, 26, 135, 3015 }, // U+21E7
    { 20, 20, 320, 0, 21, 100, 3150 }, // U+21E8
    { 20, 27, 320, 0, 26, 135, 3250 }, // U+21EA
    { 18, 24, 320, 1, 24, 108, 0 }, // U+2200
    { 11, 19, 320, 5, 19, 53, 108 }, // U+2201
    { 15, 25, 320, 2, 25, 94, 161 }, // U+2202
    { 15, 24, 320, 2, 24, 90, 255 }, // U+2203
    { 15, 32, 320, 2, 28, 120, 345 }, // U+2204
    { 22, 25, 320, -1, 25, 138, 465 }, // U+2205
    { 18, 25, 320, 1, 25, 113, 603 }, // U+2206
    { 18, 25, 320, 1, 24, 113, 716 }, // U+2207
    { 18, 19, 320, 1, 21, 86, 829 }, // U+2208
    { 18, 29, 320, 1, 26, 131, 915 }, // U+2209
    { 10, 11, 320, 5, 16, 28, 1046 }, // U+220A
    { 18, 19, 320, 1, 21, 86, 1074 }, // U+220B
    { 18, 29, 320, 1, 26, 131, 1160 }, // U+220C
    { 13, 17, 320, 3, 17, 56, 1291 }, // U+220E
    { 18, 31, 320, 1, 24, 140, 1347 }, // U+220F
    { 18, 30, 320, 1, 24, 135, 1487 }, // U+2210
    { 17, 30, 320, 1, 24, 128, 1622 }, // U+2211
    { 12, 3, 320, 4, 13, 9, 1750 }, // U+2212
    { 16, 20, 320, 2, 19, 80, 1759 }, // U+2213
    { 20, 25, 320, 0, 25, 125, 1839 }, // U+2215
    { 9, 9, 320, 5, 15, 21, 1964 }, // U+2218
    { 6, 5, 320, 7, 13, 8, 1985 }, // U+2219
    { 20, 24, 320, 0, 24, 120, 1993 }, // U+221A
    { 18, 11, 320, 1, 16, 50, 2113 }, // U+221E
    { 4, 24, 320, 8, 24, 24, 2163 }, // U+2223
    { 12, 24, 320, 4, 24, 72, 2187 }, // U+2224
    { 10, 24, 320, 5, 24, 60, 2259 }, // U+2225
    { 17, 17, 320, 1, 19, 73, 2319 }, // U+2227
    { 17, 17, 320, 1, 19, 73, 2392 }, // U+2228
    { 18, 25, 320, 1, 24, 113, 2465 }, // U+2229
    { 18, 24, 320, 1, 24, 108, 2578 }, // U+222A
    { 18, 30, 320, 0, 24, 135, 2686 }, // U+222B
    { 19, 19, 320, 0, 19, 91, 2821 }, // U+2234
    { 19, 19, 320, 0, 19, 91, 2912 }, // U+2235
    { 6, 19, 320, 7, 19, 29, 3003 }, // U+2236
    { 17, 17, 320, 1, 17, 73, 3032 }, // U+2237
    { 12, 11, 320, 4, 17, 33, 3105 }, // U+2238
    { 20, 15, 320, 0, 18, 75, 3138 }, // U+2239
    { 16, 7, 320, 2, 15, 28, 3213 }, // U+223C
    { 18, 10, 320, 1, 16, 45, 3241 }, // U+223E
    { 16, 13, 320, 2, 19, 52, 3286 }, // U+2243
    { 16, 20, 320, 2, 23, 80, 3338 }, // U+2245
    { 16, 29, 320, 2, 26, 116, 3418 }, // U+2247
    { 16, 15, 320, 2, 18, 60, 3534 }, // U+2248
    { 16, 29, 320, 2, 26, 116, 3594 }, // U+2249
    { 16, 20, 320, 2, 21, 80, 3710 }, // U+224B
    { 18, 14, 320, 1, 18, 63, 3790 }, // U+224D
    { 20, 16, 320, 0, 19, 80, 3853 }, // U+2254
    { 15, 21, 320, 2, 24, 79, 3933 }, // U+2257
    { 15, 24, 320, 2, 27, 90, 4012 }, // U+225F
    { 15, 28, 320, 2, 26, 105, 4102 }, // U+2260
    { 15, 17, 320, 2, 20, 64, 4207 }, // U+2261
    { 15, 27, 320, 2, 25, 102, 4271 }, // U+2262
    { 15, 16, 320, 2, 19, 60, 4373 }, // U+2263
    { 15, 24, 320, 2, 24, 90, 4433 }, // U+2264
    { 15, 24, 320, 2, 24, 90, 4523 }, // U+2265
    { 20, 18, 320, 0, 20, 90, 4613 }, // U+226A
    { 20, 18, 320, 0, 20, 90, 4703 }, // U+226B
    { 10, 22, 320, 5, 20, 55, 4793 }, // U+226C
    { 18, 22, 320, 1, 22, 99, 4848 }, // U+226D
    { 15, 27, 320, 2, 25, 102, 4947 }, // U+226E
    { 15, 27, 320, 2, 25, 102, 5049 }, // U+226F
    { 15, 30, 320, 2, 26, 113, 5151 }, // U+2270
    { 15, 30, 320, 2, 26, 113, 5264 }, // U+2271
    { 16, 24, 320, 2, 24, 96, 5377 }, // U+2272
    { 16, 24, 320, 2, 24, 96, 5473 }, // U+2273
    { 17, 19, 320, 1, 20, 81, 5569 }, // U+227A
    { 16, 19, 320, 2, 20, 76, 5650 }, // U+227B
    { 17, 24, 320, 1, 24, 102, 5726 }, // U+227C
    { 18, 16, 320, 1, 20, 72, 5828 }, // U+2282
    { 19, 16, 320, 0, 20, 76, 5900 }, // U+2283
    { 18, 28, 320, 1, 26, 126, 5976 }, // U+2284
    { 19, 28, 320, 0, 26, 133, 6102 }, // U+2285
    { 18, 23, 320, 1, 23, 104, 6235 }, // U+2286
    { 19, 23, 320, 0, 23, 110, 6339 }, // U+2287
    { 18, 32, 320, 1, 28, 144, 6449 }, // U+2288
    { 19, 32, 320, 0, 28, 152, 6593 }, // U+2289
    { 16, 25, 320, 2, 24, 100, 6745 }, // U+228E
    { 18, 16, 320, 1, 19, 72, 6845 }, // U+228F
    { 19, 16, 320, 0, 19, 76, 6917 }, // U+2290
    { 18, 23, 320, 1, 23, 104, 6993 }, // U+2291
    { 19, 23, 320, 0, 23, 110, 7097 }, // U+2292
    { 17, 18, 320, 1, 18, 77, 7207 }, // U+2293
    { 17, 18, 320, 1, 18, 77, 7284 }, // U+2294
    { 22, 21, 320, -1, 22, 116, 7361 }, // U+2295
    { 22, 21, 320, -1, 22, 116, 7477 }, // U+2296
    { 22, 21, 320, -1, 22, 116, 7593 }, // U+2297
    { 22, 21, 320, -1, 22, 116, 7709 }, // U+2298
    { 22, 21, 320, -1, 21, 116, 7825 }, // U+2299
    { 22, 21, 320, -1, 22, 116, 7941 }, // U+229B
    { 22, 21, 320, -1, 22, 116, 8057 }, // U+229C
    { 22, 21, 320, -1, 22, 116, 8173 }, // U+229D
    { 20, 20, 320, 0, 21, 100, 8289 }, // U+229E
    { 20, 20, 320, 0, 21, 100, 8389 }, // U+229F
    { 20, 20, 320, 0, 21, 100, 8489 }, // U+22A0
    { 20, 20, 320, 0, 21, 100, 8589 }, // U+22A1
    { 20, 20, 320, 0, 20, 100, 8689 }, // U+22A2
    { 20, 20, 320, 0, 20, 100, 8789 }, // U+22A3
    { 20, 20, 320, 0, 20, 100, 8889 }, // U+22A4
    { 20, 20, 320, 0, 20, 100, 8989 }, // U+22A5
    { 15, 24, 320, 2, 24, 90, 9089 }, // U+22B4
    { 20, 7, 320, 0, 14, 35, 9179 }, // U+22B8
    { 17, 23, 320, 1, 23, 98, 9214 }, // U+22BB
    { 18, 23, 320, 1, 25, 104, 9312 }, // U+22BC
    { 18, 23, 320, 1, 25, 104, 9416 }, // U+22BD
    { 18, 25, 320, 1, 24, 113, 9520 }, // U+22C2
    { 18, 24, 320, 1, 24, 108, 9633 }, // U+22C3
    { 10, 10, 320, 5, 16, 25, 9741 }, // U+22C4
    { 9, 10, 320, 5, 16, 23, 9766 }, // U+22C6
    { 20, 22, 320, 0, 23, 110, 9789 }, // U+22C8
    { 20, 22, 320, 0, 23, 110, 9899 }, // U+22C9
    { 20, 22, 320, 0, 23, 110, 10009 }, // U+22CA
    { 19, 19, 320, 0, 19, 91, 10119 }, // U+22CE
    { 18, 19, 320, 1, 21, 86, 10210 }, // U+22D0
    { 18, 32, 320, 1, 28, 144, 10296 }, // U+22E2
    { 6, 21, 320, 7, 22, 32, 10440 }, // U+22EE
    { 22, 5, 320, -1, 14, 28, 10472 }, // U+22EF
    { 22, 21, 320, -1, 22, 116, 10500 }, // U+22F0
    { 22, 21, 320, -1, 22, 116, 10616 }, // U+22F1
    { 22, 3, 320, -1, 14, 17, 0 }, // U+2500
    { 22, 7, 320, -1, 16, 39, 17 }, // U+2501
    { 4, 50, 320, 8, 37, 50, 56 }, // U+2502
    { 8, 50, 320, 6, 37, 100, 106 }, // U+2503
    { 18, 3, 320, 1, 14, 14, 206 }, // U+2504
    { 18, 7, 320, 1, 16, 32, 220 }, // U+2505
    { 4, 38, 320, 8, 31, 38, 252 }, // U+2506
    { 8, 38, 320, 6, 31, 76, 290 }, // U+2507
    { 19, 3, 320, 0, 14, 15, 366 }, // U+2508
    { 19, 7, 320, 0, 16, 34, 381 }, // U+2509
    { 4, 38, 320, 8, 32, 38, 415 }, // U+250A
    { 8, 38, 320, 6, 32, 76, 453 }, // U+250B
    { 13, 28, 320, 8, 15, 91, 529 }, // U+250C
    { 13, 29, 320, 8, 16, 95, 620 }, // U+250D
    { 15, 28, 320, 6, 15, 105, 715 }, // U+250E
    { 15, 29, 320, 6, 16, 109, 820 }, // U+250F
    { 13, 28, 320, -1, 15, 91, 929 }, // U+2510
    { 13, 29, 320, -1, 16, 95, 1020 }, // U+2511
    { 15, 28, 320, -1, 15, 105, 1115 }, // U+2512
    { 15, 29, 320, -1, 16, 109, 1220 }, // U+2513
    { 13, 27, 320, 8, 38, 88, 1329 }, // U+2514
    { 13, 28, 320, 8, 37, 91, 1417 }, // U+2515
    { 15, 27, 320, 6, 38, 102, 1508 }, // U+2516
    { 15, 28, 320, 6, 37, 105, 1610 }, // U+2517
    { 13, 27, 320, -1, 38, 88, 1715 }, // U+2518
    { 13, 28, 320, -1, 37, 91, 1803 }, // U+2519
    { 15, 27, 320, -1, 38, 102, 1894 }, // U+251A
    { 15, 28, 320, -1, 37, 105, 1996 }, // U+251B
    { 13, 51, 320, 8, 38, 166, 2101 }, // U+251C
    { 13, 50, 320, 8, 37, 163, 2267 }, // U+251D
    { 15, 51, 320, 6, 38, 192, 2430 }, // U+251E
    { 15, 51, 320, 6, 38, 192, 2622 }, // U+251F
    { 15, 51, 320, 6, 38, 192, 2814 }, // U+2520
    { 15, 50, 320, 6, 37, 188, 3006 }, // U+2521
    { 15, 50, 320, 6, 37, 188, 3194 }, // U+2522
    { 15, 50, 320, 6, 37, 188, 3382 }, // U+2523
    { 13, 51, 320, -1, 38, 166, 3570 }, // U+2524
    { 13, 50, 320, -1, 37, 163, 3736 }, // U+2525
    { 15, 51, 320, -1, 38, 192, 3899 }, // U+2526
    { 15, 47, 320, -1, 34, 177, 4091 }, // U+2527
    { 15, 51, 320, -1, 38, 192, 4268 }, // U+2528
    { 15, 50, 320, -1, 37, 188, 4460 }, // U+2529
    { 15, 50, 320, -1, 37, 188, 4648 }, // U+252A
    { 15, 50, 320, -1, 37, 188, 4836 }, // U+252B
    { 22, 28, 320, -1, 15, 154, 5024 }, // U+252C
    { 22, 29, 320, -1, 16, 160, 5178 }, // U+252D
    { 22, 29, 320, -1, 16, 160, 5338 }, // U+252E
    { 22, 29, 320, -1, 16, 160, 5498 }, // U+252F
    { 22, 28, 320, -1, 15, 154, 5658 }, // U+2530
    { 22, 29, 320, -1, 16, 160, 5812 }, // U+2531
    { 22, 29, 320, -1, 16, 160, 5972 }, // U+2532
    { 22, 29, 320, -1, 16, 160, 6132 }, // U+2533
    { 22, 27, 320, -1, 38, 149, 6292 }, // U+2534
    { 22, 28, 320, -1, 37, 154, 6441 }, // U+2535
    { 22, 28, 320, -1, 37, 154, 6595 }, // U+2536
    { 22, 28, 320, -1, 37, 154, 6749 }, // U+2537
    { 22, 27, 320, -1, 38, 149, 6903 }, // U+2538
    { 22, 28, 320, -1, 37, 154, 7052 }, // U+2539
    { 22, 28, 320, -1, 37, 154, 7206 }, // U+253A
    { 22, 28, 320, -1, 37, 154, 7360 }, // U+253B
    { 22, 51, 320, -1, 38, 281, 7514 }, // U+253C
    { 22, 50, 320, -1, 37, 275, 7795 }, // U+253D
    { 22, 50, 320, -1, 37, 275, 8070 }, // U+253E
    { 22, 50, 320, -1, 37, 275, 8345 }, // U+253F
    { 22, 51, 320, -1, 38, 281, 8620 }, // U+2540
    { 22, 51, 320, -1, 38, 281, 8901 }, // U+2541
    { 22, 51, 320, -1, 38, 281, 9182 }, // U+2542
    { 22, 50, 320, -1, 37, 275, 9463 }, // U+2543
    { 22, 50, 320, -1, 37, 275, 9738 }, // U+2544
    { 22, 50, 320, -1, 37, 275, 10013 }, // U+2545
    { 22, 50, 320, -1, 37, 275, 10288 }, // U+2546
    { 22, 50, 320, -1, 37, 275, 10563 }, // U+2547
    { 22, 50, 320, -1, 37, 275, 10838 }, // U+2548
    { 22, 50, 320, -1, 37, 275, 11113 }, // U+2549
    { 22, 50, 320, -1, 37, 275, 11388 }, // U+254A
    { 22, 50, 320, -1, 37, 275, 11663 }, // U+254B
    { 16, 3, 320, 2, 14, 12, 11938 }, // U+254C
    { 16, 7, 320, 2, 16, 28, 11950 }, // U+254D
    { 4, 35, 320, 8, 30, 35, 11978 }, // U+254E
    { 8, 34, 320, 6, 29, 68, 12013 }, // U+254F
    { 22, 10, 320, -1, 17, 55, 12081 }, // U+2550
    { 11, 50, 320, 4, 37, 138, 12136 }, // U+2551
    { 13, 31, 320, 8, 17, 101, 12274 }, // U+2552
    { 17, 28, 320, 4, 15, 119, 12375 }, // U+2553
    { 17, 31, 320, 4, 17, 132, 12494 }, // U+2554
    { 13, 31, 320, -1, 17, 101, 12626 }, // U+2555
    { 16, 28, 320, -1, 15, 112, 12727 }, // U+2556
    { 16, 31, 320, -1, 17, 124, 12839 }, // U+2557
    { 13, 30, 320, 8, 37, 98, 12963 }, // U+2558
    { 17, 27, 320, 4, 38, 115, 13061 }, // U+2559
    { 17, 30, 320, 4, 37, 128, 13176 }, // U+255A
    { 13, 30, 320, -1, 37, 98, 13304 }, // U+255B
    { 16, 27, 320, -1, 38, 108, 13402 }, // U+255C
    { 16, 30, 320, -1, 37, 120, 13510 }, // U+255D
    { 13, 51, 320, 8, 37, 166, 13630 }, // U+255E
    { 17, 51, 320, 4, 38, 217, 13796 }, // U+255F
    { 17, 51, 320, 4, 37, 217, 14013 }, // U+2560
    { 13, 51, 320, -1, 37, 166, 14230 }, // U+2561
    { 16, 51, 320, -1, 38, 204, 14396 }, // U+2562
    { 16, 51, 320, -1, 37, 204, 14600 }, // U+2563
    { 22, 31, 320, -1, 17, 171, 14804 }, // U+2564
    { 22, 28, 320, -1, 15, 154, 14975 }, // U+2565
    { 22, 31, 320, -1, 17, 171, 15129 }, // U+2566
    { 22, 30, 320, -1, 37, 165, 15300 }, // U+2567
    { 22, 27, 320, -1, 38, 149, 15465 }, // U+2568
    { 22, 30, 320, -1, 37, 165, 15614 }, // U+2569
    { 22, 51, 320, -1, 37, 281, 15779 }, // U+256A
    { 22, 51, 320, -1, 38, 281, 16060 }, // U+256B
    { 22, 51, 320, -1, 37, 281, 16341 }, // U+256C
    { 13, 28, 320, 8, 15, 91, 16622 }, // U+256D
    { 13, 28, 320, -1, 15, 91, 16713 }, // U+256E
    { 13, 27, 320, -1, 38, 88, 16804 }, // U+256F
    { 13, 27, 320, 8, 38, 88, 16892 }, // U+2570
    { 22, 35, 320, -1, 30, 193, 16980 }, // U+2571
    { 22, 35, 320, -1, 30, 193, 17173 }, // U+2572
    { 22, 35, 320, -1, 30, 193, 17366 }, // U+2573
    { 13, 3, 320, -1, 14, 10, 17559 }, // U+2574
    { 4, 27, 320, 8, 38, 27, 17569 }, // U+2575
    { 13, 3, 320, 8, 14, 10, 17596 }, // U+2576
    { 4, 27, 320, 8, 14, 27, 17606 }, // U+2577
    { 13, 7, 320, -1, 16, 23, 17633 }, // U+2578
    { 8, 27, 320, 6, 38, 54, 17656 }, // U+2579
    { 13, 7, 320, 8, 16, 23, 17710 }, // U+257A
    { 8, 27, 320, 6, 14, 54, 17733 }, // U+257B
    { 22, 7, 320, -1, 16, 39, 17787 }, // U+257C
    { 8, 50, 320, 6, 37, 100, 17826 }, // U+257D
    { 22, 7, 320, -1, 16, 39, 17926 }, // U+257E
    { 8, 50, 320, 6, 37, 100, 17965 }, // U+257F
    { 22, 25, 320, -1, 25, 138, 0 }, // U+FFFD
};

static const EpdUnicodeInterval jetbrainsmono_16_regularIntervals[] = {
    { 0x0, 0x131, 0x0 },
    { 0x134, 0x17F, 0x132 },
    { 0x1A0, 0x1A1, 0x17E },
    { 0x1AF, 0x1B0, 0x180 },
    { 0x1CD, 0x1CE, 0x182 },
    { 0x1D0, 0x1D0, 0x184 },
    { 0x1D2, 0x1D2, 0x185 },
    { 0x1D4, 0x1D4, 0x186 },
    { 0x1D6, 0x1D6, 0x187 },
    { 0x1D8, 0x1D8, 0x188 },
    { 0x1DA, 0x1DA, 0x189 },
    { 0x1DC, 0x1DC, 0x18A },
    { 0x1E6, 0x1E7, 0x18B },
    { 0x1EA, 0x1EB, 0x18D },
    { 0x1F4, 0x1F5, 0x18F },
    { 0x1FC, 0x1FF, 0x191 },
    { 0x218, 0x21B, 0x195 },
    { 0x300, 0x304, 0x199 },
    { 0x306, 0x30C, 0x19E },
    { 0x30F, 0x30F, 0x1A5 },
    { 0x312, 0x312, 0x1A6 },
    { 0x31B, 0x31B, 0x1A7 },
    { 0x323, 0x323, 0x1A8 },
    { 0x325, 0x328, 0x1A9 },
    { 0x336, 0x338, 0x1AD },
    { 0x34F, 0x34F, 0x1B0 },
    { 0x401, 0x40C, 0x1B1 },
    { 0x40E, 0x44F, 0x1BD },
    { 0x451, 0x45C, 0x1FF },
    { 0x45E, 0x45F, 0x20B },
    { 0x490, 0x493, 0x20D },
    { 0x49A, 0x49B, 0x211 },
    { 0x4A2, 0x4A3, 0x213 },
    { 0x4AE, 0x4B1, 0x215 },
    { 0x4B6, 0x4B7, 0x219 },
    { 0x4BA, 0x4BB, 0x21B },
    { 0x4D8, 0x4D9, 0x21D },
    { 0x4DC, 0x4DF, 0x21F },
    { 0x4E4, 0x4E9, 0x223 },
    { 0x4F4, 0x4F5, 0x229 },
    { 0x1EA0, 0x1EF9, 0x22B },
    { 0x2001, 0x2001, 0x285 },
    { 0x200B, 0x2010, 0x286 },
    { 0x2013, 0x2014, 0x28C },
    { 0x2016, 0x2016, 0x28E },
    { 0x2018, 0x2022, 0x28F },
    { 0x2024, 0x2024, 0x29A },
    { 0x2026, 0x2026, 0x29B },
    { 0x202A, 0x202E, 0x29C },
    { 0x2030, 0x2030, 0x2A1 },
    { 0x2032, 0x2034, 0x2A2 },
    { 0x2039, 0x203A, 0x2A5 },
    { 0x203C, 0x203F, 0x2A7 },
    { 0x2044, 0x2046, 0x2AB },
    { 0x2060, 0x2064, 0x2AE },
    { 0x2066, 0x2070, 0x2B3 },
    { 0x2074, 0x207A, 0x2BE },
    { 0x207C, 0x207C, 0x2C5 },
    { 0x2080, 0x2089, 0x2C6 },
    { 0x20AB, 0x20AC, 0x2D0 },
    { 0x20AE, 0x20AE, 0x2D2 },
    { 0x20B4, 0x20B4, 0x2D3 },
    { 0x20BD, 0x20BD, 0x2D4 },
    { 0x20BF, 0x20BF, 0x2D5 },
    { 0x2190, 0x2199, 0x2D6 },
    { 0x219D, 0x219E, 0x2E0 },
    { 0x21A0, 0x21A0, 0x2E2 },
    { 0x21A2, 0x21A3, 0x2E3 },
    { 0x21A5, 0x21A7, 0x2E5 },
    { 0x21A9, 0x21AA, 0x2E8 },
    { 0x21AD, 0x21AD, 0x2EA },
    { 0x21BE, 0x21BE, 0x2EB },
    { 0x21C9, 0x21C9, 0x2EC },
    { 0x21D0, 0x21D4, 0x2ED },
    { 0x21DB, 0x21DB, 0x2F2 },
    { 0x21DE, 0x21DF, 0x2F3 },
    { 0x21E5, 0x21E5, 0x2F5 },
    { 0x21E7, 0x21E8, 0x2F6 },
    { 0x21EA, 0x21EA, 0x2F8 },
    { 0x2200, 0x220C, 0x2F9 },
    { 0x220E, 0x2213, 0x306 },
    { 0x2215, 0x2215, 0x30C },
    { 0x2218, 0x221A, 0x30D },
    { 0x221E, 0x221E, 0x310 },
    { 0x2223, 0x2225, 0x311 },
    { 0x2227, 0x222B, 0x314 },
    { 0x2234, 0x2239, 0x319 },
    { 0x223C, 0x223C, 0x31F },
    { 0x223E, 0x223E, 0x320 },
    { 0x2243, 0x2243, 0x321 },
    { 0x2245, 0x2245, 0x322 },
    { 0x2247, 0x2249, 0x323 },
    { 0x224B, 0x224B, 0x326 },
    { 0x224D, 0x224D, 0x327 },
    { 0x2254, 0x2254, 0x328 },
    { 0x2257, 0x2257, 0x329 },
    { 0x225F, 0x2265, 0x32A },
    { 0x226A, 0x2273, 0x331 },
    { 0x227A, 0x227C, 0x33B },
    { 0x2282, 0x2289, 0x33E },
    { 0x228E, 0x2299, 0x346 },
    { 0x229B, 0x22A5, 0x352 },
    { 0x22B4, 0x22B4, 0x35D },
    { 0x22B8, 0x22B8, 0x35E },
    { 0x22BB, 0x22BD, 0x35F },
    { 0x22C2, 0x22C4, 0x362 },
    { 0x22C6, 0x22C6, 0x365 },
    { 0x22C8, 0x22CA, 0x366 },
    { 0x22CE, 0x22CE, 0x369 },
    { 0x22D0, 0x22D0, 0x36A },
    { 0x22E2, 0x22E2, 0x36B },
    { 0x22EE, 0x22F1, 0x36C },
    { 0x2500, 0x257F, 0x370 },
    { 0xFFFD, 0xFFFD, 0x3F0 },
};

static const EpdFontGroup jetbrainsmono_16_regularGroups[] = {
    { 0, 2784, 8680, 128, 0 },
    { 2784, 2340, 10022, 128, 128 },
    { 5124, 2809, 15919, 126, 256 },
    { 7933, 931, 3559, 27, 382 },
    { 8864, 266, 521, 24, 409 },
    { 9130, 2863, 13311, 122, 433 },
    { 11993, 1715, 12963, 90, 555 },
    { 13708, 532, 1621, 56, 645 },
    { 14240, 256, 762, 19, 701 },
    { 14496, 309, 780, 6, 720 },
    { 14805, 1286, 3589, 35, 726 },
    { 16091, 3599, 11521, 119, 761 },
    { 19690, 1222, 19869, 128, 880 },
    { 20912, 99, 150, 1, 1008 },
};

static constexpr EpdFontData jetbrainsmono_16_regular = {
    jetbrainsmono_16_regularBitmaps,
    jetbrainsmono_16_regularGlyphs,
    jetbrainsmono_16_regularIntervals,
    114,
    44,
    34,
    -10,
    true,
    jetbrainsmono_16_regularGroups,
    14,
    nullptr,
    nullptr,
    nullptr,
    nullptr,
    nullptr,
    nullptr,
    nullptr,
    nullptr,
    nullptr,
    nullptr,
    nullptr,
    0,
    0,
    0,
    0,
    nullptr,
    0,
};
