/**
 * generated by fontconvert.py
 * name: jetbrainsmono_10_regular
 * size: 10
 * mode: 2-bit  compressed: true
 * Command used: fontconvert.py jetbrainsmono_10_regular 10 ../builtinFonts/source/JetBrainsMono/JetBrainsMono-Regular.ttf --additional-intervals 0x2500,0x257F --2bit --compress --darken-aa --zopfli
 */
#pragma once
#include "EpdFontData.h"

static const uint8_t jetbrainsmono_10_regularBitmaps[12743] = {
    0x8D, 0x97, 0x41, 0x8C, 0xDC, 0x48, 0x15, 0x86, 0x3F, 0xBB, 0x90, 0x8C, 0x28, 0x6D, 0xCC, 0x81,
    0x6B, 0xA6, 0xF7, 0xC0, 0x71, 0x66, 0x7C, 0x0D, 0x52, 0x75, 0xDB, 0xF7, 0x3D, 0xEC, 0xDE, 0x25,
    0x24, 0x0E, 0x7B, 0xE4, 0x30, 0x2B, 0xAD, 0xC4, 0x48, 0xE9, 0xD0, 0x86, 0xBB, 0x36, 0xDC, 0x4F,
    0xB9, 0x0B, 0xC4, 0xC0, 0x36, 0xA4, 0x25, 0x26, 0xB4, 0x67, 0x2F, 0x1C, 0x90, 0xC0, 0x22, 0x57,
    0x84, 0x4A, 0x8A, 0x10, 0x07, 0x00, 0x9E, 0xB4, 0x16, 0xE9, 0x28, 0x9E, 0x2E, 0x5E, 0xC9, 0x9E,
    0x74, 0x2B, 0x9D, 0x24, 0x63, 0x7F, 0x8E, 0xC6, 0xAF, 0x7E, 0xBF, 0x57, 0xFD, 0xFC, 0xEA, 0xB9,
    0x32, 0x9B, 0x0E, 0xC7, 0xC9, 0xC9, 0x31, 0xCC, 0x16, 0x33, 0x59, 0xED, 0x4E, 0x2E, 0x1C, 0x72,
    0x0F, 0xAF, 0x7C, 0x4E, 0x7B, 0x56, 0x84, 0x50, 0x84, 0xAD, 0x69, 0xC4, 0xD4, 0xDE, 0xFC, 0xA4,
    0x5D, 0x84, 0x5E, 0xB1, 0xA6, 0xC9, 0x4D, 0x7D, 0xC7, 0x54, 0x1F, 0x64, 0xF0, 0x21, 0x9C, 0x45,
    0x92, 0x17, 0xE4, 0xA1, 0x2E, 0x1E, 0x7B, 0xF7, 0x99, 0xB8, 0xB3, 0x47, 0xEE, 0x8C, 0xE2, 0x82,
    0x7C, 0x43, 0x1A, 0x6A, 0xEE, 0xB7, 0x7C, 0x26, 0x9C, 0xC9, 0xEA, 0x4C, 0xE6, 0x9F, 0x49, 0xF9,
    0xB2, 0xB5, 0xA1, 0xE2, 0x8C, 0x81, 0xA2, 0xB1, 0x2C, 0xE4, 0x2E, 0x17, 0x31, 0xF2, 0xC5, 0x05,
    0xF2, 0xAB, 0x96, 0xE5, 0xD7, 0x0D, 0xE5, 0x3F, 0xC1, 0x7E, 0x01, 0x38, 0xE0, 0xD7, 0xD7, 0xF0,
    0x8F, 0x80, 0xF9, 0xA3, 0xAD, 0xAC, 0xCD, 0xAA, 0x3B, 0xD6, 0x56, 0x2E, 0x0B, 0x2C, 0x53, 0xB5,
    0x07, 0x30, 0xA1, 0xC1, 0xFE, 0xD4, 0x93, 0x57, 0x82, 0xAD, 0xC1, 0x34, 0x90, 0x08, 0x31, 0x3E,
    0xE5, 0xB5, 0xAD, 0xE7, 0x93, 0x09, 0x2B, 0xDB, 0xB3, 0x4A, 0x3B, 0x56, 0xA6, 0x63, 0x6E, 0x2F,
    0x29, 0xC3, 0x04, 0xBB, 0xB1, 0x75, 0x17, 0x8F, 0x25, 0xDF, 0xE4, 0x89, 0xD9, 0xE4, 0xCD, 0x84,
    0x19, 0xEE, 0xE0, 0x3C, 0x45, 0xB5, 0x8D, 0xD9, 0xF0, 0x84, 0x6F, 0x7C, 0xA2, 0xFF, 0x14, 0x75,
    0xD6, 0x26, 0x82, 0x3A, 0x63, 0xFE, 0x4A, 0x34, 0xD7, 0x73, 0x45, 0x97, 0x4A, 0xD6, 0x2E, 0xAA,
    0x27, 0x7C, 0x02, 0x27, 0x11, 0x8E, 0xF9, 0xDE, 0xF1, 0x51, 0xB9, 0xDD, 0x66, 0xC1, 0x53, 0xC2,
    0xCB, 0xDA, 0x3C, 0x6B, 0xED, 0x95, 0x64, 0x5C, 0x00, 0x74, 0x3B, 0x42, 0xE8, 0xD6, 0x41, 0xF6,
    0x2D, 0xC5, 0x6C, 0xEA, 0xDC, 0x7C, 0x55, 0x6E, 0xCB, 0x30, 0x63, 0xC1, 0x0C, 0x10, 0x52, 0x8F,
    0x69, 0xC8, 0x1A, 0xF2, 0x8A, 0x1C, 0x4E, 0x61, 0x0A, 0x0E, 0x56, 0x20, 0x24, 0x82, 0x69, 0xE3,
    0xB8, 0xAD, 0x77, 0xE3, 0x0E, 0xE6, 0x90, 0x6D, 0x99, 0x84, 0x66, 0x66, 0xFC, 0x1C, 0x39, 0x7F,
    0xC5, 0x46, 0xCE, 0xBB, 0xDD, 0xAD, 0x0E, 0xA9, 0x40, 0x65, 0x2A, 0x4E, 0x7A, 0x6C, 0x4F, 0x39,
    0xC7, 0x39, 0x3E, 0x74, 0xF0, 0x76, 0xCA, 0xD0, 0x29, 0x83, 0xFF, 0xA9, 0xFA, 0x4F, 0xE4, 0xF3,
    0x61, 0x2A, 0xA9, 0x1F, 0xE7, 0x39, 0x83, 0x0D, 0x46, 0xB0, 0x0D, 0x05, 0xAA, 0x97, 0x45, 0x90,
    0x32, 0xB4, 0xCA, 0x68, 0x9A, 0x13, 0xE5, 0x81, 0xE4, 0x97, 0x0D, 0xA6, 0x25, 0xF1, 0x7A, 0xFF,
    0x69, 0x22, 0xAB, 0xD4, 0x4F, 0x4D, 0x5B, 0xC4, 0xF9, 0xC0, 0x04, 0xA6, 0x70, 0x09, 0xDD, 0x98,
    0x83, 0xBC, 0x66, 0x92, 0xB6, 0xD3, 0xB4, 0xBD, 0x4C, 0xDB, 0x65, 0xDA, 0xAE, 0x43, 0x84, 0x74,
    0x64, 0xF0, 0xBF, 0x3F, 0xD3, 0x72, 0x4B, 0x19, 0x1A, 0x4C, 0x74, 0x0E, 0xF2, 0x29, 0xA2, 0x53,
    0xD5, 0x09, 0x8F, 0xFE, 0x6F, 0x72, 0x38, 0x3A, 0xAF, 0x98, 0xA8, 0xFE, 0xBF, 0x8D, 0x4B, 0x65,
    0x85, 0x2C, 0xE9, 0x96, 0xC4, 0x3F, 0xA6, 0x37, 0xF9, 0x59, 0x84, 0x8D, 0x72, 0x4E, 0x77, 0x9E,
    0xC8, 0x77, 0x86, 0x67, 0x6C, 0xF3, 0x7A, 0xD2, 0x37, 0x37, 0x0E, 0x5B, 0xCC, 0x4D, 0xFE, 0x5D,
    0x22, 0x0E, 0x71, 0x89, 0x2F, 0xB2, 0x26, 0x0B, 0x6A, 0xAC, 0xA7, 0xA9, 0x5F, 0x21, 0xA3, 0xFF,
    0x54, 0x86, 0xF9, 0xBC, 0xCA, 0xE7, 0x10, 0x5D, 0x89, 0xA3, 0x46, 0x47, 0xDB, 0x2C, 0xC4, 0x40,
    0x14, 0x37, 0x09, 0x11, 0x8C, 0x67, 0xC6, 0x5A, 0xAF, 0xFD, 0x63, 0xB0, 0x1C, 0xDA, 0x4B, 0x66,
    0x4C, 0x71, 0xB1, 0x5E, 0x59, 0x02, 0xDF, 0x26, 0x11, 0x26, 0x3E, 0xD1, 0x80, 0x9E, 0x1F, 0xC3,
    0x03, 0x28, 0x3C, 0xE9, 0x16, 0x8A, 0x96, 0x54, 0x54, 0x10, 0x5F, 0x57, 0xF0, 0x3B, 0x07, 0xC1,
    0xAB, 0x05, 0x98, 0x43, 0xD9, 0x90, 0xF5, 0xB0, 0x68, 0xC8, 0x24, 0x8A, 0x8B, 0x36, 0xBD, 0x8E,
    0xCF, 0x3D, 0x88, 0x7E, 0x59, 0x78, 0x16, 0x3D, 0x14, 0x90, 0xDF, 0x50, 0x60, 0xAF, 0xC9, 0x3B,
    0xF2, 0x2A, 0x32, 0x1C, 0x31, 0xD9, 0xF1, 0x7D, 0x42, 0xFC, 0x71, 0x9B, 0xBC, 0x9A, 0x9F, 0x70,
    0xE4, 0xC8, 0x5D, 0xF6, 0xD0, 0x4D, 0x82, 0x9B, 0x16, 0xCE, 0xE5, 0x7B, 0x1C, 0xB9, 0x49, 0xEF,
    0x6C, 0xE7, 0xE0, 0x84, 0xF8, 0x6C, 0xCC, 0xC7, 0xBA, 0xA1, 0x27, 0xE9, 0xD1, 0xE8, 0xE6, 0x6F,
    0x98, 0x3F, 0x93, 0x3D, 0xC4, 0x7E, 0x5C, 0xE5, 0xB6, 0xCE, 0xB3, 0xE6, 0xC8, 0x34, 0x9A, 0xD4,
    0x32, 0xC4, 0xDC, 0x9F, 0x13, 0x33, 0x2D, 0xAC, 0x86, 0x72, 0x70, 0x7B, 0x2F, 0xC4, 0x65, 0xAA,
    0x51, 0x63, 0xED, 0x52, 0xEF, 0x90, 0x91, 0x74, 0x28, 0xD5, 0xCA, 0x6C, 0xC9, 0x87, 0x17, 0x18,
    0xED, 0x8F, 0x1C, 0x1C, 0xA0, 0x46, 0x51, 0x81, 0xCA, 0x54, 0x5C, 0x5E, 0x13, 0x5D, 0x99, 0xD6,
    0xA5, 0x43, 0x88, 0x03, 0xD4, 0x98, 0x7A, 0x15, 0xA8, 0x4C, 0xC5, 0x21, 0x34, 0x8A, 0xC0, 0x3E,
    0x21, 0x54, 0x21, 0x70, 0x60, 0x6C, 0x94, 0xB7, 0xEB, 0x6B, 0x81, 0x03, 0x5E, 0x2B, 0x40, 0xEF,
    0x60, 0xA4, 0x94, 0x08, 0x03, 0x63, 0x03, 0x50, 0xB1, 0xCA, 0x0E, 0x29, 0x43, 0xE4, 0x8D, 0x43,
    0x1A, 0x77, 0xAD, 0x59, 0x6A, 0x79, 0x2F, 0x2A, 0x53, 0x31, 0xAC, 0xDE, 0x8D, 0x63, 0xE9, 0xE8,
    0x8A, 0x44, 0xF2, 0xD0, 0xA6, 0xA1, 0x72, 0x74, 0x31, 0x90, 0xE6, 0x33, 0x6B, 0x5C, 0x5E, 0xB9,
    0x1C, 0x37, 0xA3, 0xEC, 0x23, 0xEE, 0x94, 0x78, 0x6B, 0x35, 0xDB, 0x8D, 0x1B, 0x5F, 0xD0, 0x66,
    0x0E, 0xB7, 0x64, 0x11, 0xBC, 0xF2, 0x7B, 0x23, 0x6B, 0xC5, 0x5E, 0xFC, 0xEE, 0xE3, 0x8B, 0xC7,
    0x5F, 0xC8, 0x6F, 0xFF, 0x2A, 0xBF, 0xE9, 0x65, 0xB9, 0x91, 0xE5, 0x85, 0x2C, 0x79, 0x03, 0x33,
    0xA4, 0x54, 0x2A, 0x29, 0x6B, 0x29, 0x1B, 0x99, 0xB5, 0xE2, 0xBC, 0x38, 0x11, 0xB7, 0x14, 0xE7,
    0x24, 0x72, 0x57, 0x5C, 0x2E, 0x91, 0x4C, 0x9C, 0x91, 0x9B, 0xFC, 0xB7, 0x87, 0xC5, 0xB0, 0x23,
    0x11, 0x15, 0x0C, 0xF9, 0xD7, 0x92, 0x1B, 0x2A, 0xD6, 0xB1, 0x71, 0xAC, 0x22, 0x74, 0x63, 0x35,
    0x6E, 0x0F, 0x6B, 0xEF, 0xB0, 0xC1, 0xEF, 0x73, 0xD0, 0xE0, 0x03, 0xE4, 0x60, 0x63, 0xBB, 0x25,
    0x95, 0x71, 0x2D, 0xA4, 0xC3, 0x34, 0xBA, 0x71, 0x32, 0xC6, 0xAB, 0x31, 0xC6, 0x9A, 0xA0, 0x09,
    0x8F, 0x69, 0x1F, 0x27, 0xDF, 0xED, 0xFD, 0x16, 0xEF, 0x60, 0x0A, 0xC5, 0xCF, 0xB0, 0x5B, 0x58,
    0xC7, 0xFE, 0x3A, 0x34, 0xD7, 0xFD, 0x66, 0x16, 0xC2, 0x66, 0x1D, 0x3A, 0x3A, 0x6E, 0x89, 0x46,
    0xB9, 0x05, 0x7E, 0xC8, 0x95, 0xFA, 0x17, 0x56, 0x4B, 0xE4, 0xFC, 0x66, 0x4D, 0x9D, 0x98, 0xB8,
    0xE4, 0x73, 0x25, 0xAB, 0xED, 0x47, 0x55, 0xF6, 0x50, 0x1B, 0x42, 0x6C, 0x0B, 0xE9, 0x35, 0x49,
    0x0F, 0x3D, 0xCB, 0x99, 0xD5, 0x2B, 0xE7, 0xBC, 0xCC, 0xB9, 0x17, 0xAF, 0xFB, 0x39, 0xEE, 0x47,
    0x77, 0x70, 0x5F, 0x1E, 0xE9, 0xF5, 0x7D, 0x8E, 0x9F, 0xFD, 0x42, 0xAF, 0x9F, 0x73, 0xF2, 0xB4,
    0xE7, 0xE8, 0xAB, 0x9E, 0x3C, 0x5E, 0x57, 0x9B, 0xE1, 0x6A, 0xBA, 0xD8, 0x40, 0x73, 0xE6, 0xB6,
    0xEE, 0xCC, 0x95, 0xA4, 0xCF, 0x1A, 0x9E, 0xD7, 0xAC, 0x51, 0x2B, 0x25, 0xAC, 0x2B, 0x9E, 0x37,
    0xE6, 0x69, 0x9B, 0x5D, 0x49, 0x5E, 0x6D, 0x26, 0xCC, 0xA7, 0xCC, 0x1C, 0x93, 0x58, 0xA2, 0xCC,
    0xF3, 0xAA, 0xCB, 0x1A, 0x31, 0x7F, 0x69, 0x93, 0xAF, 0x1B, 0x5E, 0xD6, 0x2C, 0x60, 0x06, 0xD3,
    0xD7, 0x29, 0x83, 0x57, 0x30, 0xED, 0xF8, 0x01, 0x3D, 0xDD, 0x7D, 0x9E, 0x8C, 0x1F, 0x6D, 0x13,
    0x70, 0x63, 0xED, 0x4A, 0xF0, 0xA1, 0xED, 0x78, 0xF7, 0x19, 0xDA, 0xE0, 0xE7, 0xE0, 0x88, 0xDE,
    0x72, 0xA5, 0xC2, 0xD6, 0x98, 0xE1, 0x83, 0x2B, 0xA0, 0xAC, 0xC0, 0xC1, 0x74, 0x4F, 0x91, 0x35,
    0x51, 0x91, 0x7A, 0x90, 0xD0, 0xAE, 0xDB, 0xF4, 0xDD, 0xA7, 0x2A, 0x42, 0xCB, 0x0F, 0xA0, 0x27,
    0xFD, 0x17, 0xE6, 0x4F, 0x64, 0x1F, 0xA3, 0xAF, 0x40, 0xDF, 0x85, 0x4B, 0xDB, 0x7B, 0x88, 0xD6,
    0x40, 0x08, 0xDD, 0x9C, 0x42, 0x23, 0x67, 0x5B, 0x8A, 0xA0, 0x76, 0x4F, 0x22, 0x59, 0x90, 0x22,
    0xC8, 0x83, 0x44, 0x56, 0x4A, 0x2A, 0x73, 0xA3, 0x05, 0x29, 0xF9, 0x0B, 0x71, 0xB0, 0x23, 0x50,
    0x8E, 0xED, 0xEB, 0x70, 0xC9, 0xC4, 0x42, 0x55, 0xC1, 0x58, 0x96, 0x63, 0x19, 0xB3, 0x87, 0xA8,
    0x71, 0x58, 0x56, 0x24, 0xF2, 0x8A, 0xEC, 0x85, 0x14, 0xDB, 0xF8, 0x51, 0x8D, 0x95, 0x9F, 0xEC,
    0x91, 0x46, 0xA3, 0x0E, 0xA9, 0xC0, 0xDC, 0x7C, 0x87, 0x1D, 0xB1, 0xC0, 0x16, 0x41, 0xF1, 0xE7,
    0x43, 0xA2, 0x52, 0x3F, 0xFA, 0x5C, 0x08, 0x41, 0x12, 0x4F, 0x7A, 0x43, 0x08, 0xB2, 0x0E, 0x32,
    0xDE, 0x1E, 0xA0, 0x6E, 0x27, 0x41, 0x66, 0x6F, 0x8A, 0x5B, 0x66, 0x92, 0x6F, 0x25, 0xFD, 0xBB,
    0xA0, 0xEE, 0x8C, 0xB7, 0xA1, 0xC9, 0xB7, 0xBC, 0x35, 0x0F, 0x6F, 0x81, 0x73, 0xE8, 0xE1, 0x92,
    0xE1, 0x28, 0x7B, 0x8A, 0xFE, 0x1D, 0xDB, 0xB7, 0xCD, 0x22, 0xF4, 0xE4, 0x50, 0xD4, 0x4C, 0x18,
    0x8E, 0x45, 0x8C, 0x02, 0xF9, 0xFB, 0x28, 0xA2, 0xF3, 0xD2, 0x23, 0xEC, 0x61, 0x5A, 0xB1, 0xB5,
    0x4C, 0x90, 0x29, 0x72, 0x49, 0x10, 0x42, 0x37, 0xB4, 0x1E, 0x24, 0x47, 0x6C, 0x23, 0xC6, 0xAF,
    0x37, 0x2C, 0x36, 0xB0, 0x7A, 0x27, 0xE7, 0xC3, 0x0E, 0x63, 0x4B, 0xBE, 0x7D, 0xFE, 0x87, 0x36,
    0x04, 0xE9, 0xBA, 0xA5, 0x5C, 0xBC, 0x95, 0xDB, 0x64, 0x26, 0xDB, 0xFB, 0x08, 0xCE, 0xD9, 0xE1,
    0x92, 0xDD, 0xCE, 0xF7, 0x36, 0x95, 0xE6, 0xD8, 0x71, 0x9B, 0x2A, 0x22, 0xD9, 0xF1, 0xBF, 0x2D,
    0x2F, 0x43, 0xD5, 0x67, 0xCD, 0xC6, 0x34, 0x9D, 0x92, 0x54, 0x87, 0x2D, 0xD0, 0x86, 0x71, 0x75,
    0x38, 0x98, 0xC1, 0x24, 0x54, 0xC9, 0xBA, 0x25, 0x91, 0xEF, 0xDE, 0x6C, 0x48, 0x6C, 0xA8, 0x5E,
    0xA9, 0xCB, 0xD0, 0x2B, 0x74, 0x70, 0xC8, 0x92, 0x98, 0xE8, 0x49, 0xFF, 0xDE, 0x2E, 0x6A, 0xB6,
    0x74, 0x74, 0x43, 0x2A, 0xA6, 0x69, 0x7B, 0x1A, 0x9B, 0x67, 0x93, 0x7F, 0x54, 0xD9, 0xA1, 0x79,
    0xFE, 0x9B, 0xB4, 0x87, 0x9E, 0xCF, 0xA7, 0xF9, 0xBD, 0x59, 0xEE, 0xCA, 0x3B, 0xEE, 0xFE, 0x07,
    0xEE, 0xF1, 0xDD, 0xE3, 0x2F, 0x8F, 0xEF, 0x3E, 0xFB, 0xE1, 0x07, 0x4F, 0x2F, 0xEF, 0x3C, 0xDD,
    0xE4, 0x5F, 0x6D, 0xF2, 0xAB, 0xCE, 0x5E, 0xC9, 0x65, 0x4C, 0x54, 0x9B, 0xDB, 0xC6, 0xEA, 0x83,
    0xD7, 0x0C, 0x1B, 0x33, 0xF3, 0x1F, 0xEC, 0xC3, 0x6A, 0x92, 0x0D, 0x5B, 0xDA, 0x6E, 0x8C, 0x95,
    0xFA, 0x53, 0x55, 0x6A, 0x2C, 0x5B, 0x0F, 0x81, 0x54, 0xA6, 0x62, 0x94, 0x0E, 0x86, 0x45, 0xD0,
    0x62, 0x9A, 0xB1, 0x23, 0xEE, 0xFE, 0x3F, 0x71, 0x49, 0x22, 0x98, 0xF1, 0x6E, 0x18, 0x15, 0xAC,
    0xA7, 0xF4, 0xE3, 0xD6, 0xDB, 0xED, 0x71, 0xC9, 0xDA, 0xB3, 0x10, 0xF6, 0x8D, 0x3B, 0x59, 0xE9,
    0xB1, 0xBE, 0x7B, 0xC3, 0x71, 0x0D, 0xA1, 0x1E, 0x5B, 0x60, 0xA6, 0xD4, 0xD8, 0x2A, 0xA2, 0x7F,
    0x27, 0x9A, 0xB0, 0xD0, 0xD8, 0xC1, 0xA2, 0x9A, 0x3D, 0x59, 0xA8, 0xB8, 0x86, 0x6F, 0x55, 0x8F,
    0x4A, 0x2F, 0x2B, 0x91, 0x65, 0x29, 0xCB, 0x49, 0xF3, 0x7F, 0x9D, 0x57, 0x81, 0xA7, 0x1C, 0xDF,
    0x15, 0xFE, 0x66, 0x6E, 0x64, 0x30, 0xB2, 0xF7, 0x07, 0x05, 0xDA, 0x5D, 0xF8, 0x95, 0xE0, 0xBD,
    0x9D, 0xAD, 0x3E, 0xBC, 0x72, 0x67, 0x67, 0x08, 0xD0, 0x47, 0x52, 0xF4, 0xAF, 0x68, 0x60, 0x45,
    0xCB, 0xC3, 0x3C, 0x3B, 0x55, 0x04, 0xA5, 0x51, 0x05, 0x20, 0xF2, 0x1F, 0xF4, 0x55, 0x16, 0x9B,
    0x7A, 0x2F, 0x7B, 0x9B, 0x00, 0x29, 0xCD, 0xC8, 0x03, 0x84, 0xBA, 0x9A, 0xA2, 0xA0, 0x3D, 0x64,
    0xE8, 0xB6, 0xDD, 0xDD, 0xD3, 0x33, 0xB3, 0x93, 0x97, 0x91, 0x4D, 0x64, 0x77, 0xE7, 0x7D, 0x33,
    0xCE, 0x3B, 0xF7, 0xFB, 0xEE, 0x3D, 0xEF, 0xDE, 0x7B, 0xCE, 0xBD, 0x6F, 0x38, 0x1E, 0x02, 0x07,
    0x87, 0x87, 0xF1, 0xFA, 0x19, 0x62, 0x84, 0x35, 0x02, 0x46, 0x8F, 0xED, 0xF0, 0x01, 0x99, 0x91,
    0x00, 0x2D, 0x50, 0xFC, 0x80, 0x7A, 0x5C, 0x04, 0x9C, 0x7E, 0x24, 0xAF, 0x6A, 0xB2, 0x72, 0xC6,
    0x23, 0x83, 0x9F, 0x18, 0x60, 0x08, 0x68, 0x60, 0xC6, 0x18, 0x33, 0x94, 0x45, 0x60, 0xA1, 0x53,
    0x71, 0x8A, 0x87, 0x66, 0x5C, 0x42, 0xC6, 0xC4, 0x77, 0x93, 0xD9, 0x73, 0xCD, 0xF3, 0x30, 0x27,
    0x8D, 0xE3, 0x0E, 0x8E, 0xE5, 0x2B, 0xB6, 0x78, 0x92, 0xD9, 0xA5, 0xB4, 0x02, 0x30, 0xE8, 0xF6,
    0x61, 0x34, 0xB2, 0x30, 0x2D, 0x95, 0x25, 0x75, 0x55, 0x78, 0xEF, 0x2D, 0x38, 0x8D, 0x78, 0x99,
    0xF0, 0x12, 0x31, 0x04, 0x62, 0x44, 0x1F, 0xEC, 0xB2, 0x79, 0x00, 0x5C, 0xDB, 0x41, 0x45, 0x2F,
    0x8C, 0x4F, 0x06, 0x10, 0x44, 0x7F, 0x47, 0xC8, 0x79, 0xF4, 0xFB, 0xB5, 0xA7, 0x42, 0xE4, 0x5B,
    0xF1, 0xE0, 0xBE, 0x83, 0x47, 0xDF, 0x80, 0x32, 0x8F, 0x12, 0x2E, 0x42, 0x4E, 0x4D, 0xF7, 0x2C,
    0x31, 0x7D, 0x8F, 0xF3, 0xF0, 0xB7, 0xE5, 0x01, 0x0E, 0x8E, 0xC7, 0x77, 0x07, 0xEF, 0x5E, 0xFD,
    0xC0, 0x86, 0x35, 0x4E, 0xC4, 0x3E, 0x1A, 0xDF, 0x95, 0x30, 0x75, 0x3A, 0xF5, 0xB9, 0x40, 0xF5,
    0x44, 0xC5, 0xF7, 0xCF, 0x23, 0xFA, 0xC5, 0xF9, 0xCF, 0xCF, 0x93, 0xF3, 0x1B, 0xDF, 0x60, 0x3E,
    0xF4, 0xDD, 0x34, 0xF8, 0x13, 0xF5, 0x02, 0x1B, 0x6B, 0x08, 0xC4, 0x08, 0x5F, 0x90, 0x4F, 0x53,
    0x69, 0x62, 0x4E, 0x99, 0x73, 0x04, 0x0D, 0x64, 0x18, 0x9D, 0x4E, 0xA4, 0xBB, 0x23, 0xEE, 0x0C,
    0xAE, 0x5E, 0x0D, 0xAE, 0xFE, 0x3C, 0xE0, 0x93, 0xC1, 0xDB, 0x70, 0x70, 0xF5, 0xE3, 0xA3, 0x37,
    0x7F, 0xA9, 0x87, 0x99, 0x08, 0x27, 0x59, 0x25, 0x1C, 0x15, 0x93, 0x73, 0x77, 0xE4, 0x8E, 0x26,
    0xE7, 0x51, 0x81, 0x12, 0xD7, 0x60, 0x2E, 0x65, 0x72, 0xDB, 0x9E, 0x9F, 0xFD, 0xF7, 0x89, 0x78,
    0xA2, 0xE2, 0x8F, 0xA5, 0x3B, 0xC6, 0xB1, 0x47, 0x81, 0xED, 0xE3, 0xD9, 0x4F, 0x65, 0x7E, 0x97,
    0xDF, 0x39, 0x03, 0xF9, 0xCE, 0xBB, 0x44, 0xE7, 0xB8, 0xD3, 0xBF, 0x0C, 0xCB, 0xC0, 0x6A, 0xC4,
    0x90, 0xC5, 0xFB, 0x3C, 0x7C, 0x1A, 0x2A, 0x4A, 0x98, 0xE2, 0x25, 0x19, 0xE0, 0x1A, 0x21, 0xB9,
    0x84, 0xDC, 0xAC, 0x06, 0x37, 0x46, 0xE5, 0x11, 0x3F, 0xBE, 0x86, 0x21, 0xC6, 0x18, 0xE2, 0x5B,
    0x9C, 0x22, 0x4C, 0x67, 0x39, 0xA3, 0x67, 0x67, 0xF6, 0x77, 0x56, 0x35, 0x3F, 0xF7, 0xFF, 0xC1,
    0x0B, 0x88, 0xEF, 0x47, 0x6E, 0x30, 0x1A, 0x8C, 0x8E, 0x5C, 0x64, 0x3D, 0xC4, 0x3A, 0xD5, 0xCA,
    0xCA, 0x7C, 0xFA, 0x74, 0x81, 0x69, 0x5F, 0x20, 0x86, 0xFC, 0xAA, 0xEF, 0x14, 0xD2, 0x74, 0x33,
    0xBD, 0x89, 0x28, 0xD7, 0xF8, 0x61, 0x6E, 0xA0, 0xF2, 0xA9, 0xBC, 0x04, 0xF5, 0x2B, 0x8B, 0x31,
    0xE7, 0x40, 0x84, 0x3A, 0x5E, 0x4C, 0x46, 0xF0, 0xC8, 0x41, 0xBD, 0xB4, 0x08, 0x4F, 0x6E, 0xA1,
    0x1B, 0x2E, 0x61, 0x70, 0x0B, 0x13, 0x79, 0x6F, 0xC2, 0x6F, 0xF4, 0xF1, 0x97, 0xF5, 0xCF, 0x16,
    0xF0, 0xDE, 0x3F, 0x86, 0x7A, 0x11, 0x4A, 0xD4, 0x1D, 0xF4, 0x70, 0x0A, 0xA3, 0x0A, 0x4C, 0x42,
    0x46, 0xF5, 0x24, 0x2E, 0x4C, 0xBD, 0xA2, 0x8B, 0x20, 0x35, 0x08, 0x8A, 0x09, 0xF0, 0x07, 0x87,
    0xD1, 0x53, 0x8B, 0xE4, 0x6D, 0x0A, 0x74, 0x5B, 0x31, 0xB8, 0xCF, 0xC7, 0x80, 0x39, 0x16, 0xF2,
    0xA2, 0x62, 0x49, 0xA7, 0x65, 0xE4, 0x32, 0x4C, 0xC5, 0x9C, 0x22, 0x46, 0xC4, 0x01, 0x87, 0x16,
    0xBE, 0x03, 0xCA, 0x9A, 0x21, 0xA1, 0x2C, 0xE0, 0x2F, 0xA1, 0xFE, 0x0A, 0xF5, 0x1A, 0xC1, 0x23,
    0x84, 0xF7, 0x52, 0x1D, 0xE6, 0x3A, 0xB0, 0x5D, 0x65, 0x23, 0xB6, 0x09, 0x57, 0xC9, 0x78, 0x0A,
    0x9A, 0x80, 0x08, 0x53, 0x68, 0x20, 0x06, 0xA6, 0x7B, 0x69, 0x17, 0x50, 0x2B, 0xE8, 0x93, 0x7C,
    0x1F, 0x2D, 0x10, 0xBE, 0xB4, 0x9D, 0xA7, 0xF9, 0xAD, 0x04, 0x37, 0xB0, 0xCF, 0xE8, 0x3A, 0xC8,
    0x7B, 0xF7, 0xAC, 0x10, 0xF6, 0xD0, 0x0A, 0x59, 0xFD, 0x06, 0x2A, 0x94, 0xAF, 0x08, 0x77, 0x96,
    0xFB, 0xCC, 0x02, 0x61, 0x0A, 0x82, 0xD7, 0x08, 0x2B, 0x3E, 0xB4, 0x5E, 0x69, 0xBD, 0xD4, 0x1A,
    0x3D, 0x46, 0xC4, 0x88, 0x35, 0x4C, 0x05, 0xCE, 0x34, 0x57, 0xB3, 0xB4, 0x2E, 0x83, 0x20, 0x83,
    0x27, 0x06, 0xD8, 0x80, 0x38, 0x49, 0x08, 0x42, 0xF3, 0x57, 0x80, 0x03, 0xCE, 0x80, 0x1E, 0xC4,
    0xF6, 0xE7, 0xE8, 0x01, 0xCD, 0x12, 0x03, 0xCC, 0x56, 0x40, 0x40, 0x1B, 0x75, 0xD1, 0xC0, 0x86,
    0xD3, 0x0A, 0xD6, 0x8B, 0xEB, 0xED, 0xA5, 0x55, 0x04, 0x7D, 0x81, 0xB8, 0xB7, 0x8F, 0xF6, 0xA0,
    0x83, 0x61, 0xB4, 0xA7, 0x36, 0x02, 0xC2, 0x1C, 0xAA, 0x58, 0x6B, 0xF3, 0x19, 0xA7, 0x62, 0x7F,
    0x15, 0x42, 0x13, 0x32, 0x0C, 0x50, 0xC2, 0x77, 0xFB, 0x68, 0x15, 0x41, 0xCF, 0x11, 0xF7, 0xF7,
    0xD1, 0x9A, 0x2E, 0xCE, 0x12, 0x98, 0xBD, 0xB4, 0x9A, 0x53, 0xCD, 0x4E, 0xA3, 0xD4, 0x98, 0x6A,
    0x64, 0x1A, 0x46, 0x30, 0x23, 0xC3, 0x24, 0xC6, 0x1A, 0x59, 0xDD, 0x54, 0x0A, 0x4D, 0xC8, 0x9B,
    0xB9, 0x33, 0x04, 0x25, 0x82, 0x94, 0x92, 0x9C, 0x12, 0x4B, 0xC3, 0x82, 0x8C, 0x23, 0x43, 0x64,
    0x26, 0x64, 0x4C, 0x8D, 0xEF, 0x49, 0x5F, 0x35, 0x02, 0x32, 0x8A, 0xDA, 0x15, 0x43, 0x35, 0x67,
    0x74, 0x51, 0x9F, 0xD1, 0x5F, 0x80, 0x47, 0x42, 0x10, 0x9A, 0x90, 0xDB, 0x15, 0x63, 0x67, 0x6D,
    0xAB, 0x62, 0xEC, 0xAC, 0xDD, 0xF8, 0xAB, 0x77, 0xED, 0xA1, 0x55, 0x31, 0xF6, 0x19, 0x7D, 0x14,
    0xE0, 0xA2, 0x87, 0x28, 0x43, 0x48, 0x08, 0x08, 0xBD, 0x0B, 0x64, 0x11, 0x46, 0x21, 0x00, 0x78,
    0xFC, 0x38, 0xE0, 0x85, 0xCE, 0xE7, 0x1A, 0x0B, 0xED, 0x2F, 0xB4, 0x5A, 0xE8, 0x30, 0xD3, 0x1D,
    0xA3, 0x8D, 0xD1, 0xA7, 0xF5, 0xC4, 0x17, 0x46, 0xDB, 0xAC, 0x22, 0x30, 0xC5, 0x9C, 0x7F, 0x0B,
    0xB4, 0x97, 0x40, 0x06, 0xDA, 0x02, 0x6E, 0x1D, 0x4C, 0xD0, 0x5A, 0x82, 0x3D, 0xB4, 0xED, 0x25,
    0xD8, 0x4D, 0xDB, 0x9A, 0xC0, 0x7D, 0xC6, 0x55, 0xF5, 0x55, 0xAF, 0x8F, 0x4A, 0x8B, 0xDE, 0xFA,
    0xFE, 0xA6, 0xD3, 0x32, 0xB0, 0xA4, 0xDE, 0xD4, 0xF7, 0xB7, 0xFF, 0xE5, 0x18, 0x03, 0x43, 0x20,
    0xFE, 0x14, 0x06, 0x0D, 0x92, 0x15, 0x92, 0xE6, 0xD2, 0x36, 0x37, 0x98, 0x56, 0xF0, 0x28, 0x61,
    0x97, 0x70, 0xDE, 0x2E, 0xA7, 0xFE, 0x87, 0x7A, 0xDB, 0x2C, 0xAE, 0xEF, 0x4C, 0x60, 0xCD, 0x0C,
    0x66, 0x66, 0x6B, 0xAD, 0xA0, 0xAC, 0xFD, 0x64, 0x66, 0x85, 0xF8, 0x83, 0xF6, 0x01, 0x0A, 0x48,
    0xB4, 0x11, 0x5B, 0x51, 0xC1, 0xA3, 0x80, 0x29, 0x62, 0x3A, 0xF3, 0x68, 0x2A, 0xF0, 0x29, 0x53,
    0x94, 0xAC, 0x48, 0xFF, 0x87, 0x5A, 0x4B, 0xB0, 0xB5, 0x64, 0x01, 0xF5, 0x2F, 0x99, 0x79, 0xBB,
    0x83, 0x04, 0x08, 0xDE, 0x58, 0xFD, 0xD4, 0x76, 0xA2, 0xF4, 0xC6, 0xD6, 0xAA, 0x6A, 0x99, 0x7E,
    0x6D, 0x75, 0xB0, 0xC3, 0x40, 0xD5, 0x81, 0xF8, 0x08, 0x2A, 0xAC, 0xBE, 0x62, 0x6F, 0x3B, 0xD0,
    0xBB, 0x79, 0xC4, 0x97, 0x66, 0xA8, 0x71, 0x58, 0x41, 0x33, 0x27, 0xBC, 0xCA, 0x0E, 0x71, 0x7A,
    0x08, 0x13, 0xEB, 0x84, 0x9F, 0xEB, 0xBF, 0xCD, 0x9B, 0x44, 0x6B, 0xA6, 0x1D, 0x2D, 0x90, 0x38,
    0x9B, 0xE4, 0x72, 0xC0, 0xE5, 0xF5, 0x79, 0xD7, 0x4A, 0x8D, 0x56, 0x9A, 0xC7, 0xF5, 0xE9, 0x79,
    0x0A, 0x1A, 0xB3, 0xC0, 0x9D, 0xD6, 0x9D, 0xC4, 0xBE, 0xDB, 0x28, 0x4A, 0x5B, 0x4B, 0x16, 0x50,
    0xFF, 0xAC, 0x12, 0x61, 0x5B, 0x49, 0x6B, 0xFF, 0x6F, 0x2F, 0x51, 0x16, 0x1E, 0x7D, 0x0C, 0x2C,
    0x59, 0x20, 0x5A, 0x00, 0xE6, 0xF3, 0x48, 0x78, 0x3E, 0xE6, 0x45, 0x93, 0x26, 0xD9, 0x0E, 0x92,
    0x66, 0x6B, 0x3D, 0xB4, 0xDB, 0x4B, 0xC2, 0x3B, 0x56, 0x3F, 0x2C, 0xF4, 0x9D, 0x1D, 0x24, 0x00,
    0x82, 0x17, 0xD6, 0xE7, 0xDC, 0x5F, 0x56, 0xE4, 0xDB, 0x11, 0xA0, 0x53, 0xFF, 0xDF, 0xB6, 0xC7,
    0x45, 0x12, 0x50, 0x26, 0x7B, 0x03, 0x15, 0x32, 0x90, 0xCC, 0x49, 0x93, 0xF5, 0x1B, 0x1B, 0xD8,
    0x30, 0x92, 0x0F, 0xB9, 0xF9, 0x25, 0x7C, 0xB2, 0x01, 0xDA, 0xFF, 0x45, 0x66, 0xB8, 0x46, 0xC5,
    0x14, 0xE7, 0x46, 0x49, 0xDC, 0x4E, 0xD2, 0xDE, 0x00, 0xDB, 0x4B, 0x80, 0xA0, 0x75, 0x06, 0x6D,
    0xA5, 0x6A, 0x6F, 0x9B, 0xAD, 0x25, 0xCA, 0x21, 0x24, 0xF9, 0xD6, 0x82, 0xE6, 0xB2, 0xD4, 0xC8,
    0x5B, 0x4D, 0x5D, 0x8F, 0x2F, 0x02, 0x2E, 0xF5, 0x2F, 0xCB, 0xE6, 0xC4, 0xE9, 0xD6, 0x27, 0x0E,
    0x19, 0xED, 0x32, 0x6D, 0xAB, 0xB3, 0xA6, 0xCF, 0xF9, 0x6D, 0x7C, 0x9A, 0x50, 0x5F, 0x2D, 0xD7,
    0xAD, 0x84, 0xDA, 0x5A, 0xD2, 0x9A, 0xCF, 0x6D, 0x25, 0xAD, 0x99, 0xD9, 0x3B, 0xB0, 0x12, 0x65,
    0x56, 0x57, 0xF8, 0xBE, 0x2A, 0xB4, 0xAA, 0xBA, 0x0A, 0x1F, 0x41, 0xBD, 0x96, 0x48, 0x9A, 0x8B,
    0xBD, 0x30, 0x40, 0xF0, 0x5C, 0x7D, 0xE3, 0xB2, 0xED, 0x4D, 0xDD, 0xDE, 0x8A, 0x6E, 0x63, 0x38,
    0x27, 0x4D, 0x86, 0xDB, 0xFC, 0x56, 0xB4, 0x7B, 0x0D, 0xFD, 0x7F, 0x9D, 0x98, 0x31, 0xAC, 0xE4,
    0x46, 0x19, 0xC7, 0x7F, 0xF6, 0x80, 0xB6, 0x30, 0xF7, 0x86, 0x82, 0xF6, 0x6E, 0x1B, 0xCA, 0xBB,
    0xE7, 0x26, 0xC5, 0x09, 0xCD, 0xAE, 0xDD, 0x51, 0xA4, 0x48, 0x5F, 0xD0, 0x51, 0x22, 0x41, 0x11,
    0xC1, 0x93, 0xB2, 0xD1, 0xBA, 0xA3, 0x4B, 0xE8, 0xA8, 0x82, 0xE8, 0x05, 0x52, 0xA4, 0x7B, 0x12,
    0x2B, 0xF4, 0x4E, 0x3B, 0x77, 0xD7, 0x73, 0xAB, 0x5C, 0x0F, 0x16, 0x27, 0x44, 0x11, 0x89, 0x7C,
    0x08, 0x83, 0x36, 0x3A, 0x3F, 0x0F, 0x63, 0xCF, 0xBE, 0xBB, 0xC9, 0xE6, 0x5E, 0x62, 0xAF, 0xDF,
    0x7F, 0x56, 0xDA, 0x99, 0xEF, 0xEF, 0xDF, 0x7C, 0x7E, 0x33, 0x9E, 0x99, 0xD5, 0xAE, 0xD2, 0xCE,
    0x12, 0xAE, 0x96, 0xA4, 0x25, 0xBD, 0x46, 0xFD, 0x15, 0xF5, 0x9C, 0xD9, 0xC7, 0x64, 0xEF, 0x95,
    0x3A, 0xAB, 0xF4, 0xCC, 0xDE, 0x53, 0x36, 0x77, 0xB6, 0x70, 0xB5, 0x49, 0xE4, 0x02, 0xB9, 0x44,
    0x84, 0x4D, 0xEC, 0x9D, 0x75, 0xF8, 0x00, 0x93, 0xD6, 0x24, 0x32, 0x73, 0x92, 0x3B, 0xF9, 0x30,
    0x91, 0x8D, 0x57, 0x2A, 0x2B, 0x25, 0x45, 0x27, 0xFA, 0x4B, 0x39, 0x53, 0x55, 0xE6, 0xCA, 0xF4,
    0xFA, 0x14, 0xD6, 0x99, 0xB2, 0xD9, 0xBB, 0xC1, 0x3B, 0x16, 0x37, 0x15, 0x01, 0x82, 0xB2, 0x83,
    0x3C, 0xE6, 0xF1, 0x28, 0x44, 0x6A, 0x51, 0x15, 0x59, 0x85, 0xF2, 0xB0, 0x0D, 0x1A, 0x16, 0xB0,
    0x01, 0x50, 0x1D, 0xDA, 0xD9, 0xA5, 0xAA, 0x0D, 0x62, 0xF8, 0xBD, 0x81, 0x23, 0x0D, 0x95, 0xE2,
    0x03, 0x7C, 0x98, 0x0F, 0x8E, 0xBD, 0xC1, 0x3E, 0xF7, 0xF6, 0x54, 0x06, 0x3B, 0x91, 0xC4, 0x57,
    0xCE, 0x83, 0xA5, 0x45, 0x7D, 0x81, 0x7E, 0xD7, 0x4E, 0xC3, 0xC5, 0xDE, 0x1F, 0xDB, 0x09, 0xB8,
    0x4B, 0x68, 0x61, 0xCF, 0x29, 0xB8, 0xCD, 0xC1, 0x3B, 0x1E, 0xE7, 0xF3, 0xF2, 0x3D, 0xA4, 0x3D,
    0x01, 0xE7, 0xF3, 0x0A, 0xDE, 0x29, 0xB8, 0xAC, 0x7A, 0x6D, 0x29, 0xAE, 0x29, 0x5C, 0x65, 0xD4,
    0xCE, 0xA4, 0xFD, 0x08, 0x31, 0x1C, 0xCB, 0x57, 0xFA, 0x26, 0x1F, 0xE0, 0xC3, 0x7C, 0x30, 0xD9,
    0x47, 0x64, 0xBF, 0x23, 0xFB, 0x84, 0xD9, 0x27, 0xFA, 0x9F, 0x55, 0xF1, 0xAA, 0xBA, 0xD2, 0xD5,
    0x65, 0x56, 0x35, 0x91, 0xFC, 0x57, 0x5F, 0xE9, 0xE3, 0xF5, 0xE7, 0x95, 0x76, 0xA5, 0x76, 0xB5,
    0xA6, 0xD1, 0x6C, 0x34, 0x2B, 0x8D, 0xF1, 0xDA, 0x8A, 0x71, 0x62, 0x34, 0x41, 0xAB, 0xA1, 0xA9,
    0xE9, 0xC3, 0x5C, 0x49, 0x22, 0xBD, 0x5C, 0xC7, 0xB6, 0xEB, 0x47, 0xE3, 0x97, 0x32, 0xEF, 0x7C,
    0xB2, 0x62, 0xD2, 0xA1, 0x27, 0x41, 0xA9, 0xAF, 0xF1, 0xF5, 0x7D, 0x6B, 0xEE, 0x28, 0x1C, 0xE1,
    0x72, 0xCE, 0x7A, 0x09, 0xC4, 0x72, 0xAE, 0x74, 0x8E, 0xA3, 0xCA, 0x10, 0x19, 0x4F, 0xEA, 0xF0,
    0xDC, 0x16, 0xC3, 0x63, 0xBF, 0x40, 0xD6, 0xCE, 0xAB, 0xBE, 0x00, 0x03, 0x8B, 0xB4, 0x0E, 0xCF,
    0xCD, 0x68, 0xF2, 0x8E, 0x6C, 0x7F, 0x0A, 0xEB, 0x4C, 0x55, 0x61, 0x52, 0x8F, 0xC7, 0xA5, 0x35,
    0x4A, 0xFC, 0xE7, 0x29, 0xB8, 0x68, 0x00, 0x8F, 0xC5, 0x4D, 0x46, 0xDC, 0x03, 0x33, 0xA8, 0xB0,
    0x64, 0xF6, 0x30, 0xF0, 0xD4, 0x2E, 0x8C, 0xA2, 0xC2, 0x79, 0xD5, 0x26, 0x46, 0x38, 0x30, 0xF0,
    0x29, 0xEC, 0x61, 0x5D, 0x91, 0xB0, 0x98, 0xA3, 0xAF, 0x50, 0x72, 0x4A, 0x82, 0xD1, 0x18, 0x1E,
    0x9B, 0x20, 0x2D, 0xC3, 0x5C, 0xAB, 0x80, 0x9B, 0xDE, 0x86, 0x31, 0xEF, 0x5D, 0x1C, 0x54, 0x48,
    0x2F, 0x0E, 0xF2, 0x01, 0xC1, 0x9B, 0xEC, 0x09, 0x13, 0x27, 0xE0, 0xFA, 0x61, 0xE9, 0xA2, 0x61,
    0x19, 0x8D, 0xCC, 0x62, 0x26, 0xBA, 0x93, 0xF4, 0x1F, 0x42, 0x52, 0xA3, 0xEA, 0xCC, 0x59, 0xDD,
    0x11, 0x2F, 0x07, 0x53, 0xD1, 0xDE, 0xAB, 0x33, 0xBC, 0xF7, 0x34, 0x74, 0x3C, 0x12, 0xA6, 0xA2,
    0x69, 0x48, 0x5A, 0x68, 0x4E, 0x44, 0x4F, 0xC6, 0x85, 0x6B, 0x05, 0x0D, 0x69, 0xCD, 0x61, 0x80,
    0xAD, 0x60, 0x4F, 0x2A, 0xA7, 0xA6, 0x1F, 0xFD, 0xD3, 0x43, 0xE4, 0x91, 0x0A, 0xD7, 0xEB, 0xAD,
    0x4D, 0xD9, 0x8E, 0xBC, 0xE1, 0x6A, 0x41, 0xB8, 0x94, 0x8D, 0xF4, 0x5C, 0x94, 0x6B, 0x55, 0xBD,
    0x54, 0x76, 0x7E, 0x9B, 0x34, 0x2B, 0x6E, 0x8A, 0x73, 0xAE, 0xDA, 0x3A, 0x57, 0xBE, 0xAE, 0x73,
    0x6D, 0x28, 0xAC, 0xBE, 0xA1, 0xF4, 0x72, 0xD7, 0xBD, 0x34, 0xE8, 0xBC, 0xD2, 0x5B, 0xD1, 0x4F,
    0x5E, 0xBF, 0x49, 0x8F, 0x05, 0xE4, 0x9A, 0x1F, 0xFD, 0x85, 0x77, 0x5A, 0xBE, 0x0F, 0xC0, 0x00,
    0x2D, 0xD5, 0x8E, 0x6F, 0x95, 0x0F, 0xF3, 0xC1, 0x80, 0xFA, 0xBB, 0xCD, 0x7E, 0x69, 0xF5, 0xFC,
    0x30, 0xD0, 0x8B, 0x96, 0xBC, 0x05, 0xF3, 0x76, 0x15, 0x6E, 0xBF, 0x76, 0x6D, 0xD1, 0x51, 0x38,
    0x38, 0x89, 0x98, 0x39, 0xAB, 0x9D, 0x1D, 0xCF, 0x7A, 0x78, 0x46, 0x7E, 0x4D, 0xD6, 0x9C, 0xC2,
    0xD2, 0xA9, 0x9D, 0xFD, 0xBA, 0x4A, 0x3A, 0xC6, 0xE3, 0xA6, 0x22, 0x54, 0x85, 0x66, 0x90, 0x90,
    0x0A, 0x5C, 0x40, 0x0B, 0x57, 0x13, 0x88, 0x84, 0x8D, 0xD6, 0x8E, 0xB4, 0x83, 0xC7, 0xA4, 0x3B,
    0x94, 0xA0, 0xEA, 0x53, 0xF2, 0x1D, 0x85, 0xC3, 0x4B, 0x7D, 0xC1, 0x9B, 0xED, 0xD1, 0x66, 0x74,
    0x31, 0x5C, 0xFA, 0xD2, 0x90, 0x27, 0x82, 0x76, 0x3B, 0x52, 0x57, 0x42, 0x5E, 0xB2, 0xDE, 0x25,
    0xD2, 0x00, 0xC0, 0x3A, 0xAC, 0xCE, 0xFA, 0xDB, 0x94, 0x53, 0xB4, 0x14, 0x35, 0x86, 0xA6, 0x9F,
    0x7A, 0x6A, 0x67, 0x66, 0xD6, 0xE8, 0xD2, 0x68, 0xCC, 0xB2, 0x6F, 0xF2, 0x32, 0xE7, 0xF4, 0x5F,
    0xB3, 0xCA, 0x28, 0x6B, 0x0E, 0xBB, 0xA3, 0xFD, 0x9B, 0x37, 0x86, 0xA0, 0x76, 0x08, 0x91, 0xD4,
    0x4E, 0xB2, 0x4A, 0xE6, 0xC8, 0x02, 0xB9, 0xC2, 0x09, 0xAE, 0x41, 0x56, 0xC8, 0x12, 0xD1, 0x48,
    0x66, 0x45, 0xD5, 0xC1, 0x9D, 0x08, 0xCA, 0xA2, 0xCB, 0x60, 0xB1, 0xA2, 0x87, 0x98, 0xD8, 0x92,
    0x23, 0xBA, 0x94, 0x59, 0x6F, 0xF1, 0x61, 0xE7, 0xB0, 0x0A, 0xD8, 0xD1, 0x5A, 0xBB, 0xDA, 0x8B,
    0x39, 0x18, 0x10, 0x80, 0xED, 0x9E, 0xF5, 0x1E, 0x36, 0xDF, 0xA8, 0x8B, 0xC1, 0x5C, 0x74, 0xE8,
    0x6E, 0x32, 0x2B, 0x5C, 0x57, 0x43, 0x76, 0xBB, 0xC9, 0x38, 0xC2, 0x75, 0x93, 0xED, 0xEA, 0x01,
    0xAB, 0xFB, 0xAC, 0x8C, 0xD7, 0x28, 0xFA, 0x76, 0xFF, 0x70, 0xBD, 0xBF, 0x60, 0xF3, 0xBE, 0xD7,
    0xE9, 0xD9, 0x65, 0x76, 0xA5, 0x6B, 0xFF, 0xF9, 0xF5, 0xFB, 0x3B, 0x81, 0xAD, 0x00, 0x6F, 0x2D,
    0xDA, 0xBE, 0x29, 0x51, 0x7D, 0x83, 0xB7, 0xB7, 0x30, 0x6F, 0x99, 0xD9, 0x48, 0xCF, 0xCA, 0xD9,
    0xDF, 0x98, 0xF9, 0xCA, 0x9A, 0xDC, 0xB2, 0xB5, 0xFC, 0x36, 0x6E, 0x75, 0x9D, 0xD7, 0x57, 0x1F,
    0xDF, 0x2F, 0xF8, 0xB3, 0xB0, 0xAD, 0x78, 0x8C, 0xDA, 0xA3, 0xF7, 0x7C, 0xEF, 0x6B, 0xF9, 0xC4,
    0x27, 0x9C, 0x25, 0x52, 0x78, 0x95, 0x52, 0x54, 0x52, 0x58, 0x59, 0xEE, 0xC4, 0xD4, 0x62, 0x44,
    0xCC, 0xA5, 0x18, 0x33, 0xE8, 0xAE, 0x18, 0x3D, 0x68, 0x26, 0x46, 0x49, 0xEC, 0x05, 0x8C, 0xA3,
    0xB8, 0x59, 0x44, 0x6F, 0xD3, 0x54, 0xC4, 0xD1, 0xB4, 0x19, 0x83, 0x38, 0xB2, 0xC4, 0xDB, 0xAF,
    0xA9, 0xF4, 0xF8, 0xB4, 0x33, 0x32, 0xC1, 0xCC, 0x32, 0x87, 0x05, 0xE1, 0x1A, 0xB5, 0xFA, 0x86,
    0x5E, 0x85, 0x2E, 0x79, 0x2D, 0x8E, 0xBA, 0x74, 0x6F, 0xE8, 0x4F, 0x26, 0x46, 0x0D, 0x4A, 0xE4,
    0x30, 0x51, 0x9C, 0xA5, 0x8B, 0xBB, 0x74, 0x6B, 0xAF, 0x48, 0xEA, 0xD7, 0xF1, 0x47, 0x07, 0x89,
    0x68, 0x1F, 0x7C, 0x8B, 0x12, 0xF1, 0x01, 0x61, 0xD3, 0x13, 0x7B, 0x67, 0xD1, 0x86, 0x69, 0xC5,
    0x8D, 0x0E, 0xF1, 0xB5, 0x6F, 0x9A, 0xC5, 0x5B, 0xC9, 0xE9, 0xAC, 0xE8, 0x10, 0x32, 0x16, 0xC7,
    0xBF, 0x45, 0x3D, 0xB3, 0xD9, 0x7B, 0xD3, 0x71, 0x91, 0x77, 0x3C, 0x2E, 0xFB, 0xDC, 0x91, 0x3B,
    0xC7, 0x42, 0x97, 0x98, 0xEC, 0xB8, 0x74, 0xA1, 0x1C, 0xD5, 0xFB, 0xD8, 0xDE, 0x33, 0x78, 0xF5,
    0xCB, 0x7D, 0xE1, 0xAE, 0xCD, 0x52, 0x5F, 0x3C, 0x18, 0x94, 0xBB, 0x8B, 0xBC, 0xBB, 0x78, 0x80,
    0x97, 0x59, 0x9E, 0xF9, 0x26, 0x1F, 0x10, 0x4F, 0xB0, 0x61, 0xEF, 0x62, 0xCD, 0xE1, 0xB8, 0xDC,
    0x1C, 0x72, 0x50, 0xB5, 0xAF, 0xF4, 0x4D, 0x66, 0x8E, 0xD1, 0x65, 0xBF, 0x16, 0x1D, 0x72, 0x6E,
    0x58, 0x0E, 0x46, 0x21, 0x5C, 0xFF, 0xEB, 0x78, 0xE5, 0xCA, 0x76, 0x66, 0xF7, 0xCA, 0x36, 0x5E,
    0x49, 0xD9, 0xC0, 0x91, 0x26, 0x23, 0x8E, 0x66, 0xDA, 0xCF, 0x6B, 0xBD, 0x6D, 0xB4, 0x5D, 0xE9,
    0xCA, 0x07, 0x7A, 0xFD, 0x40, 0x97, 0x1C, 0x29, 0x5C, 0x59, 0x15, 0x16, 0x98, 0x78, 0x72, 0x4E,
    0xA6, 0x9F, 0x6B, 0xB2, 0x2B, 0xD2, 0x29, 0x09, 0xC6, 0xCF, 0x33, 0x1A, 0x22, 0xB5, 0x19, 0xAA,
    0xF3, 0xDF, 0x90, 0x75, 0xB0, 0xB5, 0xA8, 0x1A, 0xE4, 0xA7, 0xC8, 0x06, 0x59, 0xA4, 0x92, 0x87,
    0xE1, 0x15, 0x79, 0x81, 0xCC, 0x1D, 0x7E, 0x88, 0x32, 0xB0, 0x84, 0xB9, 0x2B, 0x93, 0xED, 0x8E,
    0x44, 0x7E, 0xC8, 0xB0, 0xC1, 0x77, 0xBB, 0xCC, 0x95, 0xF1, 0x8E, 0x7E, 0x32, 0xCE, 0x7B, 0xFF,
    0x15, 0xBC, 0x63, 0x71, 0x63, 0x10, 0x17, 0x31, 0xA2, 0x86, 0x2B, 0x38, 0x47, 0x5D, 0x93, 0x36,
    0xA3, 0x10, 0xD4, 0xF0, 0x21, 0xCC, 0x49, 0x87, 0x83, 0x66, 0xFC, 0xEF, 0x9B, 0x98, 0x60, 0xE4,
    0x1D, 0x9D, 0xA0, 0x73, 0xFB, 0xAD, 0x6B, 0x68, 0x18, 0xAB, 0x77, 0x20, 0x87, 0xAC, 0xC2, 0x95,
    0x3C, 0x7E, 0x53, 0x5F, 0xB8, 0xD6, 0xEB, 0xED, 0x96, 0x4B, 0x58, 0xEF, 0x99, 0xB7, 0x9C, 0x41,
    0xB6, 0x03, 0x21, 0xAF, 0x99, 0x57, 0x71, 0x6F, 0x27, 0x77, 0x03, 0xE9, 0xD5, 0xD4, 0xFC, 0xB7,
    0x1E, 0x49, 0xBF, 0x0D, 0x51, 0xB8, 0x5D, 0xEE, 0x76, 0xB7, 0xB3, 0x8E, 0x6F, 0xAE, 0x9D, 0xCC,
    0x9D, 0x1C, 0xA7, 0x06, 0xD9, 0x33, 0x7B, 0xF6, 0xA8, 0xBA, 0x53, 0xF0, 0x1D, 0x08, 0xC7, 0xCD,
    0x11, 0xAA, 0xC3, 0xEB, 0x72, 0xD6, 0x01, 0xCC, 0xC6, 0xDE, 0xA1, 0x3E, 0x5E, 0x3F, 0x4E, 0x22,
    0x8E, 0xF2, 0x46, 0xAC, 0x78, 0xED, 0x99, 0xCA, 0x8A, 0xD7, 0x9E, 0x91, 0xB8, 0xA4, 0x45, 0x7D,
    0x84, 0xCA, 0xFA, 0xCF, 0xA4, 0x9D, 0x4C, 0x3C, 0xB2, 0x8F, 0x84, 0xC6, 0x8B, 0xD6, 0x54, 0x62,
    0xEC, 0x1D, 0x89, 0x9B, 0x84, 0x50, 0x0E, 0x0C, 0x5C, 0xC2, 0x06, 0xD6, 0x15, 0xF3, 0x6A, 0xAC,
    0xE5, 0x53, 0x68, 0x06, 0xCB, 0x77, 0xA1, 0x00, 0x5C, 0x85, 0xFA, 0xAC, 0x06, 0xE0, 0x72, 0x99,
    0xF9, 0xA2, 0xB9, 0x28, 0x34, 0x0F, 0xFB, 0xF2, 0x81, 0xC6, 0xFC, 0xEA, 0x0C, 0xF3, 0xE8, 0x9E,
    0x2F, 0x3F, 0xE1, 0xFE, 0xCB, 0x3F, 0xFA, 0xF2, 0x07, 0x1E, 0xBC, 0x68, 0xB9, 0xF7, 0xB4, 0x45,
    0xF7, 0xE5, 0xC9, 0x3E, 0x14, 0xDB, 0x40, 0x01, 0xAF, 0xAA, 0x9B, 0xBB, 0xF1, 0xFE, 0x42, 0x3F,
    0x5C, 0x6A, 0x53, 0x9C, 0x99, 0x0F, 0xEE, 0x98, 0x3F, 0xDD, 0xBD, 0xFF, 0xE8, 0xFE, 0xDD, 0x97,
    0x3F, 0xBB, 0xF3, 0xE2, 0xEA, 0xEC, 0xC5, 0x5E, 0x3F, 0xDD, 0xEB, 0x27, 0x4D, 0xF6, 0x44, 0x28,
    0xC0, 0x1D, 0x2C, 0x86, 0xF9, 0x79, 0xF8, 0x15, 0xB8, 0x6C, 0x66, 0x56, 0xD4, 0x67, 0xBB, 0xE4,
    0x3F, 0xD6, 0xDF, 0x90, 0x35, 0x2C, 0x61, 0x71, 0xAC, 0xA3, 0x57, 0x78, 0x43, 0xB3, 0x42, 0x4C,
    0x5A, 0x9F, 0xAB, 0x9D, 0x56, 0x56, 0x67, 0x55, 0xF6, 0x31, 0xEA, 0x79, 0x1F, 0x93, 0xB4, 0xE0,
    0xD5, 0xC0, 0xCD, 0x66, 0x4D, 0x59, 0xD4, 0x93, 0x7A, 0xF6, 0x42, 0xD4, 0xD3, 0x93, 0xD0, 0xF1,
    0xC6, 0xC1, 0xD5, 0x5E, 0xA8, 0x1D, 0x33, 0x7B, 0x38, 0x26, 0x99, 0xA1, 0x49, 0x50, 0xF5, 0xA1,
    0x6E, 0x0E, 0xE6, 0x70, 0x62, 0x91, 0xC8, 0x1B, 0xD9, 0x43, 0xDC, 0xF2, 0xE6, 0x9C, 0x76, 0xF8,
    0x16, 0x5A, 0x25, 0xFE, 0xE5, 0x6E, 0x32, 0x2E, 0xF2, 0x8E, 0xC4, 0xC5, 0x2F, 0xE3, 0xA9, 0xB8,
    0xD8, 0x3B, 0x16, 0xE7, 0x8A, 0x6E, 0xC5, 0x86, 0xCB, 0x5B, 0xFE, 0xFE, 0x0F, 0xAD, 0x94, 0x81,
    0x86, 0xDC, 0x5E, 0x14, 0x87, 0xBF, 0x9B, 0x8B, 0xF8, 0x0B, 0x7B, 0xDE, 0x60, 0x02, 0x8B, 0x3F,
    0xEC, 0xE6, 0x05, 0xEE, 0x4C, 0x06, 0x80, 0x62, 0x5F, 0xA1, 0xE8, 0x23, 0x14, 0x8B, 0xD4, 0xA6,
    0xA0, 0x80, 0xF6, 0x09, 0xFA, 0x0C, 0x8B, 0xC5, 0xA0, 0xED, 0xE4, 0x0D, 0x76, 0x9E, 0xA0, 0xA2,
    0x55, 0x00, 0x3D, 0x08, 0xB2, 0x64, 0x73, 0x9A, 0xE8, 0x8C, 0xEC, 0xAC, 0x31, 0xD6, 0x28, 0x1F,
    0x88, 0xDF, 0x77, 0xEE, 0xC9, 0x39, 0xEE, 0x85, 0xD7, 0x70, 0xEB, 0x7B, 0x4D, 0x4D, 0x17, 0x7E,
    0x13, 0x5C, 0x1D, 0xD0, 0xC3, 0xB8, 0x31, 0x90, 0x5A, 0xE5, 0x7B, 0xE0, 0xED, 0x40, 0x6C, 0x4D,
    0x6A, 0xF5, 0xC2, 0xD7, 0xC1, 0x69, 0xC1, 0x8E, 0x6D, 0xB2, 0x1E, 0x92, 0x71, 0x0F, 0x9C, 0xC1,
    0x2C, 0xB8, 0xC7, 0xE0, 0x9A, 0xE1, 0xFB, 0x51, 0xEA, 0xB1, 0xFE, 0xD6, 0xFA, 0x6F, 0x10, 0x07,
    0x82, 0xEB, 0x83, 0x6B, 0x8F, 0x84, 0x7D, 0x8F, 0x24, 0xA5, 0xFF, 0x0D, 0x1D, 0x00, 0x1D, 0xAE,
    0x23, 0x7A, 0xC4, 0x7F, 0xC7, 0xDF, 0x13, 0x7F, 0x24, 0xB9, 0x5A, 0x0E, 0x01, 0x89, 0xAB, 0x99,
    0xAF, 0x32, 0xAB, 0x72, 0x1B, 0xBB, 0xBD, 0x46, 0xEF, 0x50, 0x65, 0x25, 0xAF, 0xAA, 0xC9, 0x85,
    0xB8, 0x67, 0xC8, 0x84, 0xA8, 0xC6, 0x69, 0x6C, 0x9A, 0x99, 0xBE, 0x73, 0xBA, 0x1A, 0x88, 0xB4,
    0xF0, 0x9A, 0xF7, 0x2A, 0x0F, 0x2A, 0x1F, 0xF6, 0x94, 0xBC, 0x23, 0xEB, 0x20, 0x1C, 0x26, 0xB7,
    0xF6, 0xC6, 0xBA, 0xA9, 0xC3, 0xDD, 0x29, 0x43, 0xE7, 0xC7, 0xE7, 0xF6, 0x4C, 0x39, 0x32, 0xB4,
    0x69, 0x0E, 0x56, 0x8A, 0x55, 0x00, 0x20, 0x71, 0x99, 0x5E, 0x55, 0x43, 0x91, 0x97, 0xEB, 0x08,
    0xCC, 0x61, 0xC5, 0xC9, 0x15, 0xA6, 0x9E, 0x4F, 0xAD, 0x90, 0x54, 0x44, 0x35, 0x34, 0xFF, 0xA6,
    0x07, 0xFF, 0x64, 0xCE, 0x81, 0x7A, 0x5A, 0x4B, 0xAE, 0x23, 0x6C, 0x19, 0x02, 0x93, 0xDB, 0x43,
    0xBB, 0x5B, 0xD3, 0xC3, 0xDF, 0x4B, 0xA1, 0x21, 0xDA, 0x3F, 0x2E, 0xD2, 0x3C, 0x56, 0xE9, 0x35,
    0xFA, 0xA5, 0xB8, 0x1A, 0x5F, 0x27, 0x56, 0x49, 0xCF, 0x6E, 0xAD, 0x9B, 0x31, 0xC3, 0x61, 0xA6,
    0x15, 0x1B, 0x04, 0xB8, 0x83, 0x15, 0xDC, 0x94, 0xA4, 0x65, 0x3C, 0x75, 0x7B, 0x54, 0xB9, 0x85,
    0x06, 0xD6, 0x25, 0xD9, 0x72, 0xB7, 0xB2, 0x53, 0x7E, 0x16, 0xD9, 0x36, 0x70, 0xDA, 0xCF, 0xE2,
    0x2B, 0x64, 0xC9, 0x25, 0x40, 0x64, 0x36, 0xE0, 0xEF, 0x19, 0x88, 0xEF, 0x49, 0xC6, 0x4B, 0x87,
    0x48, 0x2F, 0xF2, 0x28, 0x42, 0x6A, 0x64, 0xC6, 0x5C, 0x08, 0x23, 0x56, 0x88, 0x3D, 0x75, 0x01,
    0xF9, 0xD9, 0x66, 0xF6, 0x35, 0x2C, 0x84, 0x8B, 0x11, 0x31, 0xCB, 0xAD, 0x2F, 0x2E, 0xB8, 0xBE,
    0x20, 0xCC, 0x25, 0xB7, 0x6F, 0xF2, 0xA3, 0x7D, 0xAA, 0x38, 0xFB, 0x1C, 0x5B, 0x27, 0x65, 0x2B,
    0x74, 0x12, 0x75, 0xE2, 0x3B, 0x49, 0x0A, 0x39, 0x0B, 0x12, 0x82, 0x5C, 0x07, 0xD1, 0x20, 0x9B,
    0x20, 0x55, 0x31, 0x06, 0x4C, 0xE7, 0x56, 0x9E, 0xC3, 0xFE, 0x89, 0x33, 0x67, 0x5F, 0x62, 0x6B,
    0xE4, 0x7D, 0xB3, 0x75, 0x67, 0xA3, 0x3B, 0x8A, 0x75, 0x21, 0xD5, 0x68, 0x5D, 0x5A, 0xF9, 0xFF,
    0x6E, 0xA4, 0xBB, 0x57, 0x91, 0x39, 0x64, 0x9F, 0x48, 0x7A, 0x58, 0x57, 0xF8, 0x1A, 0xF4, 0x0D,
    0xBA, 0x42, 0xE7, 0x91, 0x66, 0xDB, 0x57, 0x0B, 0x80, 0x02, 0x14, 0xBF, 0x21, 0xB1, 0xED, 0x63,
    0x12, 0x60, 0x01, 0xA9, 0x2D, 0xDD, 0x7A, 0x83, 0xD3, 0x73, 0x74, 0x9C, 0xAA, 0x6D, 0x12, 0x5B,
    0x3E, 0x53, 0xCC, 0xDA, 0xB5, 0x35, 0x34, 0xBC, 0x90, 0x7D, 0x7D, 0xFA, 0x9E, 0x5B, 0x37, 0x70,
    0x58, 0xB9, 0x83, 0x9B, 0x96, 0xB4, 0x03, 0x60, 0x9A, 0xCC, 0x1F, 0x14, 0xCC, 0x01, 0x66, 0xC4,
    0x40, 0x14, 0x80, 0xE1, 0x3F, 0x9D, 0x12, 0x35, 0x74, 0x00, 0x8A, 0xD5, 0x5C, 0x20, 0x09, 0x28,
    0xE0, 0x65, 0x67, 0x6E, 0xD0, 0xEB, 0x0C, 0xB6, 0x66, 0x0E, 0x54, 0xC4, 0x5A, 0x5A, 0x84, 0x3E,
    0xA0, 0x00, 0x3D, 0x42, 0x8E, 0xB0, 0xA1, 0x08, 0x86, 0xE9, 0x16, 0xE0, 0xC3, 0x37, 0xE1, 0x68,
    0xD5, 0x31, 0x10, 0x31, 0x57, 0xDC, 0xC2, 0xE8, 0x80, 0xE3, 0xE1, 0xE3, 0x7D, 0xDB, 0xE1, 0xAB,
    0xD4, 0x32, 0xF7, 0x31, 0x76, 0x6B, 0x2C, 0xCB, 0x45, 0xCA, 0xDB, 0x45, 0x3C, 0x49, 0x8D, 0xDA,
    0xF0, 0x80, 0x0F, 0x67, 0x5D, 0xF5, 0xAC, 0x3E, 0xD8, 0x57, 0x9E, 0x07, 0x24, 0x32, 0x76, 0xD8,
    0xE5, 0x3F, 0x9A, 0x04, 0xE7, 0x30, 0xDF, 0xD9, 0x68, 0x9B, 0x5D, 0xE8, 0x38, 0xD2, 0xF7, 0xB2,
    0x87, 0x5B, 0xE3, 0xF3, 0xA6, 0x9B, 0xFA, 0x9B, 0x8E, 0x9C, 0x78, 0x62, 0xA2, 0xD5, 0xA4, 0x29,
    0xDC, 0x23, 0xCC, 0xEC, 0xA4, 0xDC, 0xE0, 0x6B, 0xDD, 0x53, 0xAD, 0x05, 0x04, 0x7E, 0xB9, 0x5B,
    0x31, 0x8A, 0x83, 0x01, 0x4E, 0x70, 0xC5, 0xFC, 0x60, 0x33, 0x0E, 0x04, 0x3E, 0x81, 0x26, 0x60,
    0x02, 0x16, 0x1E, 0xE1, 0x00, 0x02, 0x2F, 0x30, 0xC3, 0x4A, 0xA3, 0x18, 0xE5, 0x6F, 0x98, 0x92,
    0x00, 0xA5, 0x98, 0x31, 0x8C, 0xE4, 0x48, 0x15, 0x86, 0x7F, 0xBB, 0x00, 0x0B, 0x59, 0xDA, 0xDA,
    0x80, 0x00, 0x11, 0x8C, 0x13, 0xC2, 0x99, 0xE9, 0x74, 0x90, 0xAA, 0xDB, 0x46, 0x1B, 0x9E, 0xC4,
    0x92, 0x47, 0x17, 0x5C, 0xC6, 0x91, 0x5D, 0xE0, 0xC0, 0x47, 0x9B, 0xBB, 0x80, 0x00, 0x89, 0xBD,
    0x3C, 0xBA, 0x3C, 0x9A, 0xC0, 0xB0, 0x2D, 0xD1, 0xDA, 0xF6, 0x92, 0x0B, 0x2C, 0x2E, 0x85, 0x53,
    0x49, 0x40, 0x8A, 0x9E, 0x84, 0xA5, 0x33, 0x4B, 0x4F, 0x3F, 0x5E, 0x95, 0xDD, 0xB3, 0x5E, 0xF7,
    0x30, 0xEB, 0x16, 0x3D, 0xDF, 0x6B, 0xB9, 0x5F, 0xBD, 0xAA, 0xF2, 0xA8, 0x9E, 0xFF, 0x57, 0xE5,
    0xCB, 0x27, 0x58, 0x2D, 0xB0, 0x4C, 0x00, 0x80, 0xB9, 0x16, 0x08, 0x18, 0xC3, 0x9C, 0x31, 0xE3,
    0xC4, 0x59, 0x3B, 0xF6, 0xE0, 0x0E, 0x3A, 0x3B, 0xF2, 0x41, 0xA3, 0xD7, 0x9D, 0x6E, 0x0B, 0x5D,
    0x1B, 0x9D, 0x2D, 0x4F, 0x01, 0x0C, 0x50, 0x60, 0xD1, 0x62, 0xD1, 0x60, 0x05, 0x6C, 0xFC, 0x58,
    0xC0, 0x9A, 0x69, 0xCD, 0xB6, 0x00, 0x66, 0xA2, 0x0E, 0xD0, 0x5C, 0xAF, 0x94, 0x35, 0x20, 0x83,
    0x2F, 0x0D, 0x20, 0xA4, 0x07, 0xA4, 0x77, 0xE8, 0xAF, 0xBD, 0x93, 0x56, 0xA1, 0x95, 0x30, 0x09,
    0x16, 0x12, 0x17, 0xDF, 0x98, 0x40, 0xBA, 0x60, 0x09, 0x2C, 0xBE, 0x40, 0x7C, 0x00, 0x76, 0x35,
    0x94, 0x05, 0xE8, 0x23, 0xD0, 0x06, 0xB4, 0x0C, 0x69, 0xC1, 0x75, 0x74, 0x00, 0x73, 0xB9, 0xE3,
    0x4C, 0x35, 0x78, 0x2F, 0x12, 0x26, 0xC1, 0xE6, 0x02, 0x9F, 0xA6, 0x30, 0xD7, 0x00, 0xCE, 0xEE,
    0x0B, 0x6C, 0x1E, 0xC7, 0xA0, 0x32, 0x68, 0x17, 0x01, 0x69, 0x6E, 0x42, 0xCE, 0x62, 0xE9, 0xE2,
    0xED, 0xD9, 0x43, 0x76, 0x10, 0xE3, 0x3A, 0x7E, 0xF6, 0xB9, 0xD8, 0x67, 0xCE, 0x9A, 0x58, 0x7D,
    0x56, 0x6B, 0xF5, 0x79, 0x9D, 0x2A, 0xAE, 0x8D, 0x3A, 0x80, 0x6E, 0x1E, 0x80, 0xD9, 0xBE, 0x39,
    0xEC, 0xE9, 0xC6, 0xD0, 0xCD, 0x25, 0xDD, 0x5C, 0xF9, 0x6F, 0x43, 0xAB, 0x3D, 0xA5, 0xF6, 0xEC,
    0x35, 0xD6, 0xC0, 0xD2, 0xDF, 0x39, 0x60, 0xD0, 0x9A, 0x80, 0x8C, 0x6A, 0x4C, 0xE4, 0xA2, 0x8D,
    0x86, 0x59, 0x21, 0xDD, 0x3B, 0xCC, 0x35, 0xDC, 0xCF, 0xB8, 0x34, 0xAA, 0x36, 0xC3, 0x42, 0x76,
    0x4F, 0x54, 0x19, 0x73, 0x16, 0xDE, 0x01, 0x40, 0x8B, 0x76, 0x0B, 0x92, 0xEE, 0xCB, 0xB0, 0x49,
    0x54, 0xAD, 0xA3, 0x3A, 0xFE, 0x75, 0xA6, 0xFE, 0x04, 0xF5, 0x47, 0x04, 0x12, 0xB0, 0xF7, 0x53,
    0xB4, 0x00, 0x21, 0xB4, 0x50, 0x0D, 0x24, 0x72, 0x26, 0x29, 0x3B, 0xD0, 0xC2, 0xF1, 0x21, 0xB0,
    0x47, 0xB0, 0x87, 0x4C, 0xAA, 0xBE, 0x86, 0x8C, 0x1F, 0xBD, 0x40, 0xFC, 0x3C, 0xD3, 0x71, 0x29,
    0x33, 0x5E, 0xA8, 0x5A, 0x12, 0x22, 0x65, 0x2B, 0xBD, 0x72, 0x50, 0x05, 0x22, 0x6C, 0xE4, 0x67,
    0xCA, 0x8D, 0x01, 0x46, 0xF8, 0xE4, 0xE3, 0xDA, 0x84, 0x64, 0x70, 0x24, 0x24, 0xF1, 0x88, 0x7F,
    0x68, 0x52, 0x32, 0x88, 0xF7, 0x4B, 0x0A, 0x46, 0x32, 0xA6, 0x38, 0x4B, 0x13, 0xDA, 0x77, 0xE3,
    0x9B, 0x94, 0xB3, 0x73, 0x1F, 0x86, 0x88, 0xBB, 0xDE, 0xCA, 0xFC, 0x41, 0x8B, 0x47, 0xA6, 0x33,
    0x31, 0xE4, 0x48, 0xC4, 0xD6, 0xCC, 0xD8, 0x89, 0x55, 0x88, 0xEF, 0xED, 0x29, 0x82, 0xB3, 0x45,
    0x60, 0x73, 0xA9, 0x61, 0xBC, 0x5D, 0xE3, 0xFA, 0xD2, 0x40, 0x7B, 0xDB, 0x20, 0xFE, 0x98, 0xA0,
    0x98, 0x10, 0x89, 0xE9, 0x8F, 0x5B, 0xF1, 0xE5, 0xB8, 0x90, 0xB6, 0xE5, 0xE5, 0x52, 0x62, 0x2F,
    0x90, 0x4B, 0x9F, 0xF6, 0x52, 0x67, 0x91, 0x7F, 0x38, 0x97, 0xCA, 0x16, 0x01, 0x7D, 0x14, 0xF8,
    0xE5, 0x8C, 0x6A, 0xC5, 0x08, 0x79, 0x78, 0x38, 0x3F, 0x04, 0xB5, 0xA0, 0xAD, 0xA2, 0x94, 0xEB,
    0xF8, 0x00, 0xA3, 0xC8, 0x44, 0x64, 0xB4, 0xE7, 0x82, 0x8C, 0xF1, 0x7C, 0x42, 0x86, 0x1C, 0xCB,
    0x86, 0xD2, 0x9A, 0xD2, 0x92, 0xD2, 0x8C, 0x52, 0xD0, 0x0A, 0x34, 0x4E, 0xAA, 0x73, 0xFB, 0x9E,
    0x9B, 0xC0, 0x11, 0xEF, 0x1D, 0x65, 0x71, 0x4F, 0x7C, 0x4A, 0x56, 0x68, 0x14, 0xAF, 0x50, 0x6C,
    0xE4, 0x5B, 0xD1, 0x4E, 0x88, 0x6F, 0x7F, 0xFF, 0xFC, 0xF6, 0xE5, 0x6F, 0xE8, 0x77, 0x7F, 0xA1,
    0xDF, 0xEE, 0xA9, 0xEA, 0xA8, 0xBA, 0xA5, 0x0A, 0xA7, 0x3C, 0x92, 0xCF, 0x0F, 0x37, 0x8D, 0x84,
    0x8F, 0x0C, 0xFE, 0x07, 0x01, 0x49, 0x40, 0xE2, 0x85, 0xF2, 0x38, 0xD4, 0x5C, 0x24, 0x5D, 0x53,
    0xEE, 0x13, 0xBB, 0x33, 0xD8, 0x78, 0xDA, 0x21, 0x93, 0x0F, 0x30, 0x98, 0x72, 0x2A, 0xDC, 0x27,
    0x78, 0xE1, 0x56, 0x83, 0x70, 0x33, 0x77, 0x3B, 0x6E, 0xD1, 0x62, 0x26, 0xE7, 0x8A, 0x06, 0xBE,
    0x0F, 0x2C, 0x11, 0xEC, 0x4A, 0xCD, 0xED, 0xE2, 0xE7, 0x5B, 0x49, 0x61, 0xC9, 0x4C, 0x49, 0xE6,
    0x77, 0xB9, 0xB8, 0xBE, 0x5C, 0x6A, 0xEE, 0x42, 0xB6, 0x58, 0xBA, 0x2E, 0x2B, 0x2C, 0x35, 0x64,
    0x29, 0x5B, 0xF5, 0x9A, 0xC2, 0xBF, 0xD5, 0xF8, 0xA6, 0xC4, 0x0E, 0xE2, 0x45, 0x0A, 0xEC, 0x32,
    0x7C, 0x53, 0xAB, 0xAF, 0x9A, 0xE8, 0x35, 0xE9, 0xAC, 0x4B, 0x50, 0x2C, 0xB1, 0x32, 0x61, 0x33,
    0x93, 0x94, 0xBB, 0x94, 0xF7, 0x80, 0x39, 0xF2, 0xBD, 0x4D, 0x60, 0x4F, 0x29, 0x02, 0x9B, 0xB2,
    0x8D, 0xD9, 0x22, 0x98, 0x42, 0xB7, 0xD5, 0x4C, 0x98, 0x5B, 0x81, 0x6E, 0x6F, 0x67, 0xC2, 0x7C,
    0xC7, 0x7C, 0x00, 0x2E, 0x8E, 0x7C, 0x2B, 0x25, 0xC0, 0x19, 0x1E, 0x32, 0x6E, 0x01, 0x17, 0x4E,
    0x89, 0x58, 0x5C, 0xBE, 0xB5, 0xC4, 0xF9, 0x7D, 0x3B, 0xA1, 0x3A, 0x85, 0x9B, 0x8A, 0xDB, 0x8A,
    0x8A, 0x8A, 0xCC, 0x91, 0x42, 0x3C, 0xCE, 0x6F, 0x80, 0x53, 0x46, 0x29, 0xB8, 0x19, 0x08, 0xC8,
    0x6B, 0xF4, 0xBD, 0xB2, 0x34, 0x45, 0x68, 0x9D, 0xB2, 0x78, 0x14, 0x0B, 0xC3, 0xF5, 0x0F, 0x03,
    0x92, 0x26, 0x09, 0xE8, 0xCB, 0x3E, 0x2D, 0x1A, 0x5A, 0xB7, 0x44, 0x05, 0x91, 0x21, 0x3B, 0xC0,
    0x1E, 0xBA, 0x87, 0x84, 0x42, 0xC2, 0x24, 0x38, 0x62, 0xBB, 0x60, 0xBB, 0xF4, 0x4B, 0x52, 0xF9,
    0xEF, 0x6D, 0x60, 0x57, 0x81, 0x4D, 0xD8, 0x2A, 0xE1, 0xB5, 0xD5, 0xBF, 0xB4, 0x3A, 0xB0, 0xD7,
    0xA2, 0xF8, 0xBE, 0x55, 0xA6, 0x90, 0x89, 0x44, 0xF4, 0x11, 0x50, 0xC4, 0xB4, 0x60, 0xFA, 0x34,
    0xA0, 0x8D, 0x10, 0x52, 0xA1, 0x28, 0x3D, 0x90, 0xFE, 0x37, 0xE1, 0x67, 0x75, 0xC4, 0x75, 0xF2,
    0x0F, 0xF4, 0x9B, 0xA5, 0x1F, 0xF9, 0xE2, 0xF1, 0x0B, 0x2F, 0x8E, 0x05, 0x1C, 0xC7, 0x27, 0xD6,
    0x26, 0xFE, 0x9E, 0xFD, 0xBF, 0xDF, 0x0C, 0x85, 0x47, 0x35, 0xC3, 0xCF, 0x60, 0x08, 0x4B, 0xD9,
    0x7A, 0x4F, 0x2D, 0x18, 0xE0, 0x11, 0x22, 0xEE, 0x1C, 0xE5, 0xE6, 0x9E, 0x58, 0xC8, 0x36, 0x1A,
    0x8E, 0x35, 0xF3, 0x8E, 0xB9, 0x82, 0xEE, 0x79, 0x8A, 0x6F, 0xAB, 0xA3, 0x6A, 0x1B, 0x50, 0x0E,
    0xEA, 0x8B, 0x56, 0xEE, 0x87, 0x5A, 0x86, 0xD6, 0xAB, 0x89, 0x57, 0x78, 0xA7, 0xF4, 0x57, 0xBE,
    0x22, 0x14, 0xBE, 0x0A, 0x44, 0x4C, 0x88, 0x99, 0x7C, 0x85, 0x48, 0x7C, 0x35, 0xB8, 0x92, 0x98,
    0x04, 0x95, 0xC4, 0xC6, 0xFE, 0xE6, 0x8B, 0xD0, 0xAF, 0x8E, 0x6A, 0x94, 0xA8, 0x36, 0x37, 0x08,
    0xE9, 0x29, 0x68, 0x1B, 0x90, 0x34, 0x49, 0x80, 0x53, 0xF0, 0x78, 0x24, 0xDF, 0xB9, 0x17, 0x6E,
    0xDB, 0x0B, 0xF7, 0x48, 0xF1, 0x3F, 0x18, 0x14, 0x1F, 0xC0, 0x9C, 0x2E, 0xA4, 0x1A, 0x8A, 0x6B,
    0xD2, 0xFE, 0xC7, 0x16, 0x4C, 0x3E, 0x3F, 0x0B, 0xD0, 0x02, 0xA4, 0x33, 0x8A, 0x6A, 0x52, 0xF6,
    0x54, 0xDC, 0xC7, 0x82, 0xBE, 0x46, 0xB1, 0x15, 0x14, 0xBD, 0xF2, 0x82, 0xFE, 0xF2, 0x27, 0xF4,
    0xF2, 0xAF, 0x47, 0x35, 0xFF, 0xE9, 0x58, 0xC4, 0x67, 0xC9, 0xB7, 0x4F, 0x5D, 0x2F, 0x94, 0x7E,
    0xDD, 0x07, 0xC6, 0x4B, 0x3F, 0x53, 0xAC, 0x19, 0xE9, 0x30, 0xCE, 0xA9, 0xE8, 0x5B, 0x97, 0x15,
    0x3C, 0x11, 0x68, 0x3F, 0x6F, 0xD8, 0x87, 0x61, 0x04, 0x89, 0x33, 0x99, 0x2D, 0xCA, 0xF2, 0xE7,
    0xEE, 0x36, 0xB4, 0xD7, 0xAA, 0xD1, 0x22, 0xC4, 0x71, 0x19, 0xBF, 0x80, 0x13, 0xE2, 0x7F, 0x22,
    0xD8, 0x03, 0x82, 0x57, 0xE1, 0xC0, 0xAB, 0xB0, 0xAA, 0xC7, 0x7D, 0xFB, 0x34, 0xB0, 0x9B, 0x5B,
    0xA2, 0xDB, 0x7C, 0x82, 0x38, 0xBD, 0xF0, 0x65, 0xE3, 0xF8, 0xAD, 0x2F, 0x60, 0x3A, 0xAE, 0x63,
    0x19, 0xFF, 0x6E, 0xD8, 0xCF, 0xC9, 0x44, 0xF1, 0x8B, 0x2C, 0x89, 0x5C, 0x8A, 0x6E, 0x5C, 0x4D,
    0xB2, 0x8F, 0x20, 0x9A, 0x3B, 0x91, 0xDD, 0x3C, 0xB4, 0x63, 0x7C, 0x8C, 0x17, 0xDC, 0xF0, 0x2D,
    0xF3, 0xE5, 0x75, 0xB6, 0xA4, 0x7E, 0x77, 0xD7, 0x60, 0xDD, 0x20, 0xEC, 0x61, 0x1B, 0xF2, 0x3E,
    0x6C, 0xD2, 0xB0, 0xD1, 0x9E, 0x45, 0xC8, 0x77, 0x21, 0xB7, 0x63, 0xB5, 0x7C, 0x93, 0x55, 0x4C,
    0x15, 0x6D, 0x2B, 0xBA, 0xAC, 0xE8, 0xCA, 0xA9, 0xE5, 0x9B, 0xAE, 0x62, 0x2B, 0x4D, 0xB8, 0x87,
    0xEF, 0xC0, 0x5C, 0x52, 0xD4, 0x50, 0x68, 0x1D, 0xAA, 0x61, 0xAE, 0xF9, 0x80, 0x5E, 0x8E, 0x96,
    0xCA, 0xE6, 0x81, 0x0F, 0x64, 0x0F, 0xA8, 0x08, 0x48, 0x9C, 0x6F, 0x25, 0x71, 0x47, 0x44, 0x39,
    0x91, 0x11, 0xD8, 0x43, 0x03, 0xB9, 0x34, 0x49, 0x40, 0x7C, 0xCC, 0xC3, 0x3C, 0xF0, 0x7D, 0x03,
    0xA7, 0x6C, 0x91, 0x20, 0x25, 0xF0, 0xC7, 0xB4, 0xF2, 0x4E, 0x1D, 0x95, 0xC9, 0x73, 0x97, 0x06,
    0xF0, 0x9F, 0x39, 0xEA, 0xA1, 0xE1, 0xE0, 0x3B, 0xC1, 0x5F, 0x2F, 0x4A, 0xBD, 0x23, 0xFD, 0xBA,
    0xF5, 0x8A, 0x54, 0x9C, 0x32, 0xD4, 0xF6, 0x85, 0x45, 0x5A, 0xE2, 0x1A, 0xCE, 0x41, 0xE8, 0x3F,
    0x73, 0x04, 0x70, 0x92, 0xF9, 0x69, 0x27, 0x1C, 0x33, 0xFF, 0x78, 0x4B, 0x31, 0x0F, 0x02, 0x6E,
    0x80, 0x15, 0x24, 0x3E, 0x0B, 0x76, 0x8D, 0xAB, 0x23, 0x2E, 0xD5, 0x07, 0x81, 0x42, 0xEE, 0xD3,
    0x7B, 0x7B, 0x9C, 0x7A, 0x8F, 0xC5, 0x28, 0xB3, 0x26, 0xA4, 0xDC, 0xAD, 0x79, 0x1F, 0x3F, 0xAB,
    0xF5, 0xAF, 0x1A, 0xFD, 0xAC, 0x9E, 0xDF, 0x05, 0x1A, 0x58, 0x94, 0x48, 0xD0, 0x7F, 0xD6, 0x2C,
    0x7E, 0x40, 0xBF, 0x8F, 0x85, 0xDF, 0xBC, 0x5A, 0x24, 0x07, 0x78, 0xBB, 0x78, 0x32, 0x98, 0xFE,
    0xBB, 0xD8, 0x41, 0xAE, 0x13, 0x31, 0x8D, 0x2B, 0x31, 0x23, 0xB6, 0x17, 0x1F, 0xE9, 0xEE, 0x9D,
    0xB3, 0xE2, 0xE1, 0x55, 0xE9, 0x12, 0xFB, 0xA6, 0x38, 0x1E, 0x17, 0x0D, 0xAD, 0x3A, 0x4A, 0xED,
    0xD9, 0xEB, 0x65, 0x80, 0x16, 0xA1, 0x45, 0xFF, 0x99, 0xA3, 0xC0, 0x13, 0x61, 0x3F, 0x57, 0x64,
    0xCE, 0x3B, 0x16, 0xE2, 0x0B, 0x80, 0xCE, 0x3D, 0x8C, 0x41, 0xD5, 0xC2, 0x9A, 0x1D, 0xEF, 0x3B,
    0xB6, 0x71, 0xC4, 0x87, 0xA8, 0xC6, 0x98, 0x35, 0x63, 0xC7, 0xFE, 0xFA, 0x04, 0xCD, 0x9D, 0xE6,
    0x56, 0x03, 0x3D, 0xEC, 0x74, 0x78, 0xBA, 0xBC, 0x39, 0xC8, 0xE9, 0x95, 0xAA, 0xF3, 0xB8, 0xCC,
    0x35, 0xF2, 0x05, 0x72, 0x83, 0xF5, 0xDE, 0x91, 0x2F, 0x91, 0x27, 0xC8, 0x75, 0x99, 0x47, 0x75,
    0xAE, 0x44, 0xD3, 0xEE, 0x72, 0xDC, 0x01, 0x57, 0x3D, 0x7E, 0xF3, 0x60, 0x4D, 0x5C, 0xBF, 0x73,
    0xC2, 0x59, 0xC0, 0xE8, 0xCC, 0x9D, 0x7C, 0xD4, 0xDE, 0xE0, 0x6D, 0x46, 0x9A, 0xC0, 0x9E, 0x92,
    0xB2, 0x70, 0xEA, 0xEF, 0x04, 0xE0, 0xA6, 0xE7, 0xF1, 0x2E, 0xD3, 0x60, 0x24, 0xFE, 0x84, 0x55,
    0xE8, 0xAC, 0x75, 0x8B, 0xFF, 0xE7, 0x26, 0xF8, 0x57, 0x8D, 0xFF, 0x94, 0x58, 0x03, 0x2B, 0x60,
    0x39, 0x65, 0x03, 0x3A, 0x26, 0x43, 0xED, 0xB7, 0xFE, 0x65, 0xFC, 0x1C, 0x91, 0x24, 0xC3, 0xD7,
    0x08, 0xFB, 0x64, 0xE8, 0x80, 0xF6, 0x2D, 0x8F, 0x8F, 0x1F, 0x33, 0x7D, 0x67, 0xF7, 0xE5, 0x7B,
    0xC6, 0xF7, 0xC9, 0x36, 0x1E, 0x5F, 0xC4, 0xE1, 0x07, 0x87, 0x72, 0xA8, 0x80, 0xA1, 0x9D, 0x50,
    0x85, 0x76, 0x7B, 0x52, 0x47, 0x3C, 0x9D, 0x03, 0x79, 0xCF, 0x26, 0xB4, 0x63, 0x8A, 0x69, 0x97,
    0xD6, 0x81, 0x4F, 0x7A, 0x08, 0x98, 0xC0, 0x1D, 0x98, 0x41, 0xBA, 0x26, 0xF5, 0x10, 0xD3, 0xC8,
    0x8C, 0xE2, 0x69, 0x4C, 0x34, 0x7A, 0x5B, 0x26, 0x3B, 0x64, 0x78, 0xD6, 0xEC, 0x28, 0x82, 0x01,
    0x69, 0xEA, 0x0F, 0x8D, 0xD1, 0xA8, 0x8E, 0x00, 0x24, 0xA4, 0x3E, 0x32, 0x07, 0x19, 0x90, 0x38,
    0x7B, 0xE5, 0x94, 0xCD, 0x30, 0xA2, 0xAF, 0x08, 0xEA, 0x0F, 0x16, 0x00, 0xF0, 0xFF, 0xBE, 0x34,
    0x98, 0x8E, 0x07, 0xE0, 0xEC, 0xED, 0xE6, 0xB8, 0x26, 0x9D, 0xFB, 0x12, 0x62, 0x52, 0xCF, 0xE6,
    0xEC, 0x5C, 0x47, 0x5D, 0xCE, 0x7E, 0x0F, 0x31, 0xEA, 0x3B, 0x77, 0x47, 0x3B, 0xEE, 0x72, 0xEE,
    0x6B, 0x80, 0xC9, 0x74, 0x33, 0x36, 0xA3, 0x93, 0x57, 0xAC, 0xD4, 0x93, 0xB2, 0x30, 0x9E, 0xC2,
    0x1E, 0xA7, 0x98, 0xC6, 0xFB, 0xC8, 0x71, 0xCC, 0xF4, 0x36, 0xCE, 0x3D, 0x07, 0x4F, 0xFE, 0x85,
    0x39, 0xFB, 0xB9, 0xFF, 0x02, 0xA5, 0x97, 0x31, 0x6C, 0xE4, 0x44, 0x14, 0x40, 0xDF, 0x78, 0x22,
    0x59, 0x89, 0x95, 0xF5, 0x15, 0x14, 0x14, 0x90, 0x6D, 0x28, 0x2F, 0x89, 0x44, 0x95, 0xC2, 0x9B,
    0xDD, 0x8E, 0x22, 0xC5, 0x35, 0xF4, 0x4A, 0x5F, 0x51, 0x20, 0x94, 0x22, 0x28, 0xEE, 0x29, 0x2E,
    0x7D, 0x45, 0x41, 0x49, 0x11, 0xC1, 0x09, 0x6D, 0x91, 0xE3, 0x46, 0x4A, 0xAF, 0x5B, 0xE8, 0xC5,
    0x59, 0x1C, 0x75, 0x18, 0xEE, 0x5C, 0x2C, 0xC2, 0xE7, 0xE1, 0xEF, 0xE0, 0xD3, 0x8A, 0x75, 0x20,
    0x33, 0xBE, 0xE8, 0x27, 0x52, 0xD6, 0xF3, 0xFF, 0x7B, 0x33, 0xEB, 0xF9, 0x1E, 0xD3, 0xA0, 0x1A,
    0x92, 0x37, 0xE8, 0x5F, 0xD0, 0xCF, 0x49, 0x1F, 0x93, 0x3D, 0x9A, 0xE5, 0x59, 0x99, 0xA7, 0x66,
    0x4F, 0x9B, 0x43, 0x67, 0xA6, 0xAE, 0x2A, 0x94, 0x3D, 0xC3, 0x3E, 0xC1, 0x5A, 0xE6, 0x00, 0xC0,
    0x13, 0x68, 0x60, 0x49, 0xDA, 0x22, 0x63, 0x8A, 0xA4, 0x42, 0xD9, 0xD4, 0xD9, 0x43, 0x67, 0xBF,
    0x54, 0x76, 0x2E, 0x91, 0xD8, 0x73, 0x6D, 0xA7, 0xAD, 0xCD, 0xFF, 0xB4, 0x1B, 0x29, 0x49, 0x4D,
    0xD2, 0xC0, 0x3E, 0x14, 0x70, 0x0A, 0x10, 0xEB, 0xA0, 0xA4, 0x48, 0x0B, 0x7B, 0xBE, 0xC2, 0x47,
    0x40, 0xA0, 0xC6, 0x31, 0xCC, 0x69, 0xBE, 0xD6, 0x2D, 0xF9, 0x49, 0x39, 0x80, 0x0B, 0x3B, 0xF8,
    0x2A, 0xCC, 0x91, 0x3A, 0xE8, 0xDF, 0x91, 0x4A, 0x06, 0x80, 0xCE, 0x02, 0xC9, 0x62, 0xE5, 0x81,
    0xB2, 0x88, 0x09, 0xA2, 0x82, 0xB8, 0x20, 0x32, 0x88, 0x0D, 0xA2, 0x83, 0xF8, 0xE0, 0x85, 0xF2,
    0x12, 0x5D, 0xB1, 0x1C, 0x6E, 0xE4, 0x2B, 0x2C, 0x98, 0x5F, 0xF9, 0x0A, 0x06, 0x82, 0x17, 0x43,
    0xAE, 0xEA, 0x25, 0x1C, 0xA9, 0xE6, 0x4A, 0xA6, 0x91, 0x67, 0x83, 0xE8, 0x52, 0x24, 0x59, 0x15,
    0x81, 0xCF, 0x68, 0x2E, 0xA5, 0x4E, 0x94, 0x43, 0xF6, 0x6B, 0xB9, 0x7B, 0x31, 0xE3, 0x1B, 0x06,
    0x4F, 0x3F, 0x7D, 0x69, 0x46, 0x52, 0xE1, 0xBD, 0x55, 0x56, 0xFA, 0x82, 0x1D, 0x5D, 0x86, 0xD3,
    0x69, 0x06, 0x72, 0xFB, 0x9B, 0x80, 0x86, 0xD8, 0xB9, 0x6F, 0x56, 0x18, 0x41, 0xC1, 0xEE, 0x77,
    0x42, 0x2C, 0x53, 0x07, 0x0F, 0xE2, 0x95, 0x14, 0xE4, 0xBE, 0xC8, 0x0F, 0x26, 0xFF, 0xC4, 0x68,
    0x5F, 0x24, 0x50, 0x46, 0x1B, 0x94, 0x95, 0xC4, 0xE1, 0x74, 0x05, 0x5D, 0x91, 0x2F, 0xA2, 0xE9,
    0xCA, 0xB3, 0x76, 0x3F, 0x2E, 0x73, 0x57, 0xEA, 0x16, 0x88, 0xA6, 0x53, 0x43, 0x03, 0x0F, 0xE1,
    0x88, 0x91, 0x36, 0x52, 0x27, 0x69, 0x89, 0xBD, 0x0F, 0x77, 0x93, 0x95, 0x80, 0x8C, 0x1F, 0x7C,
    0x1F, 0x6E, 0x41, 0xAE, 0x4D, 0xE6, 0x66, 0x92, 0x18, 0x4E, 0x1F, 0xE9, 0xB2, 0x4B, 0x79, 0xE7,
    0xFB, 0x70, 0x24, 0xF4, 0x93, 0x38, 0xFA, 0x46, 0x05, 0xE7, 0x8C, 0x84, 0x85, 0x75, 0x80, 0x73,
    0x33, 0xE7, 0xE8, 0x7D, 0x68, 0x24, 0x00, 0xF0, 0xBD, 0xC4, 0xFA, 0xBF, 0x2D, 0x63, 0x67, 0x26,
    0xBA, 0x2A, 0x58, 0x49, 0x5E, 0x38, 0x89, 0xEA, 0x0C, 0x0A, 0x98, 0x24, 0x95, 0x5C, 0x92, 0x01,
    0x1B, 0xC4, 0xB4, 0x22, 0xAB, 0xE1, 0x0C, 0x2C, 0x5C, 0x02, 0xD1, 0x0E, 0xC9, 0x92, 0xD5, 0x94,
    0x3F, 0x5C, 0x3F, 0x4F, 0x02, 0x35, 0xC6, 0x27, 0x1C, 0xBF, 0xE0, 0xE8, 0x29, 0x0F, 0x18, 0xC2,
    0x05, 0xD2, 0x1B, 0x33, 0xFA, 0xBE, 0xDC, 0x9D, 0xB2, 0x45, 0x38, 0xF7, 0x1A, 0x65, 0xF5, 0xAB,
    0x32, 0x6F, 0x98, 0x8C, 0x87, 0x71, 0x77, 0x80, 0xC9, 0xFA, 0x29, 0x74, 0x4B, 0xD7, 0xBF, 0xE9,
    0x2C, 0x40, 0x58, 0x88, 0x07, 0x22, 0x82, 0x98, 0x20, 0x2A, 0x88, 0x0B, 0x67, 0x40, 0x81, 0xD7,
    0xF1, 0x63, 0xBC, 0xD0, 0x01, 0x64, 0xA5, 0xFE, 0xA3, 0xCC, 0xAF, 0x87, 0x1A, 0xE5, 0x33, 0xF4,
    0x82, 0xA5, 0xED, 0x1A, 0x6A, 0xF8, 0x62, 0xA4, 0x86, 0xCC, 0x42, 0xA5, 0x5F, 0x99, 0xE1, 0xF4,
    0xB7, 0x8F, 0x32, 0xB8, 0x52, 0xFF, 0x3C, 0x85, 0xB2, 0x08, 0x87, 0xC3, 0xAF, 0x38, 0xFA, 0x11,
    0x75, 0xC9, 0xE0, 0x2F, 0x24, 0x7B, 0x59, 0xCA, 0xEE, 0xE7, 0xD3, 0xEE, 0x29, 0x34, 0x4A, 0x23,
    0xE8, 0xDA, 0x32, 0x70, 0xE2, 0xBD, 0xCD, 0x47, 0x83, 0xBE, 0xED, 0xAD, 0x7F, 0xCC, 0x5E, 0xCC,
    0x16, 0x64, 0xD6, 0xFF, 0x6B, 0x51, 0x25, 0x5E, 0xA9, 0x7C, 0xE6, 0x66, 0x7A, 0xC1, 0xBD, 0x21,
    0xC3, 0x64, 0xB0, 0x5A, 0xA2, 0x5A, 0xC8, 0x61, 0xBF, 0x3B, 0x99, 0x4D, 0x1B, 0x0E, 0x1B, 0x28,
    0xEE, 0x8E, 0xA9, 0x5B, 0x5E, 0xB8, 0x26, 0x96, 0xD2, 0x4D, 0x5C, 0x3E, 0xB1, 0xE8, 0x0A, 0xCE,
    0xBC, 0xFF, 0x35, 0x10, 0x4A, 0x04, 0x00, 0xBA, 0xC4, 0x6E, 0xAD, 0x8E, 0xF5, 0xA2, 0x50, 0xB6,
    0xE0, 0x3F, 0x42, 0x59, 0x19, 0x70, 0x77, 0x0F, 0xEB, 0xD2, 0x2B, 0x19, 0x73, 0xCE, 0x3A, 0x7C,
    0xCA, 0x6A, 0xA9, 0x65, 0xC0, 0x7D, 0x87, 0xE0, 0x68, 0x87, 0x5E, 0xDB, 0x0B, 0xD3, 0xE8, 0x1D,
    0x82, 0x63, 0xB9, 0xF7, 0xB5, 0x9F, 0xB4, 0x6B, 0x3F, 0x82, 0x44, 0xF2, 0x38, 0xE7, 0x5F, 0xBF,
    0xFE, 0x33, 0xB9, 0xE6, 0xC7, 0xC8, 0xD8, 0xDE, 0x21, 0x38, 0xDE, 0xA8, 0xD7, 0x7E, 0x82, 0x17,
    0xA3, 0x7F, 0x08, 0x8E, 0xA7, 0xDF, 0xD5, 0x7E, 0x22, 0x1C, 0x7A, 0x87, 0xE0, 0x68, 0x81, 0x5E,
    0xFB, 0x89, 0xA0, 0xD3, 0x0C, 0xE4, 0xF6, 0x36, 0xC1, 0x46, 0xFB, 0x19, 0xB2, 0x27, 0x18, 0x43,
    0x01, 0xF5, 0x29, 0x5C, 0xE9, 0xD6, 0x8E, 0x9D, 0xF5, 0x32, 0x55, 0x90, 0x4C, 0x97, 0x0B, 0x7C,
    0x2E, 0x91, 0xBA, 0x7A, 0xEC, 0xAA, 0x7B, 0x56, 0xDE, 0xBF, 0x3A, 0x61, 0xE3, 0x71, 0xEB, 0xDC,
    0x08, 0x5C, 0xF2, 0x1B, 0xBA, 0xF1, 0x92, 0x47, 0x70, 0x3A, 0x04, 0x9A, 0xD4, 0xBE, 0xC2, 0x43,
    0xFC, 0x8E, 0x0F, 0xE5, 0x02, 0xD9, 0x4D, 0x39, 0x7A, 0x3D, 0xFB, 0x60, 0xCA, 0xD6, 0x56, 0x3C,
    0x77, 0xA3, 0x02, 0xE1, 0xDC, 0x78, 0x56, 0xFF, 0x96, 0x08, 0xC4, 0xF5, 0x12, 0xE5, 0x52, 0x40,
    0x54, 0xC2, 0x8D, 0x4C, 0xEF, 0x52, 0x74, 0x40, 0x47, 0x8F, 0x75, 0xE8, 0x75, 0xF4, 0x30, 0x8D,
    0x1C, 0x26, 0x30, 0x1F, 0xC1, 0x5E, 0xA1, 0xDE, 0x14, 0xAA, 0x0E, 0x25, 0xAE, 0x73, 0xB7, 0x61,
    0x24, 0x51, 0xA8, 0xB6, 0x50, 0xCB, 0xFF, 0xC7, 0x65, 0xFE, 0xBC, 0x45, 0x1D, 0x8F, 0x5B, 0xE7,
    0x86, 0xE3, 0x36, 0x56, 0xB5, 0x07, 0x8D, 0x5B, 0xD5, 0x6D, 0x4E, 0x43, 0xB9, 0x40, 0xB6, 0x3E,
    0xDC, 0x0F, 0xE1, 0xB2, 0x7E, 0x3D, 0xD8, 0xDE, 0x22, 0x98, 0x3B, 0x88, 0xD5, 0xDB, 0x35, 0xE1,
    0x2B, 0xDC, 0xBB, 0x8D, 0x2D, 0xCC, 0x61, 0x02, 0x50, 0x30, 0x3E, 0xA0, 0xC8, 0x39, 0xCF, 0x67,
    0x75, 0x6A, 0xAC, 0xFE, 0x79, 0xA1, 0x5E, 0x1B, 0xFE, 0x2A, 0xB9, 0x80, 0x63, 0x98, 0x6C, 0xC6,
    0xDB, 0xEF, 0x17, 0x00, 0xA8, 0xA9, 0x57, 0x9B, 0x34, 0xA9, 0x0E, 0xF4, 0x22, 0xD7, 0x26, 0xCF,
    0xCA, 0xEC, 0x31, 0xFA, 0x39, 0xFA, 0x16, 0xD5, 0x80, 0x44, 0x0D, 0x16, 0x55, 0xF9, 0xC3, 0x9D,
    0x89, 0xC6, 0x75, 0x3F, 0xFB, 0x30, 0x85, 0xE3, 0x18, 0xDC, 0x4F, 0x95, 0xBE, 0xB1, 0x24, 0x96,
    0xA7, 0xF0, 0x0C, 0xB2, 0x19, 0x39, 0xBC, 0x3F, 0x64, 0xCA, 0xFD, 0x3D, 0x1B, 0x3B, 0x6B, 0x10,
    0x11, 0xAB, 0xBF, 0xAD, 0xF4, 0x23, 0xA3, 0x18, 0xE2, 0xD0, 0x7B, 0x11, 0x8D, 0x76, 0xF8, 0x1B,
    0x8D, 0x90, 0x01, 0xA6, 0xDC, 0x40, 0x18, 0xC7, 0x7F, 0x7D, 0xC1, 0x22, 0xDA, 0xEF, 0x02, 0x7D,
    0x9D, 0x0B, 0x3C, 0x93, 0x05, 0x2C, 0xBE, 0xC9, 0xCC, 0x05, 0xAA, 0x47, 0xE8, 0x3B, 0xC2, 0x1E,
    0x20, 0xB5, 0xB9, 0x41, 0xAF, 0x12, 0x55, 0x0C, 0xC2, 0xCB, 0x0D, 0x9A, 0x23, 0x04, 0x28, 0x1E,
    0x84, 0x06, 0x0B, 0xDB, 0x69, 0xE6, 0x2D, 0xBA, 0xCB, 0x62, 0xF3, 0xFF, 0xE5, 0x33, 0xDF, 0xEF,
    0xCB, 0x87, 0x8C, 0xFF, 0xEB, 0xD3, 0x21, 0xCD, 0x2B, 0x29, 0xA5, 0x36, 0xBF, 0x51, 0xEE, 0x8B,
    0x71, 0x1A, 0x63, 0x54, 0x8B, 0xE4, 0x60, 0x70, 0x28, 0xD7, 0xDD, 0xDB, 0x07, 0xCE, 0x58, 0x41,
    0x0D, 0x8D, 0xE3, 0xA8, 0x2C, 0x0D, 0x8B, 0xA2, 0x36, 0x1B, 0x2B, 0xC1, 0x48, 0x58, 0xAB, 0x93,
    0x6C, 0xA2, 0xA2, 0x6B, 0xBB, 0x19, 0x4C, 0x31, 0xAC, 0xD5, 0x49, 0xAB, 0x42, 0xB4, 0x79, 0xB4,
    0x68, 0xE6, 0xA8, 0x34, 0xEE, 0xBC, 0x08, 0xCF, 0xB0, 0xFC, 0xE7, 0xFC, 0x0B, 0x2C, 0xDC, 0x45,
    0xDE, 0xBD, 0xB9, 0x7E, 0x9F, 0x7F, 0xC6, 0x0C, 0x7E, 0xF2, 0xB3, 0x9F, 0xCC, 0x50, 0x73, 0xA0,
    0xA6, 0xEB, 0xBA, 0xE5, 0xED, 0x59, 0x0F, 0x32, 0x3E, 0xE2, 0x67, 0x65, 0xB7, 0xDF, 0xB3, 0xDB,
    0x4E, 0xE8, 0x8F, 0x81, 0xEA, 0x4F, 0xA0, 0xFC, 0x0E, 0x3C, 0x02, 0x3B, 0x60, 0x0F, 0xFC, 0x7E,
    0x1D, 0x1F, 0x7E, 0x7D, 0xEB, 0x8A, 0xCF, 0x4F, 0x5B, 0x79, 0xFF, 0xB4, 0xFD, 0xF8, 0x41, 0xBB,
    0xDD, 0xE6, 0x75, 0xAC, 0x6A, 0xA7, 0xDA, 0xC4, 0xFA, 0x7C, 0x2D, 0x86, 0xA6, 0xA2, 0xB7, 0x44,
    0xC7, 0xA2, 0x54, 0x46, 0xA8, 0x2B, 0x83, 0xAB, 0x2B, 0xD4, 0xD5, 0xA8, 0x3A, 0x1A, 0x55, 0x62,
    0xA3, 0x30, 0x17, 0xA3, 0x04, 0x4B, 0xA4, 0xA7, 0x46, 0x42, 0x31, 0x32, 0xF7, 0x58, 0xA4, 0xCD,
    0x27, 0xF2, 0xB4, 0xB5, 0xF4, 0x34, 0xE6, 0x1A, 0x41, 0xAF, 0x01, 0x20, 0x8F, 0x4E, 0x3E, 0xF4,
    0x15, 0x7E, 0xC2, 0x9F, 0xA0, 0x02, 0xA1, 0xFC, 0x12, 0x32, 0x5F, 0x29, 0x4F, 0x94, 0x13, 0x25,
    0x6C, 0x00, 0x00, 0xA4, 0x45, 0x86, 0x5C, 0x7D, 0x4A, 0xD3, 0x21, 0xA5, 0x79, 0xA6, 0x0C, 0x11,
    0xC9, 0x3D, 0x26, 0x1D, 0x01, 0x09, 0xF0, 0x09, 0x50, 0xE0, 0x27, 0xBC, 0x9B, 0xA0, 0x18, 0xA0,
    0xBC, 0x4B, 0x93, 0xA6, 0x34, 0x2E, 0x5C, 0xE6, 0x86, 0x19, 0x73, 0x5E, 0xC6, 0x87, 0xCB, 0xDC,
    0x30, 0x2F, 0xAB, 0xFB, 0x07, 0xE3, 0xFE, 0xA2, 0xB7, 0xD7, 0x82, 0xCF, 0x82, 0x1F, 0x0C, 0xF9,
    0xF4, 0xF6, 0x72, 0x7F, 0x61, 0x3E, 0xC0, 0xED, 0xC0, 0xC7, 0x60, 0x63, 0xB2, 0xC5, 0xE4, 0x43,
    0xC9, 0xFF, 0x2F, 0xA1, 0x25, 0x0C, 0x26, 0xFA, 0x7F, 0x75, 0x43, 0x74, 0x18, 0xF4, 0x7F, 0xB0,
    0xD6, 0x32, 0x40, 0xD5, 0x30, 0x3C, 0x00, 0xAA, 0x62, 0x90, 0xFF, 0x61, 0xAB, 0x07, 0xD2, 0x67,
    0x07, 0x14, 0xF9, 0xFF, 0xE7, 0x6B, 0xCD, 0x83, 0x12, 0x86, 0x0F, 0x8C, 0x17, 0x98, 0x0F, 0xB0,
    0x3B, 0xF0, 0x33, 0xC8, 0x31, 0xF0, 0xFF, 0xB0, 0xCB, 0xB3, 0x91, 0xE5, 0xFF, 0x62, 0x97, 0x0B,
    0x53, 0xC3, 0xFD, 0xC5, 0x0E, 0x68, 0x97, 0xAD, 0x9E, 0xFC, 0x5F, 0xC6, 0x1A, 0xA0, 0x4A, 0xB0,
    0x19, 0xDC, 0x0E, 0xFF, 0xBF, 0xC8, 0x07, 0x00, 0x69, 0x06, 0x06, 0x86, 0xFF, 0x3F, 0x42, 0x03,
    0x20, 0x24, 0xA6, 0xAB, 0xE4, 0x0F, 0xEC, 0x3F, 0x30, 0xF9, 0x00, 0x33, 0x14, 0x66, 0xBF, 0xF8,
    0xFF, 0x47, 0xFF, 0xC2, 0xAE, 0x2F, 0x0F, 0x2C, 0x18, 0x2C, 0x18, 0x3F, 0xB0, 0x1F, 0xD0, 0x63,
    0xD8, 0x19, 0xF2, 0xFF, 0x87, 0xFD, 0x5F, 0xD1, 0x5A, 0x86, 0x0F, 0x4C, 0x0F, 0x18, 0xF7, 0x32,
    0xF0, 0xD1, 0xDF, 0x2F, 0x00, 0x3D, 0x8F, 0x01, 0x66, 0x04, 0x41, 0x10, 0x45, 0xFF, 0x74, 0xA3,
    0xB1, 0x68, 0x08, 0x02, 0xB2, 0x17, 0x48, 0xB2, 0x17, 0xE8, 0x9D, 0xEA, 0x03, 0xE5, 0x08, 0x1B,
    0x33, 0xC7, 0x0A, 0x36, 0xA6, 0x8F, 0x30, 0x47, 0xE8, 0x23, 0x34, 0x60, 0x42, 0xD2, 0x3F, 0x55,
    0xC6, 0x2C, 0x0F, 0xBF, 0xDE, 0xAF, 0x42, 0x61, 0x68, 0x86, 0x74, 0x5C, 0xBA, 0x86, 0xF0, 0xD3,
    0xCE, 0xBD, 0x8D, 0xBE, 0x25, 0xD7, 0xD2, 0x60, 0x68, 0xD0, 0x51, 0xA5, 0x56, 0xC2, 0x2A, 0x6C,
    0xE0, 0x1C, 0xD8, 0xE2, 0x7C, 0x8F, 0x48, 0x11, 0x4F, 0xCB, 0x1F, 0x96, 0x8E, 0x08, 0x43, 0x83,
    0x8E, 0x2A, 0xAD, 0x9A, 0xBF, 0x3C, 0x6D, 0x59, 0x48, 0x61, 0xC7, 0x15, 0x07, 0x1F, 0x90, 0xDF,
    0x13, 0xF3, 0xF9, 0x1B, 0x18, 0xEF, 0x98, 0xB6, 0xD8, 0xF1, 0xF2, 0xF9, 0x68, 0xE1, 0x3B, 0x22,
    0xCB, 0xE8, 0x6A, 0x1A, 0x2A, 0xFC, 0x8A, 0xD3, 0x4C, 0x6E, 0x0A, 0x80, 0x3D, 0xBC, 0x01, 0x5A,
    0x5D, 0xFD, 0x7A, 0x61, 0x09, 0xB6, 0xBC, 0x46, 0x6E, 0x31, 0xDF, 0x62, 0x7E, 0x3F, 0xB8, 0x4D,
    0xDC, 0x16, 0xF5, 0x19, 0xCA, 0xC2, 0x32, 0xB1, 0x68, 0xD8, 0x71, 0xCF, 0x08, 0xAF, 0x86, 0x74,
    0x08, 0x4B, 0xF2, 0xD5, 0xDE, 0x84, 0x3E, 0x5B, 0x53, 0x28, 0xC2, 0x6C, 0xD2, 0x55, 0x33, 0x3B,
    0xAE, 0x09, 0x57, 0xE1, 0x7E, 0x65, 0xFC, 0x03, 0xA5, 0x94, 0x01, 0x84, 0xE4, 0x56, 0x18, 0xC7,
    0x7F, 0x49, 0x56, 0xC3, 0xC6, 0xF5, 0x2D, 0x40, 0x39, 0x3B, 0x8B, 0x62, 0x31, 0x33, 0x19, 0x14,
    0x87, 0x4C, 0xF6, 0x15, 0x14, 0x45, 0x01, 0x00, 0x8A, 0x45, 0x69, 0xB1, 0x14, 0x8A, 0xDC, 0xCD,
    0xE3, 0x00, 0x60, 0x01, 0x00, 0x4B, 0x01, 0x94, 0xC5, 0x61, 0xE8, 0x30, 0x8F, 0x02, 0x0A, 0x53,
    0x45, 0x71, 0x90, 0x3A, 0xA0, 0x75, 0xED, 0xD3, 0x0B, 0x86, 0x9B, 0xE9, 0xD7, 0xEF, 0x35, 0xE9,
    0x68, 0xDB, 0xF6, 0x96, 0x9E, 0xBC, 0xFF, 0x44, 0xDE, 0x97, 0x2F, 0xBF, 0xFF, 0x5F, 0xBE, 0x09,
    0x1F, 0x01, 0x1D, 0x64, 0x1B, 0x30, 0x0E, 0xA6, 0xC0, 0x42, 0x84, 0xB5, 0x88, 0xAD, 0x01, 0x63,
    0x21, 0xF3, 0x90, 0x04, 0x60, 0x09, 0x1C, 0x41, 0x0D, 0xE2, 0x73, 0x09, 0xA3, 0x4F, 0x56, 0xD5,
    0xB8, 0x9C, 0x8D, 0x73, 0xC6, 0xFC, 0xE7, 0x3A, 0x06, 0x0A, 0x07, 0x59, 0xDB, 0x83, 0xA8, 0xE2,
    0xB3, 0x89, 0x82, 0x39, 0xB0, 0x85, 0x34, 0x40, 0xEE, 0xC1, 0xC0, 0x2B, 0x1E, 0xA5, 0x20, 0xC5,
    0x29, 0x54, 0xD1, 0x88, 0xA3, 0x86, 0x23, 0x38, 0x8F, 0x80, 0xCE, 0x38, 0x05, 0x68, 0x06, 0x25,
    0x75, 0x94, 0x50, 0xC5, 0x10, 0xD2, 0xFF, 0x4C, 0x61, 0x8E, 0xB1, 0x6C, 0x35, 0x64, 0xDA, 0x6A,
    0x92, 0x88, 0x5A, 0x19, 0xE0, 0x3E, 0x2C, 0x48, 0xC5, 0x17, 0x3F, 0x75, 0x17, 0xE3, 0x47, 0x0F,
    0xC6, 0xE6, 0x6C, 0x9C, 0xDE, 0x65, 0x60, 0x54, 0xFE, 0x6E, 0x20, 0x11, 0xDF, 0x1B, 0x58, 0x8B,
    0x13, 0x69, 0x7F, 0x05, 0x71, 0xBC, 0x68, 0x09, 0x5B, 0x42, 0x4D, 0x30, 0x2E, 0x64, 0xED, 0x8C,
    0x0E, 0xCE, 0x32, 0xD9, 0x1B, 0xD9, 0xC3, 0x9E, 0x6C, 0x8F, 0xF9, 0x82, 0x7A, 0xC2, 0x76, 0x92,
    0xB5, 0x13, 0xE3, 0x26, 0x35, 0x6F, 0x1F, 0x01, 0x50, 0x71, 0x32, 0x62, 0x9C, 0xFB, 0x49, 0x12,
    0x26, 0x34, 0x13, 0x46, 0x13, 0xF2, 0xE7, 0x24, 0xFB, 0x42, 0xF6, 0x79, 0xEC, 0xE5, 0x8C, 0x27,
    0xB7, 0x69, 0x08, 0x85, 0x0F, 0x25, 0x61, 0xC5, 0x2F, 0x81, 0x97, 0x1E, 0x01, 0x45, 0x8B, 0x78,
    0x8A, 0x3D, 0xE4, 0x62, 0x4B, 0xB7, 0x70, 0xEB, 0xEF, 0x5F, 0xBA, 0x20, 0xDF, 0xB9, 0x70, 0xF1,
    0x9E, 0x4B, 0xDF, 0xBD, 0xC6, 0x68, 0xDA, 0xEA, 0x14, 0x44, 0xC4, 0xAA, 0x5C, 0x33, 0x87, 0x53,
    0x63, 0x29, 0x1E, 0x6F, 0x48, 0xDD, 0x0D, 0x84, 0x25, 0x54, 0x53, 0xD6, 0x43, 0x9D, 0xB9, 0x81,
    0x27, 0x15, 0x69, 0x1B, 0x48, 0xED, 0x31, 0x86, 0x9A, 0x8A, 0x2D, 0x22, 0x21, 0xD2, 0x68, 0xE8,
    0x38, 0xA5, 0xA2, 0x70, 0x23, 0x2E, 0xB9, 0x61, 0xCE, 0x12, 0x63, 0xA7, 0x64, 0xDA, 0xAF, 0x72,
    0xC6, 0x19, 0x4A, 0x2A, 0x1A, 0x02, 0x89, 0xA3, 0xE8, 0x28, 0xF7, 0x7C, 0xF9, 0xB3, 0x7D, 0xF6,
    0xAD, 0xCD, 0x36, 0xFC, 0x79, 0xAD, 0x23, 0xD0, 0xDE, 0x70, 0x43, 0x60, 0xA9, 0x9A, 0x1E, 0x3C,
    0x06, 0x0C, 0x81, 0x4A, 0x15, 0x86, 0xBB, 0xFE, 0xD6, 0xFA, 0xF8, 0x1B, 0xFB, 0xE2, 0xA9, 0x5D,
    0x08, 0x66, 0x47, 0xD6, 0x42, 0xE1, 0xC0, 0x6C, 0x81, 0x47, 0x80, 0x89, 0xD2, 0x8E, 0xC2, 0x1A,
    0x17, 0x9D, 0x95, 0x2C, 0x64, 0xC7, 0x5A, 0x5A, 0xE6, 0x43, 0x35, 0xF7, 0x90, 0x5C, 0xAB, 0x6E,
    0xC1, 0x74, 0x50, 0x03, 0x4B, 0xA0, 0x03, 0x42, 0xDA, 0xB2, 0xA4, 0xE3, 0x21, 0x15, 0xA5, 0x08,
    0xF9, 0x61, 0x50, 0x97, 0x90, 0x04, 0x48, 0x9D, 0xE2, 0x3A, 0xA6, 0x0F, 0x35, 0xB9, 0x7C, 0x80,
    0x7C, 0x25, 0x4E, 0x2D, 0xDA, 0x8A, 0x29, 0x86, 0x15, 0xA9, 0x26, 0x82, 0x6B, 0x3A, 0x9E, 0xF3,
    0xCC, 0xB6, 0x9B, 0xF6, 0xA4, 0xE5, 0x55, 0x07, 0x34, 0x30, 0x38, 0x8B, 0xD9, 0xE3, 0x7B, 0x80,
    0x29, 0xD0, 0x0C, 0x3A, 0x3D, 0xBC, 0x1B, 0x30, 0x40, 0x05, 0x5C, 0xC2, 0x39, 0xD0, 0xD1, 0xC7,
    0xD7, 0xDA, 0x48, 0x55, 0x01, 0xDB, 0xA1, 0xAB, 0xD4, 0x6B, 0xA3, 0xCA, 0x36, 0xBD, 0x6D, 0x56,
    0x00, 0xC0, 0xEC, 0x43, 0x08, 0x9F, 0x91, 0xDD, 0x2E, 0xB8, 0x37, 0xFB, 0xD4, 0xBF, 0x33, 0xBB,
    0x6A, 0x4F, 0x66, 0x57, 0x67, 0xCC, 0xAE, 0xF8, 0xDF, 0x3A, 0x06, 0x8C, 0x03, 0x85, 0xF5, 0x73,
    0xB2, 0x03, 0xCA, 0x61, 0xB3, 0x8C, 0xD7, 0xAA, 0x2D, 0x64, 0x87, 0x3F, 0x3A, 0xAF, 0xC3, 0x8B,
    0x7E, 0xA3, 0xEF, 0xE8, 0x3F, 0xE6, 0xD0, 0x3C, 0x7D, 0x2E, 0x80, 0xF3, 0xB7, 0x80, 0xA5, 0xB1,
    0xA4, 0x21, 0xF3, 0xE4, 0xD1, 0x8F, 0x89, 0xF0, 0x1A, 0x5D, 0x2B, 0x30, 0xCC, 0xA1, 0x66, 0x14,
    0x4D, 0x15, 0x5A, 0xED, 0x3F, 0x1C, 0x74, 0xC6, 0x41, 0x53, 0x72, 0xF8, 0x62, 0x89, 0xF4, 0x61,
    0xA0, 0x01, 0x0E, 0xC3, 0x09, 0xCC, 0x63, 0x98, 0xBE, 0x56, 0x0C, 0x61, 0x1C, 0x59, 0x8B, 0x89,
    0xB3, 0xCE, 0x5A, 0x48, 0x37, 0xC3, 0xD2, 0x16, 0x9D, 0xDF, 0xF4, 0x8F, 0x59, 0x3F, 0xEC, 0x27,
    0x4E, 0xD7, 0x1D, 0xB7, 0x7D, 0xFC, 0x03, 0x17, 0x71, 0xC0, 0xC9, 0x03, 0x89, 0x07, 0xA0, 0x29,
    0x2C, 0x53, 0x95, 0x79, 0x5F, 0x6F, 0x7B, 0xAA, 0xFA, 0xD1, 0x92, 0x7F, 0x6D, 0x19, 0xE9, 0x5E,
    0xA5, 0xBA, 0x7C, 0x03, 0x8E, 0x80, 0x39, 0xF0, 0xB9, 0x25, 0xF5, 0x9E, 0x82, 0x19, 0xF7, 0xF5,
    0xB8, 0x70, 0x42, 0xE2, 0xFD, 0x9D, 0x42, 0x1C, 0x00, 0xDC, 0x03, 0x8C, 0xD5, 0xB3, 0xDA, 0xDB,
    0x3D, 0xC0, 0xF3, 0xA6, 0x2A, 0xB3, 0xF1, 0x1C, 0xAF, 0x75, 0x7F, 0xA8, 0x03, 0xF0, 0x0F, 0x6E,
    0xCE, 0xD5, 0xBF, 0x73, 0xC5, 0x03, 0x00, 0x90, 0xC8, 0x5F, 0xB9, 0xBF, 0x01, 0xB5, 0x97, 0x41,
    0x8C, 0x1C, 0x47, 0x15, 0x86, 0xBF, 0xEE, 0x22, 0x6E, 0xE2, 0x4E, 0xB6, 0x38, 0x10, 0xB0, 0x90,
    0xBD, 0xCD, 0x21, 0x07, 0x93, 0xEC, 0xEE, 0xCC, 0x61, 0x91, 0x56, 0xA4, 0x67, 0xBA, 0x95, 0x1C,
    0x38, 0x44, 0xC2, 0x39, 0x64, 0xC3, 0x01, 0x44, 0xE6, 0xC0, 0x29, 0x1C, 0x32, 0x41, 0x2B, 0xB4,
    0x22, 0xB3, 0x3B, 0x05, 0x1C, 0x39, 0x24, 0xF7, 0x03, 0x8C, 0x44, 0x4E, 0xC9, 0x21, 0x83, 0xB4,
    0x52, 0x06, 0xEC, 0x78, 0xCA, 0xF1, 0x11, 0x09, 0x37, 0x89, 0xC2, 0x11, 0x9A, 0xC4, 0x52, 0x44,
    0xA2, 0x40, 0x11, 0x46, 0x64, 0x42, 0xC6, 0x53, 0x54, 0xB5, 0x7B, 0xBC, 0x63, 0x7B, 0xBD, 0x71,
    0x0E, 0xF4, 0xBC, 0xB7, 0x5D, 0xF5, 0xDE, 0xFF, 0xBF, 0x57, 0xFD, 0xFA, 0xED, 0x54, 0x8D, 0x61,
    0x74, 0x80, 0xD9, 0xC5, 0xA4, 0x81, 0x69, 0xBF, 0x52, 0x36, 0xAC, 0x5E, 0x15, 0x5A, 0x0A, 0x25,
    0xE3, 0x3C, 0x3E, 0x47, 0xF4, 0x02, 0xE2, 0x8F, 0x88, 0x0F, 0x09, 0x67, 0x04, 0x33, 0x78, 0x89,
    0x46, 0xD1, 0x37, 0x93, 0x91, 0xD9, 0x35, 0xD4, 0x9F, 0xDD, 0xC9, 0xA8, 0x6F, 0x1A, 0x05, 0x10,
    0x4E, 0x60, 0x0F, 0x64, 0x4E, 0xA4, 0x11, 0x45, 0x3C, 0x2F, 0x1B, 0xAF, 0x9A, 0x56, 0xE8, 0x22,
    0x2F, 0x49, 0x58, 0x36, 0xBE, 0xA7, 0x63, 0x9B, 0xF3, 0x24, 0x7D, 0x5B, 0x3A, 0x21, 0x3C, 0x94,
    0x86, 0xF5, 0x42, 0x78, 0x93, 0xD4, 0xB0, 0x40, 0x21, 0x34, 0x42, 0xD5, 0x53, 0x59, 0xB2, 0x51,
    0xF2, 0xAD, 0x92, 0x1F, 0xD7, 0xAC, 0xF0, 0x8D, 0x52, 0x38, 0x79, 0xB4, 0x8C, 0xC3, 0x72, 0x65,
    0xC1, 0xDA, 0x82, 0x1D, 0xE8, 0x00, 0x9E, 0xEF, 0xD8, 0xF4, 0x3F, 0x40, 0xD8, 0x39, 0xB2, 0xC8,
    0xF2, 0x06, 0xCF, 0xEB, 0x94, 0x77, 0xCA, 0x54, 0x5C, 0x32, 0x69, 0x8C, 0x49, 0xCF, 0xB8, 0xF5,
    0x6D, 0xB9, 0x55, 0x0C, 0x85, 0x96, 0x65, 0x43, 0x79, 0x5C, 0xDC, 0xBF, 0xCA, 0x19, 0x80, 0xEA,
    0xF9, 0xC3, 0x6B, 0x88, 0xBF, 0x20, 0xAE, 0xF8, 0xBA, 0xC4, 0xE7, 0x72, 0x19, 0x2B, 0x29, 0x7C,
    0xBD, 0xD6, 0x85, 0x76, 0x0F, 0x96, 0x06, 0xBE, 0x8E, 0x63, 0x6B, 0xAC, 0x9D, 0x5A, 0x3B, 0x19,
    0xDB, 0x89, 0x2F, 0x2B, 0xC6, 0xB9, 0xD6, 0x2B, 0x98, 0x03, 0x3B, 0xCA, 0x91, 0x65, 0x05, 0x84,
    0xB5, 0xF2, 0xED, 0xED, 0x36, 0xA4, 0xD0, 0xAB, 0xA4, 0x6F, 0xED, 0xDE, 0xF6, 0x76, 0x5A, 0x59,
    0x92, 0x9C, 0xC8, 0x5A, 0x1E, 0xD8, 0x86, 0x21, 0x94, 0x50, 0x84, 0x0E, 0x6F, 0x6D, 0x5B, 0xE4,
    0x69, 0x4C, 0x6F, 0xC5, 0x83, 0x9D, 0xF4, 0x36, 0x49, 0xBB, 0xB4, 0x0D, 0xCE, 0x25, 0x9C, 0x28,
    0x44, 0xCE, 0x09, 0x68, 0x4C, 0xBA, 0x8C, 0x27, 0x03, 0xBA, 0x6E, 0x04, 0xBE, 0xF4, 0x0F, 0x3C,
    0x35, 0x83, 0x36, 0x24, 0x20, 0x9D, 0x38, 0xEE, 0x03, 0xDB, 0x4F, 0x57, 0xE3, 0x0D, 0x82, 0x0B,
    0x7D, 0x6B, 0x7C, 0x2A, 0xBA, 0x60, 0xA0, 0xF0, 0xF8, 0xEF, 0xCE, 0x10, 0xFB, 0xC4, 0x09, 0x52,
    0xB2, 0x52, 0xE1, 0xF7, 0x9E, 0x66, 0x53, 0x32, 0xDC, 0xE0, 0x6F, 0x1E, 0xFF, 0xD5, 0xB7, 0x7D,
    0xAE, 0x08, 0x9E, 0x79, 0x99, 0xB1, 0x3D, 0x4E, 0x32, 0x3B, 0xCF, 0xAC, 0x95, 0xF9, 0xC1, 0xE7,
    0x95, 0x13, 0x74, 0x24, 0xA3, 0xCF, 0x2B, 0x55, 0x3A, 0x77, 0x4D, 0x9C, 0xF4, 0xA0, 0x01, 0x52,
    0x21, 0x0A, 0x02, 0x03, 0x17, 0x16, 0x35, 0x68, 0xFB, 0xB1, 0xB3, 0x38, 0xBB, 0xF3, 0x36, 0xA0,
    0x07, 0xD7, 0x29, 0x99, 0x63, 0x8F, 0xAD, 0x61, 0xC2, 0xB2, 0x8C, 0x2B, 0xDF, 0xA1, 0xE5, 0x00,
    0x90, 0x39, 0xAC, 0x02, 0x29, 0xD5, 0x3C, 0x28, 0x41, 0x68, 0x88, 0xEF, 0xCA, 0x4C, 0xA2, 0x37,
    0x07, 0xCD, 0xE6, 0xE6, 0x20, 0xD1, 0x6D, 0xFA, 0xB4, 0x81, 0x00, 0x90, 0xB5, 0x7A, 0xE4, 0x3A,
    0x63, 0x95, 0xD2, 0xD7, 0xA9, 0xE3, 0xEF, 0x10, 0x16, 0xC6, 0xC5, 0x32, 0xF0, 0xAF, 0x12, 0x3E,
    0x2A, 0xE0, 0x35, 0x0D, 0x8F, 0x28, 0xC8, 0x72, 0x68, 0x00, 0xF7, 0x80, 0xFC, 0xD3, 0xB4, 0x75,
    0xFE, 0x07, 0x3B, 0xA9, 0xDC, 0x59, 0x8B, 0x77, 0x36, 0xE4, 0x56, 0x7F, 0x25, 0x79, 0x6B, 0x06,
    0x74, 0x26, 0x37, 0x5F, 0x81, 0x12, 0x85, 0xFB, 0xFC, 0x59, 0x7C, 0x28, 0x66, 0xC2, 0x88, 0x52,
    0x14, 0x51, 0x21, 0x8B, 0x46, 0xF1, 0x88, 0xB7, 0xBA, 0xCF, 0xA0, 0x63, 0x0E, 0x8E, 0xFB, 0xF0,
    0x12, 0xC1, 0x0C, 0x71, 0x0D, 0xF1, 0x57, 0xE2, 0x17, 0x90, 0x71, 0x2E, 0x23, 0xBD, 0x51, 0xFD,
    0x57, 0xF4, 0x70, 0x6E, 0xD3, 0xA1, 0x33, 0xAA, 0xBE, 0x63, 0x5A, 0xA2, 0x48, 0x84, 0x96, 0x91,
    0x8A, 0x5F, 0xC8, 0xA3, 0x2B, 0x88, 0x7F, 0x10, 0xCE, 0x60, 0x46, 0x30, 0x56, 0xD2, 0x4E, 0x1B,
    0xF9, 0x85, 0x94, 0x8D, 0x94, 0xE4, 0x78, 0x39, 0xCB, 0xBD, 0x4E, 0x3E, 0x13, 0xE6, 0x42, 0xB5,
    0x69, 0x49, 0x3B, 0x13, 0xB6, 0x24, 0xB9, 0x46, 0x36, 0xA3, 0x07, 0xA3, 0xBB, 0x93, 0x09, 0xD6,
    0x60, 0x15, 0xB4, 0x21, 0x83, 0x75, 0x6E, 0xBF, 0xCE, 0x72, 0x66, 0x9F, 0xAC, 0xC5, 0x86, 0x13,
    0x37, 0x70, 0xD3, 0x23, 0x40, 0xEB, 0x15, 0xBD, 0x4D, 0x9B, 0xB1, 0xD3, 0xA5, 0xAB, 0xB6, 0xF4,
    0x42, 0x33, 0x17, 0x93, 0xD7, 0xC5, 0xE4, 0xCB, 0xE4, 0x2C, 0x2E, 0x37, 0x76, 0x16, 0x67, 0x77,
    0x5E, 0x51, 0xC6, 0x26, 0x32, 0x81, 0x02, 0xDF, 0x89, 0x90, 0xE4, 0x90, 0x29, 0x7F, 0xB7, 0xD7,
    0xC0, 0xEB, 0xF6, 0x93, 0xB0, 0x6C, 0x3F, 0x99, 0x0F, 0xB2, 0xD2, 0x8C, 0x8C, 0x39, 0xC8, 0xCC,
    0x41, 0xA2, 0x65, 0xB9, 0xD5, 0x3A, 0xD8, 0xD8, 0x72, 0x4D, 0xB0, 0x2E, 0x53, 0xB9, 0x9A, 0x44,
    0x33, 0xE0, 0x64, 0xDE, 0xC9, 0x8A, 0x43, 0x0C, 0x00, 0x8C, 0xAD, 0x71, 0x72, 0x27, 0xD7, 0x33,
    0x2F, 0x0F, 0x00, 0xC0, 0x0D, 0xDC, 0x94, 0x50, 0x23, 0xD4, 0xC9, 0xC7, 0x06, 0xD9, 0x7B, 0x66,
    0x64, 0x2B, 0x70, 0x43, 0x93, 0xC2, 0x66, 0x05, 0xFE, 0xEF, 0x80, 0x82, 0x40, 0xF3, 0xA3, 0xF7,
    0x3D, 0x38, 0x86, 0x15, 0xB8, 0x1F, 0x4E, 0xC1, 0x2D, 0xCB, 0xBB, 0x65, 0x4A, 0x15, 0x16, 0x01,
    0x31, 0x27, 0xBF, 0xD3, 0xC9, 0x66, 0x66, 0x34, 0x33, 0x07, 0x7D, 0x27, 0xFA, 0xA4, 0xE9, 0x38,
    0xE4, 0xEF, 0x27, 0xE6, 0x35, 0x6B, 0x5E, 0x7B, 0x5A, 0xDF, 0x1C, 0xD3, 0xB9, 0x86, 0xA3, 0x8B,
    0x66, 0xE8, 0x22, 0x50, 0x4D, 0x27, 0x66, 0x34, 0x36, 0x9D, 0x93, 0x0A, 0x68, 0x14, 0xC3, 0x8B,
    0xD6, 0x0C, 0x1B, 0x45, 0xCA, 0x6A, 0x9B, 0xBD, 0xC4, 0xCE, 0x42, 0x5B, 0x02, 0xEE, 0xAF, 0x1B,
    0x3B, 0x8B, 0xB3, 0x3F, 0x08, 0xCC, 0x80, 0x6B, 0x99, 0x55, 0x17, 0x9C, 0x52, 0x5F, 0x0F, 0xD6,
    0xB6, 0xCA, 0x0E, 0x55, 0x9F, 0xCF, 0x11, 0x31, 0xE2, 0x9C, 0x6F, 0x78, 0x5E, 0xAA, 0x71, 0x7D,
    0x6B, 0x1E, 0x5A, 0x14, 0xC8, 0x0D, 0xDC, 0xD4, 0xC1, 0xC2, 0x57, 0x21, 0xCA, 0xB1, 0x30, 0x85,
    0x1C, 0x4A, 0x78, 0xE2, 0x68, 0xF0, 0xE2, 0xB1, 0x73, 0x16, 0x8F, 0x95, 0xD9, 0xD2, 0xDB, 0x9B,
    0x30, 0x84, 0xB2, 0x9E, 0x3A, 0x7F, 0x04, 0xD2, 0xFB, 0x39, 0x7D, 0x83, 0xCB, 0x1D, 0xD7, 0x40,
    0x90, 0x53, 0x71, 0x1E, 0x7A, 0xB5, 0x9A, 0x9E, 0xA6, 0x7A, 0x43, 0x15, 0x72, 0xF1, 0x86, 0x1E,
    0x7E, 0xDF, 0xBB, 0x22, 0xEA, 0xCC, 0x75, 0xDE, 0x63, 0x07, 0x30, 0x24, 0x36, 0x8C, 0xF3, 0x78,
    0x42, 0x96, 0xD3, 0x83, 0x4C, 0x11, 0x4D, 0xA1, 0xEF, 0x6E, 0x06, 0xBA, 0xC0, 0x32, 0x7E, 0x07,
    0x0F, 0x73, 0x60, 0x47, 0xF1, 0xC4, 0xC0, 0x10, 0x97, 0x58, 0xA4, 0xA1, 0xBF, 0x40, 0xDF, 0x1C,
    0x7F, 0x4D, 0xA8, 0x60, 0xDA, 0xC8, 0xE3, 0x62, 0x46, 0x16, 0x95, 0x4C, 0x12, 0x2A, 0xDD, 0x8F,
    0x0B, 0x62, 0x3D, 0xC5, 0xFB, 0x48, 0x23, 0xC5, 0x17, 0xC8, 0x01, 0xCA, 0x33, 0x30, 0x93, 0x8A,
    0xE4, 0xE7, 0x13, 0x84, 0xD9, 0x87, 0x5E, 0xAC, 0xBC, 0x86, 0xA6, 0x5D, 0xD9, 0x5E, 0x97, 0x9A,
    0x72, 0x95, 0x0A, 0xDC, 0xF9, 0x61, 0xA3, 0x4C, 0xF4, 0xE6, 0xB0, 0xDB, 0x1C, 0x6C, 0x95, 0x67,
    0xCB, 0xB3, 0x83, 0xB3, 0xC3, 0xCD, 0x66, 0x77, 0xAD, 0x90, 0xFA, 0x77, 0x13, 0x80, 0x17, 0x09,
    0x0A, 0x42, 0x9D, 0x8A, 0x5F, 0xB5, 0xA3, 0xD7, 0xEB, 0x5E, 0x59, 0x5B, 0xF4, 0x8A, 0xD9, 0x4F,
    0xCB, 0xD5, 0xCA, 0x4F, 0x98, 0x73, 0xA3, 0x53, 0x59, 0xE9, 0x54, 0x0F, 0xA3, 0xA2, 0x19, 0x99,
    0xA1, 0x37, 0x24, 0x2B, 0x89, 0x27, 0x8E, 0x95, 0x8B, 0x5F, 0x9A, 0x88, 0x61, 0x5C, 0xBF, 0xB2,
    0x43, 0x4A, 0x67, 0x85, 0xFD, 0xFB, 0x48, 0x66, 0x04, 0x73, 0x3C, 0xFA, 0xB7, 0x86, 0x0F, 0x4C,
    0x60, 0xAB, 0x92, 0x2A, 0x9E, 0x87, 0x43, 0x0A, 0xAA, 0x6A, 0x0F, 0x53, 0xD7, 0x7C, 0x4E, 0xF6,
    0x7D, 0x7A, 0x6B, 0x64, 0xA3, 0xAA, 0xE6, 0x56, 0xF1, 0x9E, 0x09, 0x74, 0xD7, 0x43, 0x54, 0x5D,
    0xC3, 0x15, 0xB8, 0x0F, 0x4E, 0x2D, 0xB8, 0x3B, 0x42, 0x65, 0xDF, 0x26, 0xB6, 0x38, 0x3A, 0x89,
    0x61, 0xDD, 0xF8, 0x8C, 0xD6, 0x0F, 0xFB, 0x25, 0xCF, 0x69, 0x8E, 0xE6, 0x1E, 0xBE, 0x68, 0x15,
    0x4F, 0x0F, 0x5F, 0xB4, 0x1B, 0x3B, 0x8B, 0xB7, 0x33, 0x04, 0x1A, 0xC5, 0x81, 0x63, 0x1D, 0x34,
    0x8A, 0x0E, 0xEC, 0x43, 0x52, 0x56, 0x4F, 0xE4, 0x6F, 0x66, 0xB9, 0x49, 0x76, 0x00, 0x48, 0x0A,
    0xD3, 0xB6, 0x66, 0xB7, 0xA1, 0x61, 0x50, 0xEF, 0xB7, 0x89, 0xFA, 0xCA, 0x1C, 0x5B, 0x62, 0x27,
    0x9C, 0xB0, 0x90, 0xE8, 0xC5, 0xE6, 0x3C, 0x78, 0x10, 0x52, 0x68, 0x83, 0x74, 0xB6, 0x79, 0xCE,
    0xB3, 0x53, 0xC6, 0xD3, 0xE8, 0x13, 0xA4, 0xA2, 0x5D, 0xB9, 0x1C, 0x00, 0x0C, 0xA2, 0x74, 0x88,
    0xC0, 0x62, 0xAF, 0xFA, 0x38, 0x2E, 0x1A, 0x0D, 0x45, 0xA4, 0x09, 0x4B, 0x30, 0x8B, 0xEF, 0xAF,
    0xD2, 0x5A, 0x53, 0x9F, 0x99, 0x96, 0xCE, 0x58, 0x75, 0x7C, 0x6B, 0x9D, 0xCB, 0x61, 0xFA, 0xF6,
    0xA6, 0x53, 0x51, 0x35, 0x68, 0x3B, 0xA3, 0x73, 0xDD, 0x38, 0x78, 0x11, 0xEA, 0x3A, 0x4E, 0x4C,
    0xBA, 0x42, 0xEF, 0xB4, 0x7F, 0x17, 0xE9, 0x16, 0xED, 0x6E, 0x1D, 0x27, 0xD0, 0x08, 0x5D, 0x1F,
    0x86, 0x96, 0x59, 0x75, 0xFC, 0x78, 0x8F, 0x95, 0x84, 0xFB, 0x24, 0x6B, 0x92, 0xAD, 0x84, 0x6E,
    0x1D, 0x7F, 0x99, 0xE5, 0x82, 0x24, 0xB7, 0xAD, 0x33, 0xAB, 0xD6, 0x19, 0x8C, 0xED, 0xE2, 0x9F,
    0xC5, 0x66, 0x77, 0x5C, 0xF3, 0xDE, 0xD8, 0x4E, 0xFB, 0x56, 0x2D, 0xBE, 0x16, 0xE6, 0x63, 0x3B,
    0x87, 0x53, 0x50, 0x1D, 0x88, 0x19, 0xD6, 0xF1, 0x85, 0x4E, 0x85, 0xEA, 0x55, 0xC7, 0xC7, 0xF4,
    0x0C, 0x59, 0x5A, 0xC5, 0xB7, 0x16, 0x03, 0x45, 0x1D, 0x3F, 0xCA, 0x89, 0xE1, 0x5E, 0x58, 0xA6,
    0x8F, 0xAD, 0xF1, 0x49, 0xC5, 0x1C, 0xF1, 0x6B, 0x62, 0x7F, 0x1C, 0xE4, 0x4C, 0x42, 0x5A, 0x27,
    0xAD, 0xE8, 0x75, 0xD2, 0x1B, 0xF4, 0x27, 0xF8, 0xFA, 0x80, 0xE6, 0x11, 0xF2, 0xA5, 0xE6, 0xA0,
    0xE9, 0xE5, 0x15, 0xDB, 0x1D, 0x36, 0x9B, 0xDD, 0xE6, 0xB0, 0x15, 0x16, 0xB1, 0xCD, 0xEB, 0xE3,
    0x2C, 0xDC, 0x22, 0xD7, 0xED, 0xE3, 0xEA, 0x2F, 0xC8, 0x5B, 0xA4, 0x76, 0x1D, 0xCB, 0x05, 0xF8,
    0xAC, 0x38, 0x95, 0x7D, 0xBE, 0x54, 0x3D, 0x7B, 0xFD, 0xBC, 0x67, 0x38, 0xB8, 0x93, 0x74, 0xE8,
    0x1C, 0xE3, 0xB5, 0x15, 0x9D, 0xAF, 0xE5, 0x04, 0xBE, 0x03, 0xCE, 0x3D, 0xCE, 0x69, 0xF9, 0xA8,
    0xDE, 0x92, 0x79, 0xD1, 0x94, 0xF9, 0x20, 0xB3, 0xD6, 0x78, 0xF5, 0x63, 0x6F, 0xF3, 0x3E, 0x87,
    0xA9, 0xB0, 0x9E, 0x43, 0xBF, 0x44, 0x14, 0x1B, 0xAC, 0x20, 0xD4, 0x1A, 0xE8, 0x4D, 0x28, 0x9B,
    0xD0, 0x6D, 0xDA, 0x99, 0xD3, 0x69, 0xD7, 0xCF, 0xBD, 0xDD, 0xFB, 0x3D, 0x8E, 0xFE, 0xD5, 0xBA,
    0xEB, 0x27, 0x88, 0x4F, 0x2E, 0x22, 0x73, 0xA9, 0x1A, 0xBA, 0xA1, 0x37, 0xCD, 0xA8, 0x6C, 0x66,
    0xE5, 0xB0, 0x29, 0x55, 0xB7, 0x99, 0x15, 0xDD, 0xCD, 0xE9, 0x64, 0xD0, 0x28, 0xDB, 0xDA, 0xFB,
    0xA3, 0xAB, 0xCF, 0x82, 0x9D, 0xC2, 0x3D, 0xDC, 0xCC, 0x25, 0x73, 0x39, 0x9F, 0x73, 0x39, 0xCB,
    0xB2, 0x29, 0xF4, 0xB0, 0x19, 0xBB, 0xBC, 0xF7, 0xD3, 0xDD, 0x4C, 0x19, 0xAC, 0x0D, 0xD1, 0xB2,
    0x10, 0xCB, 0xDC, 0xA3, 0xD7, 0x1A, 0xE7, 0xDD, 0xA6, 0x74, 0x0A, 0x47, 0xAF, 0xF5, 0xE1, 0x17,
    0x09, 0xED, 0x35, 0xE2, 0xF8, 0xF1, 0xFC, 0x74, 0x1C, 0xE8, 0xEC, 0xF1, 0xB8, 0xC8, 0xEC, 0xD8,
    0x34, 0xC7, 0x93, 0x6E, 0x33, 0xD1, 0xDD, 0xCD, 0x3D, 0x33, 0x48, 0xCD, 0xA8, 0x90, 0x65, 0xA6,
    0xA3, 0xAB, 0xFD, 0x3A, 0x57, 0x7E, 0xB8, 0xCE, 0xBF, 0xFB, 0x75, 0x46, 0x2E, 0x5F, 0xA8, 0x33,
    0x6B, 0xCB, 0x6F, 0x6E, 0x6F, 0x0F, 0xAB, 0xFA, 0xC0, 0xD0, 0xCF, 0xD7, 0xB7, 0x9F, 0xF2, 0xF9,
    0x8E, 0x79, 0x46, 0xCF, 0x0D, 0xAA, 0xB5, 0xD6, 0x1C, 0xE3, 0x63, 0xD4, 0x6B, 0xBD, 0x8D, 0x6B,
    0xAD, 0x55, 0x33, 0x12, 0xF5, 0x4F, 0xF6, 0xD5, 0x1F, 0x2E, 0x7D, 0xA4, 0x2E, 0x7F, 0xFC, 0xA6,
    0xD2, 0xF6, 0x51, 0xA5, 0xDB, 0xA1, 0xBF, 0x57, 0xF3, 0x2B, 0x3F, 0xFB, 0x8F, 0x9A, 0xD3, 0x57,
    0x53, 0x87, 0x73, 0xF8, 0x4A, 0x35, 0xE1, 0x6D, 0x7A, 0xD9, 0x3A, 0xBE, 0x7D, 0xE7, 0x36, 0xBB,
    0xC7, 0x03, 0x54, 0xBC, 0x56, 0x78, 0x9B, 0xD6, 0x31, 0x8F, 0xB4, 0x03, 0x1C, 0x9D, 0xAF, 0xC6,
    0xAD, 0x87, 0x77, 0xCC, 0x67, 0x8E, 0xD0, 0x45, 0xAE, 0xA3, 0x7C, 0x03, 0x00, 0x22, 0x75, 0xAB,
    0x2E, 0x38, 0x47, 0xF9, 0x20, 0xCC, 0x6F, 0xF8, 0x5B, 0x70, 0xD7, 0x7A, 0xEA, 0xEE, 0xB1, 0x8B,
    0xF8, 0x4B, 0x9B, 0x98, 0x89, 0x27, 0x26, 0xCB, 0x4D, 0x0F, 0x93, 0x29, 0x13, 0x4D, 0x0D, 0x7D,
    0x73, 0xD4, 0x69, 0xA5, 0x0D, 0xFC, 0x26, 0x1F, 0xDB, 0x77, 0x73, 0xD8, 0xE7, 0x33, 0x7F, 0xB9,
    0x2C, 0x93, 0xAF, 0xFF, 0xD4, 0x5C, 0x98, 0x60, 0x0C, 0x9F, 0xAA, 0xE0, 0xDF, 0x3A, 0x7C, 0xAB,
    0x10, 0x6F, 0x94, 0x91, 0x32, 0x32, 0x9F, 0x48, 0x7A, 0x1B, 0xA4, 0xA7, 0x38, 0xB5, 0x0C, 0x5E,
    0x27, 0x4D, 0x48, 0x25, 0xA3, 0x58, 0x19, 0xA1, 0x8D, 0x78, 0xB3, 0x08, 0xDF, 0xD5, 0x7C, 0xAC,
    0xB1, 0x39, 0x7D, 0xF8, 0xC6, 0xFF, 0xFD, 0xF7, 0x51, 0xC8, 0x8A, 0x6E, 0x0E, 0xBB, 0xC3, 0x55,
    0x1D, 0x01, 0x01, 0x82, 0x46, 0x21, 0xF3, 0x2F, 0x2A, 0xF0, 0x62, 0x10, 0x55, 0xC3, 0x5F, 0xE1,
    0x27, 0xEA, 0xF2, 0x1B, 0xAE, 0xD9, 0xCF, 0xD7, 0x8D, 0x74, 0xDE, 0x35, 0xFB, 0x25, 0xD7, 0xEC,
    0xFC, 0xD4, 0xF9, 0xA5, 0x2A, 0x1D, 0x4E, 0x81, 0x57, 0x1C, 0x27, 0x9F, 0xB1, 0xCA, 0x15, 0x76,
    0xB8, 0x7C, 0xA9, 0x40, 0x9F, 0xCF, 0xD1, 0x2D, 0xAA, 0xBB, 0x9B, 0x3B, 0xFB, 0x2E, 0xDE, 0x5F,
    0x3A, 0x9C, 0x02, 0xA8, 0xF3, 0xA4, 0x2E, 0x8F, 0x74, 0x79, 0x42, 0x97, 0x07, 0x97, 0x07, 0x97,
    0x07, 0x97, 0x47, 0xB8, 0x3C, 0xD2, 0xE5, 0xD9, 0xAA, 0xF3, 0x00, 0xAA, 0xC3, 0x09, 0x2E, 0x92,
    0xD1, 0x50, 0x73, 0xC4, 0xE5, 0x92, 0xC0, 0x15, 0x8D, 0x4F, 0x81, 0x3E, 0xD0, 0xAE, 0xB5, 0x75,
    0xA8, 0x7E, 0xDF, 0x7E, 0xD1, 0x0F, 0xD2, 0xCC, 0xEE, 0x8E, 0xD8, 0x35, 0x95, 0x1C, 0xF8, 0x69,
    0x0A, 0x32, 0x47, 0x58, 0xCB, 0xE1, 0x5E, 0xD7, 0x85, 0x61, 0xBD, 0x99, 0x08, 0xDD, 0x13, 0x79,
    0xB5, 0x55, 0xD2, 0x3B, 0x43, 0x2F, 0xA5, 0xB2, 0xD7, 0x5B, 0x65, 0x35, 0x3E, 0xDC, 0x2A, 0xDB,
    0x59, 0x0B, 0x5A, 0x59, 0xBB, 0xFA, 0xD3, 0x92, 0x8F, 0x15, 0x99, 0xBC, 0x6C, 0x5A, 0xF2, 0x17,
    0x25, 0x08, 0xAF, 0xC6, 0x69, 0xC1, 0xE2, 0x92, 0xB9, 0x53, 0xED, 0xB4, 0x2E, 0x42, 0xBD, 0xDA,
    0xAC, 0xBE, 0x2F, 0x8F, 0x8F, 0xE3, 0xF8, 0x98, 0x75, 0xEC, 0xF2, 0x7F, 0xC5, 0x98, 0x21, 0x6C,
    0xE3, 0x3E, 0x14, 0xC6, 0x7F, 0xDB, 0xF4, 0xFF, 0x4F, 0xBA, 0x82, 0xA0, 0xE0, 0x72, 0x72, 0xE5,
    0xD2, 0xD6, 0x84, 0xA3, 0x91, 0xE0, 0x71, 0x4E, 0x4F, 0x9B, 0x39, 0x2F, 0x2F, 0x1E, 0x07, 0x25,
    0xA7, 0x86, 0x93, 0x1B, 0x47, 0x23, 0xE3, 0x91, 0x2E, 0x20, 0x27, 0x4D, 0xCA, 0xF9, 0xA9, 0xDE,
    0x39, 0xCB, 0xA6, 0x36, 0xCF, 0x76, 0xDB, 0xE4, 0x7B, 0x92, 0x6F, 0xCF, 0xDF, 0x67, 0xFB, 0x3D,
    0xFB, 0x35, 0x67, 0x80, 0x6D, 0xDF, 0x37, 0x5F, 0x59, 0x7B, 0xE0, 0xE9, 0x4D, 0xDC, 0x0B, 0x3C,
    0x14, 0xC5, 0x08, 0x6B, 0x27, 0x8E, 0x6B, 0xAC, 0x71, 0x7F, 0x78, 0x2A, 0x87, 0xDC, 0xA7, 0x12,
    0x7A, 0xB3, 0xFF, 0x2F, 0x00, 0x3F, 0x7F, 0xFF, 0xFA, 0xD2, 0xD6, 0x7E, 0x0C, 0xD8, 0x8D, 0xB3,
    0xFE, 0x38, 0x0A, 0x0C, 0xDB, 0xE0, 0xC7, 0x19, 0x79, 0xFA, 0x5E, 0xD0, 0xA2, 0x40, 0x5E, 0x39,
    0x96, 0x96, 0x8B, 0x0C, 0x57, 0x0B, 0x0C, 0xD3, 0x91, 0x57, 0xA5, 0x63, 0x29, 0xB9, 0xC8, 0xE6,
    0x28, 0x2D, 0xC8, 0x14, 0xC8, 0x2B, 0xC7, 0x52, 0x73, 0x65, 0xB8, 0x17, 0x0B, 0x0A, 0x05, 0xEC,
    0xEA, 0x76, 0x2C, 0x2D, 0x77, 0x7A, 0xD8, 0x3B, 0x75, 0x96, 0xA5, 0xB3, 0x87, 0x51, 0x40, 0x9B,
    0xA3, 0x61, 0x66, 0x35, 0x69, 0x52, 0x67, 0x67, 0x98, 0x53, 0x4D, 0x82, 0xD4, 0x79, 0x19, 0x64,
    0x33, 0x2C, 0x47, 0xE9, 0xF1, 0x27, 0xF0, 0xC0, 0x86, 0xA4, 0xFE, 0x16, 0x8E, 0x81, 0xA5, 0xB2,
    0x74, 0xE8, 0x71, 0x4C, 0xFD, 0xD5, 0x87, 0x0A, 0x96, 0x3E, 0x38, 0xBA, 0x0A, 0xA9, 0xC7, 0x2A,
    0x50, 0x3F, 0xE8, 0x44, 0xA7, 0x47, 0x7E, 0x5F, 0x06, 0x96, 0x74, 0x7D, 0xA1, 0xD0, 0xCD, 0xED,
    0xDB, 0x94, 0x10, 0x19, 0x5D, 0x09, 0xD2, 0xE3, 0x78, 0xFA, 0xF9, 0xA3, 0x55, 0xF6, 0x38, 0x42,
    0x66, 0xCD, 0x50, 0xFF, 0xC8, 0xF3, 0x57, 0x10, 0x87, 0x5F, 0xA6, 0x32, 0xD5, 0x50, 0xCB, 0x2B,
    0xD1, 0x31, 0x4E, 0x4B, 0x2C, 0x5C, 0x8B, 0x8B, 0xEA, 0x8E, 0xCC, 0x7F, 0x21, 0x4B, 0x3B, 0x7C,
    0x5E, 0xD5, 0x9D, 0x9F, 0x53, 0xE4, 0x3A, 0x07, 0xB1, 0x92, 0xD0, 0x85, 0x5A, 0x5E, 0x95, 0x48,
    0x92, 0xFC, 0x9C, 0xC2, 0xB5, 0xF8, 0xCF, 0xC6, 0xAA, 0xF0, 0x6B, 0x93, 0x76, 0xA8, 0xD6, 0x30,
    0x56, 0xD1, 0xEB, 0x0C, 0xDE, 0x4B, 0x26, 0x7A, 0x3F, 0x26, 0xDB, 0x87, 0x89, 0xF6, 0x60, 0xAA,
    0x98, 0x8A, 0xC5, 0x6A, 0x24, 0xDB, 0x77, 0x89, 0xF6, 0x9C, 0xF6, 0x6C, 0xC6, 0xEF, 0x9B, 0xF4,
    0x96, 0xDF, 0xEB, 0xF6, 0x5C, 0x7A, 0x5B, 0xA9, 0xEA, 0x65, 0xFA, 0xF5, 0xAF, 0x92, 0xD5, 0xD8,
    0x24, 0x67, 0x43, 0x74, 0x4E, 0x6E, 0x46, 0x77, 0x36, 0xD3, 0xDB, 0xD9, 0xC6, 0xCF, 0x1F, 0x3F,
    0xD7, 0x95, 0xD3, 0xE6, 0xFF, 0x75, 0xF4, 0x1B, 0x78, 0xEA, 0xFD, 0x6F, 0x52, 0xD5, 0xD5, 0xF0,
    0xF3, 0xAF, 0xA8, 0xC7, 0xE9, 0xF3, 0xFF, 0x1A, 0x79, 0xFE, 0xD3, 0xD7, 0x9F, 0xB3, 0xEF, 0xFF,
    0xE2, 0x94, 0xF6, 0x7A, 0xFE, 0xFC, 0xA7, 0x8A, 0x3F, 0x6C, 0xAF, 0x1B, 0xC1, 0x95, 0x47, 0xFB,
    0xFE, 0xAC, 0x71, 0x17, 0xD6, 0xE3, 0xAB, 0x6A, 0x7F, 0x69, 0x2C, 0xCF, 0x67, 0xCF, 0x87, 0x4F,
    0x77, 0x60, 0xF8, 0xEF, 0xB6, 0x8B, 0x7B, 0xFD, 0xE5, 0xB4, 0xFE, 0x7A, 0x0C, 0xE9, 0xDF, 0x58,
    0x58, 0x99, 0xE9, 0xF0, 0x2C, 0x10, 0xD8, 0xC6, 0x54, 0x05, 0x7F, 0xD9, 0x1C, 0x72, 0x99, 0x21,
    0xDC, 0xCE, 0x82, 0x56, 0x01, 0xCF, 0x42, 0xB0, 0x6D, 0x05, 0x4C, 0x83, 0xF6, 0x4A, 0xD2, 0xB7,
    0x3B, 0x05, 0x54, 0x29, 0x70, 0xD1, 0x86, 0x16, 0x47, 0xD4, 0xDE, 0x1B, 0xF9, 0xB6, 0x66, 0x96,
    0xAA, 0xC8, 0xBB, 0x20, 0x63, 0xE1, 0x88, 0xE1, 0x91, 0x64, 0x1A, 0x3A, 0x05, 0x34, 0x3B, 0x56,
    0xAF, 0x1C, 0x74, 0x2E, 0x82, 0x93, 0x38, 0x91, 0xA8, 0x5A, 0x86, 0xEA, 0x8C, 0xE8, 0x95, 0x43,
    0x4E, 0xE2, 0xBE, 0x0A, 0x1A, 0x7B, 0x99, 0x22, 0xF2, 0xC1, 0xF6, 0xD5, 0xBC, 0x6C, 0xDA, 0xC5,
    0x02, 0xF4, 0xE2, 0x3E, 0xFC, 0x21, 0xD9, 0xBA, 0x22, 0x34, 0xFC, 0xFA, 0xA3, 0xF3, 0xE4, 0xD7,
    0x96, 0xE4, 0x3F, 0xD9, 0xE9, 0xE3, 0xA1, 0xB7, 0xF0, 0x58, 0xC6, 0xEF, 0x2D, 0xE1, 0x33, 0xEB,
    0x99, 0x3F, 0xB3, 0x84, 0x1F, 0xB0, 0x01, 0x71, 0xED, 0x85, 0x90, 0x0C, 0xDB, 0x86, 0xCB, 0x37,
    0x84, 0x36, 0x87, 0xCC, 0xA2, 0x8C, 0x06, 0x2C, 0xE0, 0x81, 0xFF, 0xDF, 0x44, 0x7C, 0x5B, 0x1E,
    0xFE, 0x71, 0xD8, 0x20, 0x73, 0x2E, 0x60, 0xFE, 0xC2, 0x75, 0x0F, 0x5B, 0x80, 0x06, 0x2E, 0xAD,
    0x5D, 0x3D, 0xC3, 0xCC, 0x20, 0xAA, 0x2C, 0x91, 0x8E, 0x42, 0xF1, 0xAE, 0x7A, 0xE7, 0xFA, 0x0E,
    0xDC, 0xEC, 0x5C, 0x17, 0x43, 0x57, 0x09, 0x0B, 0xE7, 0xDA, 0x38, 0x93, 0xF6, 0x02, 0xF1, 0x49,
    0x1F, 0xE9, 0x2B, 0x1C, 0xE1, 0x3A, 0xF9, 0xA5, 0x38, 0xF1, 0x4E, 0x19, 0x8B, 0x76, 0xE0, 0x9C,
    0x8B, 0xD3, 0x58, 0x67, 0xED, 0x9C, 0xCD, 0xC6, 0xDA, 0x8D, 0x6D, 0x2F, 0x2C, 0x21, 0x2B, 0x67,
    0x66, 0x56, 0x67, 0xB6, 0xB5, 0xB4, 0xBA, 0x96, 0xD3, 0x75, 0xF0, 0xD0, 0x40, 0xF1, 0x0C, 0x59,
    0x6D, 0xCD, 0xC0, 0xA2, 0x86, 0x65, 0x03, 0x5D, 0x8B, 0xF4, 0x91, 0xBE, 0xD7, 0xF5, 0x9C, 0xAC,
    0xCC, 0x8C, 0xD5, 0xA8, 0x45, 0x4B, 0x34, 0xFF, 0x7D, 0x55, 0xB5, 0xE3, 0xC7, 0x7F, 0x1D, 0x8E,
    0x1F, 0x21, 0xBC, 0xA3, 0x37, 0x07, 0xDF, 0x1E, 0x8F, 0x83, 0xBD, 0xC7, 0xD7, 0x41, 0xB7, 0xEC,
    0x79, 0x27, 0xE8, 0x8D, 0xAE, 0xB7, 0x26, 0x30, 0xF6, 0x8F, 0xF8, 0x17, 0x63, 0xE0, 0x77, 0x60,
    0x60, 0xB0, 0xBF, 0xC0, 0xC0, 0xB0, 0xFF, 0x03, 0x03, 0xE3, 0xFF, 0x3F, 0x0C, 0xCC, 0x1F, 0xEA,
    0x18, 0xF8, 0xFF, 0xEB, 0x3B, 0xE8, 0xFF, 0x5F, 0x7F, 0xC0, 0xFE, 0x7F, 0xFE, 0x07, 0xFB, 0x1F,
    0xFB, 0x3F, 0xD8, 0xFF, 0xFC, 0x7F, 0x81, 0xFF, 0xFF, 0xFF, 0x06, 0xE6, 0x1F, 0xFF, 0x41, 0x6A,
    0x40, 0x6A, 0xC1, 0x7A, 0x40, 0x7A, 0x01,
};

static const EpdGlyph jetbrainsmono_10_regularGlyphs[] = {
    { 0, 0, 0, 0, 0, 0, 0 }, // U+0000
    { 0, 0, 0, 0, 0, 0, 0 }, // U+0001
    { 0, 0, 0, 0, 0, 0, 0 }, // U+0002
    { 0, 0, 0, 0, 0, 0, 0 }, // U+0003
    { 0, 0, 0, 0, 0, 0, 0 }, // U+0004
    { 0, 0, 0, 0, 0, 0, 0 }, // U+0005
    { 0, 0, 0, 0, 0, 0, 0 }, // U+0006
    { 0, 0, 0, 0, 0, 0, 0 }, // U+0007
    { 0, 0, 0, 0, 0, 0, 0 }, // U+0008
    { 0, 0, 0, 0, 0, 0, 0 }, // U+0009
    { 0, 0, 0, 0, 0, 0, 0 }, // U+000A
    { 0, 0, 0, 0, 0, 0, 0 }, // U+000B
    { 0, 0, 0, 0, 0, 0, 0 }, // U+000C
    { 0, 0, 0, 0, 0, 0, 0 }, // U+000D
    { 0, 0, 0, 0, 0, 0, 0 }, // U+000E
    { 0, 0, 0, 0, 0, 0, 0 }, // U+000F
    { 0, 0, 0, 0, 0, 0, 0 }, // U+0010
    { 0, 0, 0, 0, 0, 0, 0 }, // U+0011
    { 0, 0, 0, 0, 0, 0, 0 }, // U+0012
    { 0, 0, 0, 0, 0, 0, 0 }, // U+0013
    { 0, 0, 0, 0, 0, 0, 0 }, // U+0014
    { 0, 0, 0, 0, 0, 0, 0 }, // U+0015
    { 0, 0, 0, 0, 0, 0, 0 }, // U+0016
    { 0, 0, 0, 0, 0, 0, 0 }, // U+0017
    { 0, 0, 0, 0, 0, 0, 0 }, // U+0018
    { 0, 0, 0, 0, 0, 0, 0 }, // U+0019
    { 0, 0, 0, 0, 0, 0, 0 }, // U+001A
    { 0, 0, 0, 0, 0, 0, 0 }, // U+001B
    { 0, 0, 0, 0, 0, 0, 0 }, // U+001C
    { 0, 0, 0, 0, 0, 0, 0 }, // U+001D
    { 0, 0, 0, 0, 0, 0, 0 }, // U+001E
    { 0, 0, 0, 0, 0, 0, 0 }, // U+001F
    { 0, 0, 200, 0, 0, 0, 0 }, // U+0020
    { 4, 16, 200, 4, 16, 16, 0 }, // !
    { 7, 6, 200, 3, 16, 11, 16 }, // "
    { 12, 16, 200, 0, 16, 48, 27 }, // #
    { 11, 22, 200, 1, 19, 61, 75 }, // $
    { 13, 16, 200, 0, 16, 52, 136 }, // %
    { 13, 16, 200, 0, 16, 52, 188 }, // &
    { 3, 6, 200, 5, 16, 5, 240 }, // '
    { 8, 21, 200, 3, 18, 42, 245 }, // (
    { 7, 21, 200, 2, 18, 37, 287 }, // )
    { 12, 12, 200, 0, 13, 36, 324 }, // *
    { 11, 10, 200, 1, 12, 28, 360 }, // +
    { 4, 7, 200, 4, 3, 7, 388 }, // ,
    { 8, 2, 200, 2, 8, 4, 395 }, // -
    { 5, 3, 200, 4, 3, 4, 399 }, // .
    { 11, 20, 200, 1, 18, 55, 403 }, // /
    { 10, 16, 200, 1, 16, 40, 458 }, // 0
    { 11, 16, 200, 1, 16, 44, 498 }, // 1
    { 11, 16, 200, 1, 16, 44, 542 }, // 2
    { 10, 16, 200, 1, 16, 40, 586 }, // 3
    { 10, 16, 200, 1, 16, 40, 626 }, // 4
    { 10, 16, 200, 1, 16, 40, 666 }, // 5
    { 11, 16, 200, 1, 16, 44, 706 }, // 6
    { 11, 16, 200, 1, 16, 44, 750 }, // 7
    { 11, 16, 200, 1, 16, 44, 794 }, // 8
    { 11, 16, 200, 1, 16, 44, 838 }, // 9
    { 5, 12, 200, 4, 12, 15, 882 }, // :
    { 5, 16, 200, 4, 12, 20, 897 }, // ;
    { 10, 12, 200, 1, 13, 30, 917 }, // <
    { 10, 7, 200, 1, 11, 18, 947 }, // =
    { 10, 12, 200, 1, 13, 30, 965 }, // >
    { 9, 16, 200, 2, 16, 36, 995 }, // ?
    { 12, 20, 200, 0, 16, 60, 1031 }, // @
    { 11, 16, 200, 1, 16, 44, 1091 }, // A
    { 11, 16, 200, 1, 16, 44, 1135 }, // B
    { 10, 16, 200, 1, 16, 40, 1179 }, // C
    { 10, 16, 200, 1, 16, 40, 1219 }, // D
    { 9, 16, 200, 2, 16, 36, 1259 }, // E
    { 10, 16, 200, 2, 16, 40, 1295 }, // F
    { 10, 16, 200, 1, 16, 40, 1335 }, // G
    { 10, 16, 200, 1, 16, 40, 1375 }, // H
    { 9, 16, 200, 2, 16, 36, 1415 }, // I
    { 11, 16, 200, 0, 16, 44, 1451 }, // J
    { 11, 16, 200, 1, 16, 44, 1495 }, // K
    { 10, 16, 200, 2, 16, 40, 1539 }, // L
    { 11, 16, 200, 1, 16, 44, 1579 }, // M
    { 10, 16, 200, 1, 16, 40, 1623 }, // N
    { 10, 16, 200, 1, 16, 40, 1663 }, // O
    { 11, 16, 200, 1, 16, 44, 1703 }, // P
    { 11, 20, 200, 1, 16, 55, 1747 }, // Q
    { 11, 16, 200, 1, 16, 44, 1802 }, // R
    { 11, 16, 200, 1, 16, 44, 1846 }, // S
    { 11, 16, 200, 1, 16, 44, 1890 }, // T
    { 10, 16, 200, 1, 16, 40, 1934 }, // U
    { 11, 16, 200, 1, 16, 44, 1974 }, // V
    { 13, 16, 200, 0, 16, 52, 2018 }, // W
    { 12, 16, 200, 0, 16, 48, 2070 }, // X
    { 12, 16, 200, 0, 16, 48, 2118 }, // Y
    { 10, 16, 200, 1, 16, 40, 2166 }, // Z
    { 6, 20, 200, 4, 18, 30, 2206 }, // [
    { 11, 20, 200, 1, 18, 55, 2236 }, // <backslash>
    { 6, 20, 200, 3, 18, 30, 2291 }, // ]
    { 10, 9, 200, 1, 16, 23, 2321 }, // ^
    { 11, 2, 200, 1, 0, 6, 2344 }, // _
    { 5, 3, 200, 3, 17, 4, 2350 }, // `
    { 10, 12, 200, 1, 12, 30, 2354 }, // a
    { 10, 16, 200, 1, 16, 40, 2384 }, // b
    { 10, 12, 200, 1, 12, 30, 2424 }, // c
    { 10, 16, 200, 1, 16, 40, 2454 }, // d
    { 10, 12, 200, 1, 12, 30, 2494 }, // e
    { 11, 16, 200, 1, 16, 44, 2524 }, // f
    { 10, 16, 200, 1, 12, 40, 2568 }, // g
    { 10, 16, 200, 1, 16, 40, 2608 }, // h
    { 11, 17, 200, 1, 17, 47, 2648 }, // i
    { 9, 21, 200, 1, 17, 48, 2695 }, // j
    { 10, 16, 200, 2, 16, 40, 2743 }, // k
    { 12, 16, 200, 0, 16, 48, 2783 }, // l
    { 11, 12, 200, 1, 12, 33, 2831 }, // m
    { 10, 12, 200, 1, 12, 30, 2864 }, // n
    { 10, 12, 200, 1, 12, 30, 2894 }, // o
    { 10, 16, 200, 1, 12, 40, 2924 }, // p
    { 10, 16, 200, 1, 12, 40, 2964 }, // q
    { 10, 12, 200, 2, 12, 30, 3004 }, // r
    { 10, 12, 200, 1, 12, 30, 3034 }, // s
    { 11, 15, 200, 0, 15, 42, 3064 }, // t
    { 10, 12, 200, 1, 12, 30, 3106 }, // u
    { 11, 12, 200, 1, 12, 33, 3136 }, // v
    { 12, 12, 200, 0, 12, 36, 3169 }, // w
    { 11, 12, 200, 1, 12, 33, 3205 }, // x
    { 11, 16, 200, 1, 12, 44, 3238 }, // y
    { 10, 12, 200, 1, 12, 30, 3282 }, // z
    { 10, 20, 200, 1, 18, 50, 3312 }, // {
    { 3, 20, 200, 5, 18, 15, 3362 }, // |
    { 10, 20, 200, 2, 18, 50, 3377 }, // }
    { 11, 5, 200, 1, 10, 14, 3427 }, // ~
    { 0, 0, 0, 0, 0, 0, 3441 }, // U+007F
    { 0, 0, 0, 0, 0, 0, 0 }, // U+0080
    { 0, 0, 0, 0, 0, 0, 0 }, // U+0081
    { 0, 0, 0, 0, 0, 0, 0 }, // U+0082
    { 0, 0, 0, 0, 0, 0, 0 }, // U+0083
    { 0, 0, 0, 0, 0, 0, 0 }, // U+0084
    { 0, 0, 0, 0, 0, 0, 0 }, // U+0085
    { 0, 0, 0, 0, 0, 0, 0 }, // U+0086
    { 0, 0, 0, 0, 0, 0, 0 }, // U+0087
    { 0, 0, 0, 0, 0, 0, 0 }, // U+0088
    { 0, 0, 0, 0, 0, 0, 0 }, // U+0089
    { 0, 0, 0, 0, 0, 0, 0 }, // U+008A
    { 0, 0, 0, 0, 0, 0, 0 }, // U+008B
    { 0, 0, 0, 0, 0, 0, 0 }, // U+008C
    { 0, 0, 0, 0, 0, 0, 0 }, // U+008D
    { 0, 0, 0, 0, 0, 0, 0 }, // U+008E
    { 0, 0, 0, 0, 0, 0, 0 }, // U+008F
    { 0, 0, 0, 0, 0, 0, 0 }, // U+0090
    { 0, 0, 0, 0, 0, 0, 0 }, // U+0091
    { 0, 0, 0, 0, 0, 0, 0 }, // U+0092
    { 0, 0, 0, 0, 0, 0, 0 }, // U+0093
    { 0, 0, 0, 0, 0, 0, 0 }, // U+0094
    { 0, 0, 0, 0, 0, 0, 0 }, // U+0095
    { 0, 0, 0, 0, 0, 0, 0 }, // U+0096
    { 0, 0, 0, 0, 0, 0, 0 }, // U+0097
    { 0, 0, 0, 0, 0, 0, 0 }, // U+0098
    { 0, 0, 0, 0, 0, 0, 0 }, // U+0099
    { 0, 0, 0, 0, 0, 0, 0 }, // U+009A
    { 0, 0, 0, 0, 0, 0, 0 }, // U+009B
    { 0, 0, 0, 0, 0, 0, 0 }, // U+009C
    { 0, 0, 0, 0, 0, 0, 0 }, // U+009D
    { 0, 0, 0, 0, 0, 0, 0 }, // U+009E
    { 0, 0, 0, 0, 0, 0, 0 }, // U+009F
    { 0, 0, 200, 0, 0, 0, 0 }, // U+00A0
    { 4, 16, 200, 4, 12, 16, 0 }, // U+00A1
    { 10, 18, 200, 1, 15, 45, 16 }, // U+00A2
    { 11, 16, 200, 1, 16, 44, 61 }, // U+00A3
    { 12, 13, 200, 0, 14, 39, 105 }, // U+00A4
    { 12, 16, 200, 0, 16, 48, 144 }, // U+00A5
    { 3, 20, 200, 5, 18, 15, 192 }, // U+00A6
    { 10, 19, 200, 1, 16, 48, 207 }, // U+00A7
    { 8, 3, 200, 2, 17, 6, 255 }, // U+00A8
    { 12, 14, 200, 0, 15, 42, 261 }, // U+00A9
    { 6, 8, 200, 3, 16, 12, 303 }, // U+00AA
    { 12, 10, 200, 0, 11, 30, 315 }, // U+00AB
    { 9, 5, 200, 2, 9, 12, 345 }, // U+00AC
    { 0, 0, 0, 0, 0, 0, 357 }, // U+00AD
    { 12, 13, 200, 0, 15, 39, 357 }, // U+00AE
    { 8, 2, 200, 2, 16, 4, 396 }, // U+00AF
    { 7, 6, 200, 3, 16, 11, 400 }, // U+00B0
    { 11, 12, 200, 1, 12, 33, 411 }, // U+00B1
    { 7, 9, 200, 3, 17, 16, 444 }, // U+00B2
    { 8, 9, 200, 2, 17, 18, 460 }, // U+00B3
    { 6, 3, 200, 4, 17, 5, 478 }, // U+00B4
    { 10, 16, 200, 1, 12, 40, 483 }, // U+00B5
    { 10, 20, 200, 1, 16, 50, 523 }, // U+00B6
    { 5, 3, 200, 4, 9, 4, 573 }, // U+00B7
    { 5, 5, 200, 4, 1, 7, 577 }, // U+00B8
    { 8, 9, 200, 3, 17, 18, 584 }, // U+00B9
    { 6, 8, 200, 3, 16, 12, 602 }, // U+00BA
    { 12, 10, 200, 0, 11, 30, 614 }, // U+00BB
    { 13, 16, 200, 0, 16, 52, 644 }, // U+00BC
    { 13, 17, 200, 0, 16, 56, 696 }, // U+00BD
    { 13, 16, 200, 0, 16, 52, 752 }, // U+00BE
    { 8, 16, 200, 2, 12, 32, 804 }, // U+00BF
    { 11, 20, 200, 1, 20, 55, 836 }, // U+00C0
    { 11, 20, 200, 1, 20, 55, 891 }, // U+00C1
    { 11, 20, 200, 1, 20, 55, 946 }, // U+00C2
    { 11, 22, 200, 1, 22, 61, 1001 }, // U+00C3
    { 11, 20, 200, 1, 20, 55, 1062 }, // U+00C4
    { 11, 21, 200, 1, 21, 58, 1117 }, // U+00C5
    { 12, 16, 200, 0, 16, 48, 1175 }, // U+00C6
    { 10, 21, 200, 1, 16, 53, 1223 }, // U+00C7
    { 9, 20, 200, 2, 20, 45, 1276 }, // U+00C8
    { 9, 20, 200, 2, 20, 45, 1321 }, // U+00C9
    { 9, 20, 200, 2, 20, 45, 1366 }, // U+00CA
    { 9, 20, 200, 2, 20, 45, 1411 }, // U+00CB
    { 9, 20, 200, 2, 20, 45, 1456 }, // U+00CC
    { 9, 20, 200, 2, 20, 45, 1501 }, // U+00CD
    { 9, 20, 200, 2, 20, 45, 1546 }, // U+00CE
    { 9, 20, 200, 2, 20, 45, 1591 }, // U+00CF
    { 11, 16, 200, 0, 16, 44, 1636 }, // U+00D0
    { 10, 22, 200, 1, 22, 55, 1680 }, // U+00D1
    { 10, 20, 200, 1, 20, 50, 1735 }, // U+00D2
    { 10, 20, 200, 1, 20, 50, 1785 }, // U+00D3
    { 10, 20, 200, 1, 20, 50, 1835 }, // U+00D4
    { 10, 22, 200, 1, 22, 55, 1885 }, // U+00D5
    { 10, 20, 200, 1, 20, 50, 1940 }, // U+00D6
    { 9, 10, 200, 2, 12, 23, 1990 }, // U+00D7
    { 12, 17, 200, 0, 16, 51, 2013 }, // U+00D8
    { 10, 20, 200, 1, 20, 50, 2064 }, // U+00D9
    { 10, 20, 200, 1, 20, 50, 2114 }, // U+00DA
    { 10, 20, 200, 1, 20, 50, 2164 }, // U+00DB
    { 10, 20, 200, 1, 20, 50, 2214 }, // U+00DC
    { 12, 20, 200, 0, 20, 60, 2264 }, // U+00DD
    { 11, 16, 200, 1, 16, 44, 2324 }, // U+00DE
    { 11, 16, 200, 1, 16, 44, 2368 }, // U+00DF
    { 10, 17, 200, 1, 17, 43, 2412 }, // U+00E0
    { 10, 17, 200, 1, 17, 43, 2455 }, // U+00E1
    { 10, 17, 200, 1, 17, 43, 2498 }, // U+00E2
    { 10, 18, 200, 1, 18, 45, 2541 }, // U+00E3
    { 10, 17, 200, 1, 17, 43, 2586 }, // U+00E4
    { 10, 18, 200, 1, 18, 45, 2629 }, // U+00E5
    { 12, 12, 200, 0, 12, 36, 2674 }, // U+00E6
    { 10, 17, 200, 1, 12, 43, 2710 }, // U+00E7
    { 10, 17, 200, 1, 17, 43, 2753 }, // U+00E8
    { 10, 17, 200, 1, 17, 43, 2796 }, // U+00E9
    { 10, 17, 200, 1, 17, 43, 2839 }, // U+00EA
    { 10, 17, 200, 1, 17, 43, 2882 }, // U+00EB
    { 11, 17, 200, 1, 17, 47, 2925 }, // U+00EC
    { 11, 17, 200, 1, 17, 47, 2972 }, // U+00ED
    { 11, 17, 200, 1, 17, 47, 3019 }, // U+00EE
    { 11, 17, 200, 1, 17, 47, 3066 }, // U+00EF
    { 11, 17, 200, 1, 17, 47, 3113 }, // U+00F0
    { 10, 18, 200, 1, 18, 45, 3160 }, // U+00F1
    { 10, 17, 200, 1, 17, 43, 3205 }, // U+00F2
    { 10, 17, 200, 1, 17, 43, 3248 }, // U+00F3
    { 10, 17, 200, 1, 17, 43, 3291 }, // U+00F4
    { 10, 18, 200, 1, 18, 45, 3334 }, // U+00F5
    { 10, 17, 200, 1, 17, 43, 3379 }, // U+00F6
    { 9, 12, 200, 2, 13, 27, 3422 }, // U+00F7
    { 12, 14, 200, 0, 13, 42, 3449 }, // U+00F8
    { 10, 17, 200, 1, 17, 43, 3491 }, // U+00F9
    { 10, 17, 200, 1, 17, 43, 3534 }, // U+00FA
    { 10, 17, 200, 1, 17, 43, 3577 }, // U+00FB
    { 10, 17, 200, 1, 17, 43, 3620 }, // U+00FC
    { 11, 21, 200, 1, 17, 58, 3663 }, // U+00FD
    { 10, 20, 200, 1, 16, 50, 3721 }, // U+00FE
    { 11, 21, 200, 1, 17, 58, 3771 }, // U+00FF
    { 11, 20, 200, 1, 20, 55, 0 }, // U+0100
    { 10, 16, 200, 1, 16, 40, 55 }, // U+0101
    { 11, 20, 200, 1, 20, 55, 95 }, // U+0102
    { 10, 17, 200, 1, 17, 43, 150 }, // U+0103
    { 12, 21, 200, 1, 16, 63, 193 }, // U+0104
    { 11, 17, 200, 1, 12, 47, 256 }, // U+0105
    { 10, 20, 200, 1, 20, 50, 303 }, // U+0106
    { 10, 17, 200, 1, 17, 43, 353 }, // U+0107
    { 10, 20, 200, 1, 20, 50, 396 }, // U+0108
    { 10, 17, 200, 1, 17, 43, 446 }, // U+0109
    { 10, 20, 200, 1, 20, 50, 489 }, // U+010A
    { 10, 17, 200, 1, 17, 43, 539 }, // U+010B
    { 10, 20, 200, 1, 20, 50, 582 }, // U+010C
    { 10, 17, 200, 1, 17, 43, 632 }, // U+010D
    { 10, 20, 200, 1, 20, 50, 675 }, // U+010E
    { 12, 16, 200, 1, 16, 48, 725 }, // U+010F
    { 11, 16, 200, 0, 16, 44, 773 }, // U+0110
    { 12, 16, 200, 1, 16, 48, 817 }, // U+0111
    { 9, 20, 200, 2, 20, 45, 865 }, // U+0112
    { 10, 16, 200, 1, 16, 40, 910 }, // U+0113
    { 9, 20, 200, 2, 20, 45, 950 }, // U+0114
    { 10, 17, 200, 1, 17, 43, 995 }, // U+0115
    { 9, 20, 200, 2, 20, 45, 1038 }, // U+0116
    { 10, 17, 200, 1, 17, 43, 1083 }, // U+0117
    { 10, 21, 200, 2, 16, 53, 1126 }, // U+0118
    { 10, 17, 200, 1, 12, 43, 1179 }, // U+0119
    { 9, 20, 200, 2, 20, 45, 1222 }, // U+011A
    { 10, 17, 200, 1, 17, 43, 1267 }, // U+011B
    { 10, 20, 200, 1, 20, 50, 1310 }, // U+011C
    { 10, 21, 200, 1, 17, 53, 1360 }, // U+011D
    { 10, 20, 200, 1, 20, 50, 1413 }, // U+011E
    { 10, 21, 200, 1, 17, 53, 1463 }, // U+011F
    { 10, 20, 200, 1, 20, 50, 1516 }, // U+0120
    { 10, 21, 200, 1, 17, 53, 1566 }, // U+0121
    { 10, 21, 200, 1, 16, 53, 1619 }, // U+0122
    { 10, 23, 200, 1, 19, 58, 1672 }, // U+0123
    { 10, 20, 200, 1, 20, 50, 1730 }, // U+0124
    { 12, 21, 200, -1, 21, 63, 1780 }, // U+0125
    { 13, 16, 200, 0, 16, 52, 1843 }, // U+0126
    { 11, 16, 200, 0, 16, 44, 1895 }, // U+0127
    { 9, 22, 200, 2, 22, 50, 1939 }, // U+0128
    { 11, 18, 200, 1, 18, 50, 1989 }, // U+0129
    { 9, 20, 200, 2, 20, 45, 2039 }, // U+012A
    { 11, 16, 200, 1, 16, 44, 2084 }, // U+012B
    { 9, 20, 200, 2, 20, 45, 2128 }, // U+012C
    { 11, 17, 200, 1, 17, 47, 2173 }, // U+012D
    { 9, 21, 200, 2, 16, 48, 2220 }, // U+012E
    { 11, 22, 200, 1, 17, 61, 2268 }, // U+012F
    { 9, 20, 200, 2, 20, 45, 2329 }, // U+0130
    { 11, 12, 200, 1, 12, 33, 2374 }, // U+0131
    { 14, 20, 200, 0, 20, 70, 2407 }, // U+0134
    { 11, 21, 200, 1, 17, 58, 2477 }, // U+0135
    { 11, 21, 200, 1, 16, 58, 2535 }, // U+0136
    { 10, 21, 200, 2, 16, 53, 2593 }, // U+0137
    { 10, 12, 200, 2, 12, 30, 2646 }, // U+0138
    { 10, 20, 200, 2, 20, 50, 2676 }, // U+0139
    { 12, 20, 200, 0, 20, 60, 2726 }, // U+013A
    { 10, 21, 200, 2, 16, 53, 2786 }, // U+013B
    { 12, 21, 200, 0, 16, 63, 2839 }, // U+013C
    { 10, 16, 200, 2, 16, 40, 2902 }, // U+013D
    { 12, 16, 200, 0, 16, 48, 2942 }, // U+013E
    { 10, 16, 200, 2, 16, 40, 2990 }, // U+013F
    { 14, 16, 200, 0, 16, 56, 3030 }, // U+0140
    { 12, 16, 200, 0, 16, 48, 3086 }, // U+0141
    { 12, 16, 200, 0, 16, 48, 3134 }, // U+0142
    { 10, 20, 200, 1, 20, 50, 3182 }, // U+0143
    { 10, 17, 200, 1, 17, 43, 3232 }, // U+0144
    { 10, 21, 200, 1, 16, 53, 3275 }, // U+0145
    { 10, 17, 200, 1, 12, 43, 3328 }, // U+0146
    { 10, 20, 200, 1, 20, 50, 3371 }, // U+0147
    { 10, 17, 200, 1, 17, 43, 3421 }, // U+0148
    { 12, 17, 200, -1, 17, 51, 3464 }, // U+0149
    { 10, 20, 200, 1, 16, 50, 3515 }, // U+014A
    { 10, 16, 200, 1, 12, 40, 3565 }, // U+014B
    { 10, 20, 200, 1, 20, 50, 3605 }, // U+014C
    { 10, 16, 200, 1, 16, 40, 3655 }, // U+014D
    { 10, 20, 200, 1, 20, 50, 3695 }, // U+014E
    { 10, 17, 200, 1, 17, 43, 3745 }, // U+014F
    { 11, 20, 200, 1, 20, 55, 3788 }, // U+0150
    { 11, 17, 200, 1, 17, 47, 3843 }, // U+0151
    { 13, 16, 200, 0, 16, 52, 3890 }, // U+0152
    { 12, 12, 200, 0, 12, 36, 3942 }, // U+0153
    { 11, 20, 200, 1, 20, 55, 3978 }, // U+0154
    { 10, 17, 200, 2, 17, 43, 4033 }, // U+0155
    { 11, 21, 200, 1, 16, 58, 4076 }, // U+0156
    { 12, 17, 200, 0, 12, 51, 4134 }, // U+0157
    { 11, 20, 200, 1, 20, 55, 4185 }, // U+0158
    { 10, 17, 200, 2, 17, 43, 4240 }, // U+0159
    { 11, 20, 200, 1, 20, 55, 4283 }, // U+015A
    { 10, 17, 200, 1, 17, 43, 4338 }, // U+015B
    { 11, 20, 200, 1, 20, 55, 4381 }, // U+015C
    { 10, 17, 200, 1, 17, 43, 4436 }, // U+015D
    { 11, 21, 200, 1, 16, 58, 4479 }, // U+015E
    { 10, 17, 200, 1, 12, 43, 4537 }, // U+015F
    { 11, 20, 200, 1, 20, 55, 4580 }, // U+0160
    { 10, 17, 200, 1, 17, 43, 4635 }, // U+0161
    { 11, 21, 200, 1, 16, 58, 4678 }, // U+0162
    { 11, 20, 200, 0, 15, 55, 4736 }, // U+0163
    { 11, 20, 200, 1, 20, 55, 4791 }, // U+0164
    { 11, 17, 200, 0, 17, 47, 4846 }, // U+0165
    { 11, 16, 200, 1, 16, 44, 4893 }, // U+0166
    { 11, 15, 200, 0, 15, 42, 4937 }, // U+0167
    { 10, 22, 200, 1, 22, 55, 4979 }, // U+0168
    { 10, 18, 200, 1, 18, 45, 5034 }, // U+0169
    { 10, 20, 200, 1, 20, 50, 5079 }, // U+016A
    { 10, 16, 200, 1, 16, 40, 5129 }, // U+016B
    { 10, 20, 200, 1, 20, 50, 5169 }, // U+016C
    { 10, 17, 200, 1, 17, 43, 5219 }, // U+016D
    { 10, 21, 200, 1, 21, 53, 5262 }, // U+016E
    { 10, 18, 200, 1, 18, 45, 5315 }, // U+016F
    { 11, 20, 200, 1, 20, 55, 5360 }, // U+0170
    { 11, 17, 200, 1, 17, 47, 5415 }, // U+0171
    { 10, 21, 200, 1, 16, 53, 5462 }, // U+0172
    { 10, 17, 200, 1, 12, 43, 5515 }, // U+0173
    { 13, 20, 200, 0, 20, 65, 5558 }, // U+0174
    { 12, 17, 200, 0, 17, 51, 5623 }, // U+0175
    { 12, 20, 200, 0, 20, 60, 5674 }, // U+0176
    { 11, 21, 200, 1, 17, 58, 5734 }, // U+0177
    { 12, 20, 200, 0, 20, 60, 5792 }, // U+0178
    { 10, 20, 200, 1, 20, 50, 5852 }, // U+0179
    { 10, 17, 200, 1, 17, 43, 5902 }, // U+017A
    { 10, 20, 200, 1, 20, 50, 5945 }, // U+017B
    { 10, 17, 200, 1, 17, 43, 5995 }, // U+017C
    { 10, 20, 200, 1, 20, 50, 6038 }, // U+017D
    { 10, 17, 200, 1, 17, 43, 6088 }, // U+017E
    { 8, 16, 200, 3, 16, 32, 6131 }, // U+017F
    { 11, 18, 200, 1, 18, 50, 0 }, // U+01A0
    { 11, 14, 200, 1, 14, 39, 50 }, // U+01A1
    { 12, 18, 200, 1, 18, 54, 89 }, // U+01AF
    { 12, 15, 200, 1, 15, 45, 143 }, // U+01B0
    { 11, 20, 200, 1, 20, 55, 188 }, // U+01CD
    { 10, 17, 200, 1, 17, 43, 243 }, // U+01CE
    { 11, 17, 200, 1, 17, 47, 286 }, // U+01D0
    { 10, 17, 200, 1, 17, 43, 333 }, // U+01D2
    { 10, 17, 200, 1, 17, 43, 376 }, // U+01D4
    { 10, 21, 200, 1, 21, 53, 419 }, // U+01D6
    { 10, 22, 200, 1, 22, 55, 472 }, // U+01D8
    { 10, 22, 200, 1, 22, 55, 527 }, // U+01DA
    { 10, 22, 200, 1, 22, 55, 582 }, // U+01DC
    { 10, 20, 200, 1, 20, 50, 637 }, // U+01E6
    { 10, 21, 200, 1, 17, 53, 687 }, // U+01E7
    { 10, 21, 200, 1, 16, 53, 740 }, // U+01EA
    { 10, 17, 200, 1, 12, 43, 793 }, // U+01EB
    { 10, 20, 200, 1, 20, 50, 836 }, // U+01F4
    { 10, 21, 200, 1, 17, 53, 886 }, // U+01F5
    { 12, 20, 200, 0, 20, 60, 939 }, // U+01FC
    { 12, 17, 200, 0, 17, 51, 999 }, // U+01FD
    { 12, 21, 200, 0, 20, 63, 1050 }, // U+01FE
    { 12, 18, 200, 0, 17, 54, 1113 }, // U+01FF
    { 11, 21, 200, 1, 16, 58, 1167 }, // U+0218
    { 10, 17, 200, 1, 12, 43, 1225 }, // U+0219
    { 11, 21, 200, 1, 16, 58, 1268 }, // U+021A
    { 11, 20, 200, 0, 15, 55, 1326 }, // U+021B
    { 6, 3, 0, -10, 17, 5, 0 }, // U+0300
    { 5, 3, 0, -8, 17, 4, 5 }, // U+0301
    { 9, 3, 0, -11, 17, 7, 9 }, // U+0302
    { 8, 5, 0, -10, 18, 10, 16 }, // U+0303
    { 8, 2, 0, -10, 16, 4, 26 }, // U+0304
    { 8, 3, 0, -10, 17, 6, 30 }, // U+0306
    { 4, 3, 0, -8, 17, 3, 36 }, // U+0307
    { 8, 3, 0, -10, 17, 6, 39 }, // U+0308
    { 5, 5, 0, -9, 18, 7, 45 }, // U+0309
    { 6, 5, 0, -9, 18, 8, 52 }, // U+030A
    { 9, 3, 0, -10, 17, 7, 60 }, // U+030B
    { 9, 3, 0, -11, 17, 7, 67 }, // U+030C
    { 9, 3, 0, -12, 17, 7, 74 }, // U+030F
    { 6, 5, 0, -9, 19, 8, 81 }, // U+0312
    { 3, 5, 0, -5, 15, 4, 89 }, // U+031B
    { 4, 3, 0, -8, -2, 3, 93 }, // U+0323
    { 6, 4, 0, -9, -1, 6, 96 }, // U+0325
    { 5, 3, 0, -9, -2, 4, 102 }, // U+0326
    { 6, 5, 0, -9, 1, 8, 106 }, // U+0327
    { 5, 6, 0, -9, 1, 8, 114 }, // U+0328
    { 15, 2, 0, -14, 8, 8, 122 }, // U+0336
    { 12, 13, 0, -12, 12, 39, 130 }, // U+0337
    { 9, 17, 0, -11, 15, 39, 169 }, // U+0338
    { 0, 0, 0, 0, 0, 0, 208 }, // U+034F
    { 9, 20, 200, 2, 20, 45, 0 }, // U+0401
    { 12, 20, 200, 0, 16, 60, 45 }, // U+0402
    { 10, 20, 200, 2, 20, 50, 105 }, // U+0403
    { 10, 16, 200, 1, 16, 40, 155 }, // U+0404
    { 11, 16, 200, 1, 16, 44, 195 }, // U+0405
    { 9, 16, 200, 2, 16, 36, 239 }, // U+0406
    { 9, 20, 200, 2, 20, 45, 275 }, // U+0407
    { 11, 16, 200, 0, 16, 44, 320 }, // U+0408
    { 14, 16, 200, -1, 16, 56, 364 }, // U+0409
    { 12, 16, 200, 1, 16, 48, 420 }, // U+040A
    { 12, 16, 200, 0, 16, 48, 468 }, // U+040B
    { 11, 20, 200, 1, 20, 55, 516 }, // U+040C
    { 11, 20, 200, 1, 20, 55, 571 }, // U+040E
    { 10, 19, 200, 1, 16, 48, 626 }, // U+040F
    { 11, 16, 200, 1, 16, 44, 674 }, // U+0410
    { 11, 16, 200, 1, 16, 44, 718 }, // U+0411
    { 11, 16, 200, 1, 16, 44, 762 }, // U+0412
    { 10, 16, 200, 2, 16, 40, 806 }, // U+0413
    { 13, 20, 200, 0, 16, 65, 846 }, // U+0414
    { 9, 16, 200, 2, 16, 36, 911 }, // U+0415
    { 13, 16, 200, 0, 16, 52, 947 }, // U+0416
    { 11, 16, 200, 1, 16, 44, 999 }, // U+0417
    { 10, 16, 200, 1, 16, 40, 1043 }, // U+0418
    { 10, 20, 200, 1, 20, 50, 1083 }, // U+0419
    { 11, 16, 200, 1, 16, 44, 1133 }, // U+041A
    { 11, 16, 200, 0, 16, 44, 1177 }, // U+041B
    { 11, 16, 200, 1, 16, 44, 1221 }, // U+041C
    { 10, 16, 200, 1, 16, 40, 1265 }, // U+041D
    { 10, 16, 200, 1, 16, 40, 1305 }, // U+041E
    { 10, 16, 200, 1, 16, 40, 1345 }, // U+041F
    { 11, 16, 200, 1, 16, 44, 1385 }, // U+0420
    { 10, 16, 200, 1, 16, 40, 1429 }, // U+0421
    { 11, 16, 200, 1, 16, 44, 1469 }, // U+0422
    { 11, 16, 200, 1, 16, 44, 1513 }, // U+0423
    { 12, 18, 200, 0, 17, 54, 1557 }, // U+0424
    { 12, 16, 200, 0, 16, 48, 1611 }, // U+0425
    { 11, 20, 200, 1, 16, 55, 1659 }, // U+0426
    { 10, 16, 200, 1, 16, 40, 1714 }, // U+0427
    { 11, 16, 200, 1, 16, 44, 1754 }, // U+0428
    { 12, 20, 200, 1, 16, 60, 1798 }, // U+0429
    { 13, 16, 200, -1, 16, 52, 1858 }, // U+042A
    { 11, 16, 200, 1, 16, 44, 1910 }, // U+042B
    { 11, 16, 200, 1, 16, 44, 1954 }, // U+042C
    { 10, 16, 200, 1, 16, 40, 1998 }, // U+042D
    { 11, 16, 200, 1, 16, 44, 2038 }, // U+042E
    { 10, 16, 200, 1, 16, 40, 2082 }, // U+042F
    { 10, 12, 200, 1, 12, 30, 2122 }, // U+0430
    { 10, 16, 200, 1, 16, 40, 2152 }, // U+0431
    { 11, 12, 200, 1, 12, 33, 2192 }, // U+0432
    { 10, 12, 200, 2, 12, 30, 2225 }, // U+0433
    { 12, 16, 200, 0, 12, 48, 2255 }, // U+0434
    { 10, 12, 200, 1, 12, 30, 2303 }, // U+0435
    { 13, 12, 200, 0, 12, 39, 2333 }, // U+0436
    { 11, 12, 200, 1, 12, 33, 2372 }, // U+0437
    { 10, 12, 200, 1, 12, 30, 2405 }, // U+0438
    { 10, 17, 200, 1, 17, 43, 2435 }, // U+0439
    { 10, 12, 200, 2, 12, 30, 2478 }, // U+043A
    { 11, 12, 200, 0, 12, 33, 2508 }, // U+043B
    { 11, 12, 200, 1, 12, 33, 2541 }, // U+043C
    { 10, 12, 200, 1, 12, 30, 2574 }, // U+043D
    { 10, 12, 200, 1, 12, 30, 2604 }, // U+043E
    { 10, 12, 200, 1, 12, 30, 2634 }, // U+043F
    { 10, 16, 200, 1, 12, 40, 2664 }, // U+0440
    { 10, 12, 200, 1, 12, 30, 2704 }, // U+0441
    { 11, 12, 200, 1, 12, 33, 2734 }, // U+0442
    { 11, 16, 200, 1, 12, 44, 2767 }, // U+0443
    { 11, 20, 200, 1, 16, 55, 2811 }, // U+0444
    { 11, 12, 200, 1, 12, 33, 2866 }, // U+0445
    { 11, 16, 200, 1, 12, 44, 2899 }, // U+0446
    { 10, 12, 200, 1, 12, 30, 2943 }, // U+0447
    { 11, 12, 200, 1, 12, 33, 2973 }, // U+0448
    { 12, 16, 200, 1, 12, 48, 3006 }, // U+0449
    { 12, 12, 200, 0, 12, 36, 3054 }, // U+044A
    { 11, 12, 200, 1, 12, 33, 3090 }, // U+044B
    { 10, 12, 200, 2, 12, 30, 3123 }, // U+044C
    { 10, 12, 200, 1, 12, 30, 3153 }, // U+044D
    { 11, 12, 200, 1, 12, 33, 3183 }, // U+044E
    { 10, 12, 200, 1, 12, 30, 3216 }, // U+044F
    { 10, 17, 200, 1, 17, 43, 3246 }, // U+0451
    { 11, 20, 200, 0, 16, 55, 3289 }, // U+0452
    { 10, 17, 200, 2, 17, 43, 3344 }, // U+0453
    { 10, 12, 200, 1, 12, 30, 3387 }, // U+0454
    { 10, 12, 200, 1, 12, 30, 3417 }, // U+0455
    { 11, 17, 200, 1, 17, 47, 3447 }, // U+0456
    { 11, 17, 200, 1, 17, 47, 3494 }, // U+0457
    { 9, 21, 200, 1, 17, 48, 3541 }, // U+0458
    { 13, 12, 200, 0, 12, 39, 3589 }, // U+0459
    { 12, 12, 200, 1, 12, 36, 3628 }, // U+045A
    { 11, 16, 200, 0, 16, 44, 3664 }, // U+045B
    { 10, 17, 200, 2, 17, 43, 3708 }, // U+045C
    { 11, 21, 200, 1, 17, 58, 3751 }, // U+045E
    { 10, 15, 200, 1, 12, 38, 3809 }, // U+045F
    { 10, 18, 200, 2, 18, 45, 3847 }, // U+0490
    { 10, 14, 200, 2, 14, 35, 3892 }, // U+0491
    { 12, 16, 200, 0, 16, 48, 3927 }, // U+0492
    { 11, 12, 200, 1, 12, 33, 3975 }, // U+0493
    { 12, 19, 200, 1, 16, 57, 4008 }, // U+049A
    { 11, 15, 200, 1, 12, 42, 4065 }, // U+049B
    { 11, 19, 200, 1, 16, 53, 4107 }, // U+04A2
    { 11, 15, 200, 1, 12, 42, 4160 }, // U+04A3
    { 12, 16, 200, 0, 16, 48, 4202 }, // U+04AE
    { 11, 16, 200, 1, 12, 44, 4250 }, // U+04AF
    { 12, 16, 200, 0, 16, 48, 4294 }, // U+04B0
    { 11, 16, 200, 1, 12, 44, 4342 }, // U+04B1
    { 11, 19, 200, 1, 16, 53, 4386 }, // U+04B6
    { 11, 15, 200, 1, 12, 42, 4439 }, // U+04B7
    { 10, 16, 200, 2, 16, 40, 4481 }, // U+04BA
    { 9, 12, 200, 2, 12, 27, 4521 }, // U+04BB
    { 10, 16, 200, 1, 16, 40, 4548 }, // U+04D8
    { 10, 12, 200, 1, 12, 30, 4588 }, // U+04D9
    { 13, 20, 200, 0, 20, 65, 4618 }, // U+04DC
    { 13, 17, 200, 0, 17, 56, 4683 }, // U+04DD
    { 11, 20, 200, 1, 20, 55, 4739 }, // U+04DE
    { 11, 17, 200, 1, 17, 47, 4794 }, // U+04DF
    { 10, 20, 200, 1, 20, 50, 4841 }, // U+04E4
    { 10, 17, 200, 1, 17, 43, 4891 }, // U+04E5
    { 10, 20, 200, 1, 20, 50, 4934 }, // U+04E6
    { 10, 17, 200, 1, 17, 43, 4984 }, // U+04E7
    { 10, 16, 200, 1, 16, 40, 5027 }, // U+04E8
    { 10, 12, 200, 1, 12, 30, 5067 }, // U+04E9
    { 10, 20, 200, 1, 20, 50, 5097 }, // U+04F4
    { 10, 17, 200, 1, 17, 43, 5147 }, // U+04F5
    { 11, 21, 200, 1, 16, 58, 0 }, // U+1EA0
    { 10, 17, 200, 1, 12, 43, 58 }, // U+1EA1
    { 11, 22, 200, 1, 22, 61, 101 }, // U+1EA2
    { 10, 18, 200, 1, 18, 45, 162 }, // U+1EA3
    { 12, 22, 200, 1, 22, 66, 207 }, // U+1EA4
    { 13, 20, 200, 1, 20, 65, 273 }, // U+1EA5
    { 11, 22, 200, 1, 22, 61, 338 }, // U+1EA6
    { 11, 19, 200, 1, 19, 53, 399 }, // U+1EA7
    { 11, 23, 200, 1, 23, 64, 452 }, // U+1EA8
    { 11, 21, 200, 1, 21, 58, 516 }, // U+1EA9
    { 11, 22, 200, 1, 22, 61, 574 }, // U+1EAA
    { 10, 20, 200, 1, 20, 50, 635 }, // U+1EAB
    { 11, 25, 200, 1, 20, 69, 685 }, // U+1EAC
    { 10, 22, 200, 1, 17, 55, 754 }, // U+1EAD
    { 11, 22, 200, 1, 22, 61, 809 }, // U+1EAE
    { 10, 20, 200, 1, 20, 50, 870 }, // U+1EAF
    { 11, 22, 200, 1, 22, 61, 920 }, // U+1EB0
    { 10, 20, 200, 1, 20, 50, 981 }, // U+1EB1
    { 11, 22, 200, 1, 22, 61, 1031 }, // U+1EB2
    { 10, 21, 200, 1, 21, 53, 1092 }, // U+1EB3
    { 11, 22, 200, 1, 22, 61, 1145 }, // U+1EB4
    { 10, 20, 200, 1, 20, 50, 1206 }, // U+1EB5
    { 11, 25, 200, 1, 20, 69, 1256 }, // U+1EB6
    { 10, 22, 200, 1, 17, 55, 1325 }, // U+1EB7
    { 9, 21, 200, 2, 16, 48, 1380 }, // U+1EB8
    { 10, 17, 200, 1, 12, 43, 1428 }, // U+1EB9
    { 9, 22, 200, 2, 22, 50, 1471 }, // U+1EBA
    { 10, 18, 200, 1, 18, 45, 1521 }, // U+1EBB
    { 9, 22, 200, 2, 22, 50, 1566 }, // U+1EBC
    { 10, 18, 200, 1, 18, 45, 1616 }, // U+1EBD
    { 12, 22, 200, 2, 22, 66, 1661 }, // U+1EBE
    { 13, 20, 200, 1, 20, 65, 1727 }, // U+1EBF
    { 10, 22, 200, 2, 22, 55, 1792 }, // U+1EC0
    { 11, 19, 200, 1, 19, 53, 1847 }, // U+1EC1
    { 10, 23, 200, 2, 23, 58, 1900 }, // U+1EC2
    { 11, 21, 200, 1, 21, 58, 1958 }, // U+1EC3
    { 9, 22, 200, 2, 22, 50, 2016 }, // U+1EC4
    { 10, 20, 200, 1, 20, 50, 2066 }, // U+1EC5
    { 9, 25, 200, 2, 20, 57, 2116 }, // U+1EC6
    { 10, 22, 200, 1, 17, 55, 2173 }, // U+1EC7
    { 9, 22, 200, 2, 22, 50, 2228 }, // U+1EC8
    { 11, 18, 200, 1, 18, 50, 2278 }, // U+1EC9
    { 9, 21, 200, 2, 16, 48, 2328 }, // U+1ECA
    { 11, 22, 200, 1, 17, 61, 2376 }, // U+1ECB
    { 10, 21, 200, 1, 16, 53, 2437 }, // U+1ECC
    { 10, 17, 200, 1, 12, 43, 2490 }, // U+1ECD
    { 10, 22, 200, 1, 22, 55, 2533 }, // U+1ECE
    { 10, 18, 200, 1, 18, 45, 2588 }, // U+1ECF
    { 12, 22, 200, 1, 22, 66, 2633 }, // U+1ED0
    { 13, 20, 200, 1, 20, 65, 2699 }, // U+1ED1
    { 11, 22, 200, 1, 22, 61, 2764 }, // U+1ED2
    { 11, 19, 200, 1, 19, 53, 2825 }, // U+1ED3
    { 11, 23, 200, 1, 23, 64, 2878 }, // U+1ED4
    { 11, 21, 200, 1, 21, 58, 2942 }, // U+1ED5
    { 10, 22, 200, 1, 22, 55, 3000 }, // U+1ED6
    { 10, 20, 200, 1, 20, 50, 3055 }, // U+1ED7
    { 10, 25, 200, 1, 20, 63, 3105 }, // U+1ED8
    { 10, 22, 200, 1, 17, 55, 3168 }, // U+1ED9
    { 11, 20, 200, 1, 20, 55, 3223 }, // U+1EDA
    { 11, 17, 200, 1, 17, 47, 3278 }, // U+1EDB
    { 11, 20, 200, 1, 20, 55, 3325 }, // U+1EDC
    { 11, 17, 200, 1, 17, 47, 3380 }, // U+1EDD
    { 11, 22, 200, 1, 22, 61, 3427 }, // U+1EDE
    { 11, 18, 200, 1, 18, 50, 3488 }, // U+1EDF
    { 11, 22, 200, 1, 22, 61, 3538 }, // U+1EE0
    { 11, 18, 200, 1, 18, 50, 3599 }, // U+1EE1
    { 11, 23, 200, 1, 18, 64, 3649 }, // U+1EE2
    { 11, 19, 200, 1, 14, 53, 3713 }, // U+1EE3
    { 10, 21, 200, 1, 16, 53, 3766 }, // U+1EE4
    { 10, 17, 200, 1, 12, 43, 3819 }, // U+1EE5
    { 10, 22, 200, 1, 22, 55, 3862 }, // U+1EE6
    { 10, 18, 200, 1, 18, 45, 3917 }, // U+1EE7
    { 12, 20, 200, 1, 20, 60, 3962 }, // U+1EE8
    { 12, 17, 200, 1, 17, 51, 4022 }, // U+1EE9
    { 12, 20, 200, 1, 20, 60, 4073 }, // U+1EEA
    { 12, 17, 200, 1, 17, 51, 4133 }, // U+1EEB
    { 12, 22, 200, 1, 22, 66, 4184 }, // U+1EEC
    { 12, 18, 200, 1, 18, 54, 4250 }, // U+1EED
    { 12, 22, 200, 1, 22, 66, 4304 }, // U+1EEE
    { 12, 18, 200, 1, 18, 54, 4370 }, // U+1EEF
    { 12, 23, 200, 1, 18, 69, 4424 }, // U+1EF0
    { 12, 20, 200, 1, 15, 60, 4493 }, // U+1EF1
    { 12, 20, 200, 0, 20, 60, 4553 }, // U+1EF2
    { 11, 21, 200, 1, 17, 58, 4613 }, // U+1EF3
    { 12, 21, 200, 0, 16, 63, 4671 }, // U+1EF4
    { 11, 17, 200, 1, 12, 47, 4734 }, // U+1EF5
    { 12, 22, 200, 0, 22, 66, 4781 }, // U+1EF6
    { 11, 22, 200, 1, 18, 61, 4847 }, // U+1EF7
    { 12, 22, 200, 0, 22, 66, 4908 }, // U+1EF8
    { 11, 22, 200, 1, 18, 61, 4974 }, // U+1EF9
    { 0, 0, 200, 0, 0, 0, 0 }, // U+2001
    { 0, 0, 0, 0, 0, 0, 0 }, // U+200B
    { 0, 0, 0, 0, 0, 0, 0 }, // U+200C
    { 0, 0, 0, 0, 0, 0, 0 }, // U+200D
    { 0, 0, 0, 0, 0, 0, 0 }, // U+200E
    { 0, 0, 0, 0, 0, 0, 0 }, // U+200F
    { 8, 2, 200, 2, 8, 4, 0 }, // U+2010
    { 10, 2, 200, 1, 8, 5, 4 }, // U+2013
    { 13, 2, 200, 0, 8, 7, 9 }, // U+2014
    { 8, 20, 200, 2, 18, 40, 16 }, // U+2016
    { 4, 7, 200, 4, 16, 7, 56 }, // U+2018
    { 5, 7, 200, 4, 15, 9, 63 }, // U+2019
    { 5, 7, 200, 4, 3, 9, 72 }, // U+201A
    { 4, 7, 200, 4, 16, 7, 81 }, // U+201B
    { 9, 7, 200, 2, 16, 16, 88 }, // U+201C
    { 9, 7, 200, 2, 15, 16, 104 }, // U+201D
    { 9, 7, 200, 2, 3, 16, 120 }, // U+201E
    { 9, 7, 200, 2, 16, 16, 136 }, // U+201F
    { 10, 21, 200, 1, 18, 53, 152 }, // U+2020
    { 10, 21, 200, 1, 18, 53, 205 }, // U+2021
    { 6, 5, 200, 3, 10, 8, 258 }, // U+2022
    { 5, 3, 200, 4, 3, 4, 266 }, // U+2024
    { 11, 4, 200, 1, 4, 11, 270 }, // U+2026
    { 0, 0, 0, 0, 0, 0, 281 }, // U+202A
    { 0, 0, 0, 0, 0, 0, 281 }, // U+202B
    { 0, 0, 0, 0, 0, 0, 281 }, // U+202C
    { 0, 0, 0, 0, 0, 0, 281 }, // U+202D
    { 0, 0, 0, 0, 0, 0, 281 }, // U+202E
    { 15, 16, 200, -1, 16, 60, 281 }, // U+2030
    { 4, 7, 200, 4, 15, 7, 341 }, // U+2032
    { 9, 7, 200, 2, 15, 16, 348 }, // U+2033
    { 13, 7, 200, 0, 15, 23, 364 }, // U+2034
    { 7, 10, 200, 3, 11, 18, 387 }, // U+2039
    { 7, 10, 200, 3, 11, 18, 405 }, // U+203A
    { 9, 16, 200, 2, 16, 36, 423 }, // U+203C
    { 9, 16, 200, 2, 16, 36, 459 }, // U+203D
    { 14, 2, 200, -1, 18, 7, 495 }, // U+203E
    { 13, 4, 200, 0, 0, 13, 502 }, // U+203F
    { 13, 16, 200, 0, 16, 52, 515 }, // U+2044
    { 6, 20, 200, 4, 18, 30, 567 }, // U+2045
    { 6, 20, 200, 3, 18, 30, 597 }, // U+2046
    { 0, 0, 0, 0, 0, 0, 627 }, // U+2060
    { 0, 0, 0, 0, 0, 0, 627 }, // U+2061
    { 0, 0, 0, 0, 0, 0, 627 }, // U+2062
    { 0, 0, 0, 0, 0, 0, 627 }, // U+2063
    { 0, 0, 0, 0, 0, 0, 627 }, // U+2064
    { 0, 0, 0, 0, 0, 0, 627 }, // U+2066
    { 0, 0, 0, 0, 0, 0, 627 }, // U+2067
    { 0, 0, 0, 0, 0, 0, 627 }, // U+2068
    { 0, 0, 0, 0, 0, 0, 627 }, // U+2069
    { 0, 0, 0, 0, 0, 0, 627 }, // U+206A
    { 0, 0, 0, 0, 0, 0, 627 }, // U+206B
    { 0, 0, 0, 0, 0, 0, 627 }, // U+206C
    { 0, 0, 0, 0, 0, 0, 627 }, // U+206D
    { 0, 0, 0, 0, 0, 0, 627 }, // U+206E
    { 0, 0, 0, 0, 0, 0, 627 }, // U+206F
    { 8, 9, 200, 2, 17, 18, 0 }, // U+2070
    { 7, 9, 200, 3, 17, 16, 18 }, // U+2074
    { 8, 9, 200, 2, 17, 18, 34 }, // U+2075
    { 8, 9, 200, 2, 17, 18, 52 }, // U+2076
    { 7, 9, 200, 3, 17, 16, 70 }, // U+2077
    { 8, 9, 200, 2, 17, 18, 86 }, // U+2078
    { 8, 9, 200, 2, 17, 18, 104 }, // U+2079
    { 7, 6, 200, 3, 12, 11, 122 }, // U+207A
    { 7, 6, 200, 3, 15, 11, 133 }, // U+207C
    { 8, 9, 200, 2, 6, 18, 144 }, // U+2080
    { 8, 9, 200, 3, 6, 18, 162 }, // U+2081
    { 7, 9, 200, 3, 6, 16, 180 }, // U+2082
    { 8, 9, 200, 2, 6, 18, 196 }, // U+2083
    { 7, 9, 200, 3, 6, 16, 214 }, // U+2084
    { 8, 9, 200, 2, 6, 18, 230 }, // U+2085
    { 8, 9, 200, 2, 6, 18, 248 }, // U+2086
    { 7, 9, 200, 3, 6, 16, 266 }, // U+2087
    { 8, 9, 200, 2, 6, 18, 282 }, // U+2088
    { 8, 9, 200, 2, 6, 18, 300 }, // U+2089
    { 12, 17, 200, 1, 16, 51, 0 }, // U+20AB
    { 11, 16, 200, 0, 16, 44, 51 }, // U+20AC
    { 12, 16, 200, 0, 16, 48, 95 }, // U+20AE
    { 11, 16, 200, 1, 16, 44, 143 }, // U+20B4
    { 12, 16, 200, 0, 16, 48, 187 }, // U+20BD
    { 11, 22, 200, 1, 19, 61, 235 }, // U+20BF
    { 13, 12, 200, 0, 13, 39, 0 }, // U+2190
    { 12, 16, 200, 0, 16, 48, 39 }, // U+2191
    { 13, 12, 200, 0, 13, 39, 87 }, // U+2192
    { 12, 16, 200, 0, 15, 48, 126 }, // U+2193
    { 17, 12, 200, -2, 13, 51, 174 }, // U+2194
    { 12, 23, 200, 0, 19, 69, 225 }, // U+2195
    { 11, 11, 200, 1, 16, 31, 294 }, // U+2196
    { 12, 11, 200, 0, 16, 33, 325 }, // U+2197
    { 12, 11, 200, 0, 11, 33, 358 }, // U+2198
    { 11, 11, 200, 1, 11, 31, 391 }, // U+2199
    { 13, 6, 200, 0, 9, 20, 422 }, // U+219D
    { 13, 8, 200, 0, 10, 26, 442 }, // U+219E
    { 13, 8, 200, 0, 10, 26, 468 }, // U+21A0
    { 13, 8, 200, 0, 10, 26, 494 }, // U+21A2
    { 13, 8, 200, 0, 10, 26, 520 }, // U+21A3
    { 9, 12, 200, 2, 12, 27, 546 }, // U+21A5
    { 13, 8, 200, 0, 10, 26, 573 }, // U+21A6
    { 9, 12, 200, 2, 12, 27, 599 }, // U+21A7
    { 13, 14, 200, 0, 16, 46, 626 }, // U+21A9
    { 13, 14, 200, 0, 16, 46, 672 }, // U+21AA
    { 13, 8, 200, 0, 9, 26, 718 }, // U+21AD
    { 6, 22, 200, 5, 18, 33, 744 }, // U+21BE
    { 13, 14, 200, 0, 13, 46, 777 }, // U+21C9
    { 13, 13, 200, 0, 14, 43, 823 }, // U+21D0
    { 14, 22, 200, -1, 18, 77, 866 }, // U+21D1
    { 13, 13, 200, 0, 14, 43, 943 }, // U+21D2
    { 14, 22, 200, -1, 17, 77, 986 }, // U+21D3
    { 17, 13, 200, -2, 14, 56, 1063 }, // U+21D4
    { 13, 13, 200, 0, 14, 43, 1119 }, // U+21DB
    { 9, 17, 200, 2, 16, 39, 1162 }, // U+21DE
    { 9, 17, 200, 2, 16, 39, 1201 }, // U+21DF
    { 13, 9, 200, 0, 11, 30, 1240 }, // U+21E5
    { 13, 17, 200, 0, 17, 56, 1270 }, // U+21E7
    { 13, 13, 200, 0, 13, 43, 1326 }, // U+21E8
    { 13, 17, 200, 0, 17, 56, 1369 }, // U+21EA
    { 11, 16, 200, 1, 15, 44, 0 }, // U+2200
    { 7, 12, 200, 3, 12, 21, 44 }, // U+2201
    { 10, 17, 200, 1, 16, 43, 65 }, // U+2202
    { 10, 15, 200, 1, 15, 38, 108 }, // U+2203
    { 10, 21, 200, 1, 18, 53, 146 }, // U+2204
    { 14, 16, 200, -1, 16, 56, 199 }, // U+2205
    { 11, 16, 200, 1, 16, 44, 255 }, // U+2206
    { 11, 16, 200, 1, 16, 44, 299 }, // U+2207
    { 12, 14, 200, 0, 15, 42, 343 }, // U+2208
    { 12, 18, 200, 0, 16, 54, 385 }, // U+2209
    { 7, 6, 200, 3, 10, 11, 439 }, // U+220A
    { 12, 14, 200, 0, 15, 42, 450 }, // U+220B
    { 12, 18, 200, 0, 17, 54, 492 }, // U+220C
    { 9, 11, 200, 2, 11, 25, 546 }, // U+220E
    { 12, 20, 200, 0, 16, 60, 571 }, // U+220F
    { 12, 19, 200, 0, 15, 57, 631 }, // U+2210
    { 11, 19, 200, 1, 15, 53, 688 }, // U+2211
    { 8, 2, 200, 2, 8, 4, 741 }, // U+2212
    { 11, 12, 200, 1, 12, 33, 745 }, // U+2213
    { 13, 16, 200, 0, 16, 52, 778 }, // U+2215
    { 6, 5, 200, 3, 9, 8, 830 }, // U+2218
    { 5, 3, 200, 4, 8, 4, 838 }, // U+2219
    { 13, 17, 200, 0, 16, 56, 842 }, // U+221A
    { 12, 8, 200, 0, 11, 24, 898 }, // U+221E
    { 3, 16, 200, 5, 16, 12, 922 }, // U+2223
    { 8, 16, 200, 2, 16, 32, 934 }, // U+2224
    { 7, 16, 200, 3, 16, 28, 966 }, // U+2225
    { 11, 11, 200, 1, 12, 31, 994 }, // U+2227
    { 11, 11, 200, 1, 12, 31, 1025 }, // U+2228
    { 12, 16, 200, 0, 16, 48, 1056 }, // U+2229
    { 12, 16, 200, 0, 16, 48, 1104 }, // U+222A
    { 12, 19, 200, 0, 15, 57, 1152 }, // U+222B
    { 12, 12, 200, 0, 12, 36, 1209 }, // U+2234
    { 12, 12, 200, 0, 12, 36, 1245 }, // U+2235
    { 5, 12, 200, 4, 12, 15, 1281 }, // U+2236
    { 11, 11, 200, 1, 11, 31, 1296 }, // U+2237
    { 8, 7, 200, 2, 11, 14, 1327 }, // U+2238
    { 13, 9, 200, 0, 11, 30, 1341 }, // U+2239
    { 11, 5, 200, 1, 10, 14, 1371 }, // U+223C
    { 12, 7, 200, 0, 10, 21, 1385 }, // U+223E
    { 11, 9, 200, 1, 13, 25, 1406 }, // U+2243
    { 11, 13, 200, 1, 15, 36, 1431 }, // U+2245
    { 11, 19, 200, 1, 17, 53, 1467 }, // U+2247
    { 11, 10, 200, 1, 12, 28, 1520 }, // U+2248
    { 11, 18, 200, 1, 16, 50, 1548 }, // U+2249
    { 11, 13, 200, 1, 14, 36, 1598 }, // U+224B
    { 12, 9, 200, 0, 11, 27, 1634 }, // U+224D
    { 13, 10, 200, 0, 12, 33, 1661 }, // U+2254
    { 10, 14, 200, 1, 16, 35, 1694 }, // U+2257
    { 10, 15, 200, 1, 17, 38, 1729 }, // U+225F
    { 10, 18, 200, 1, 17, 45, 1767 }, // U+2260
    { 10, 11, 200, 1, 13, 28, 1812 }, // U+2261
    { 10, 17, 200, 1, 16, 43, 1840 }, // U+2262
    { 10, 11, 200, 1, 13, 28, 1883 }, // U+2263
    { 10, 16, 200, 1, 16, 40, 1911 }, // U+2264
    { 10, 16, 200, 1, 16, 40, 1951 }, // U+2265
    { 13, 12, 200, 0, 13, 39, 1991 }, // U+226A
    { 13, 12, 200, 0, 13, 39, 2030 }, // U+226B
    { 7, 15, 200, 3, 13, 27, 2069 }, // U+226C
    { 12, 15, 200, 0, 14, 45, 2096 }, // U+226D
    { 10, 17, 200, 1, 16, 43, 2141 }, // U+226E
    { 10, 17, 200, 1, 16, 43, 2184 }, // U+226F
    { 10, 20, 200, 1, 17, 50, 2227 }, // U+2270
    { 10, 20, 200, 1, 17, 50, 2277 }, // U+2271
    { 11, 16, 200, 1, 16, 44, 2327 }, // U+2272
    { 10, 15, 200, 1, 15, 38, 2371 }, // U+2273
    { 10, 12, 200, 1, 13, 30, 2409 }, // U+227A
    { 11, 12, 200, 1, 13, 33, 2439 }, // U+227B
    { 10, 15, 200, 1, 15, 38, 2472 }, // U+227C
    { 12, 10, 200, 0, 13, 30, 2510 }, // U+2282
    { 12, 10, 200, 0, 13, 30, 2540 }, // U+2283
    { 12, 18, 200, 0, 17, 54, 2570 }, // U+2284
    { 12, 18, 200, 0, 17, 54, 2624 }, // U+2285
    { 12, 14, 200, 0, 14, 42, 2678 }, // U+2286
    { 12, 14, 200, 0, 14, 42, 2720 }, // U+2287
    { 12, 21, 200, 0, 18, 63, 2762 }, // U+2288
    { 12, 21, 200, 0, 18, 63, 2825 }, // U+2289
    { 11, 16, 200, 1, 16, 44, 2888 }, // U+228E
    { 12, 10, 200, 0, 12, 30, 2932 }, // U+228F
    { 12, 10, 200, 0, 12, 30, 2962 }, // U+2290
    { 12, 14, 200, 0, 14, 42, 2992 }, // U+2291
    { 12, 14, 200, 0, 14, 42, 3034 }, // U+2292
    { 11, 12, 200, 1, 12, 33, 3076 }, // U+2293
    { 11, 11, 200, 1, 11, 31, 3109 }, // U+2294
    { 14, 14, 200, -1, 14, 49, 3140 }, // U+2295
    { 14, 13, 200, -1, 13, 46, 3189 }, // U+2296
    { 14, 15, 200, -1, 15, 53, 3235 }, // U+2297
    { 14, 15, 200, -1, 15, 53, 3288 }, // U+2298
    { 14, 13, 200, -1, 13, 46, 3341 }, // U+2299
    { 14, 14, 200, -1, 14, 49, 3387 }, // U+229B
    { 14, 15, 200, -1, 15, 53, 3436 }, // U+229C
    { 14, 15, 200, -1, 15, 53, 3489 }, // U+229D
    { 13, 13, 200, 0, 14, 43, 3542 }, // U+229E
    { 13, 14, 200, 0, 14, 46, 3585 }, // U+229F
    { 13, 14, 200, 0, 14, 46, 3631 }, // U+22A0
    { 13, 14, 200, 0, 14, 46, 3677 }, // U+22A1
    { 13, 13, 200, 0, 13, 43, 3723 }, // U+22A2
    { 13, 13, 200, 0, 13, 43, 3766 }, // U+22A3
    { 13, 13, 200, 0, 13, 43, 3809 }, // U+22A4
    { 13, 13, 200, 0, 13, 43, 3852 }, // U+22A5
    { 10, 16, 200, 1, 16, 40, 3895 }, // U+22B4
    { 13, 4, 200, 0, 9, 13, 3935 }, // U+22B8
    { 11, 15, 200, 1, 15, 42, 3948 }, // U+22BB
    { 12, 15, 200, 0, 16, 45, 3990 }, // U+22BC
    { 12, 15, 200, 0, 16, 45, 4035 }, // U+22BD
    { 12, 16, 200, 0, 16, 48, 4080 }, // U+22C2
    { 12, 16, 200, 0, 16, 48, 4128 }, // U+22C3
    { 7, 7, 200, 3, 10, 13, 4176 }, // U+22C4
    { 6, 6, 200, 3, 10, 9, 4189 }, // U+22C6
    { 13, 13, 200, 0, 14, 43, 4198 }, // U+22C8
    { 13, 13, 200, 0, 14, 43, 4241 }, // U+22C9
    { 13, 13, 200, 0, 14, 43, 4284 }, // U+22CA
    { 13, 12, 200, 0, 12, 39, 4327 }, // U+22CE
    { 12, 13, 200, 0, 14, 39, 4366 }, // U+22D0
    { 12, 21, 200, 0, 18, 63, 4405 }, // U+22E2
    { 4, 13, 200, 4, 14, 13, 4468 }, // U+22EE
    { 14, 3, 200, -1, 9, 11, 4481 }, // U+22EF
    { 14, 13, 200, -1, 14, 46, 4492 }, // U+22F0
    { 14, 13, 200, -1, 14, 46, 4538 }, // U+22F1
    { 15, 3, 200, -1, 10, 12, 0 }, // U+2500
    { 15, 4, 200, -1, 10, 15, 12 }, // U+2501
    { 3, 32, 200, 5, 24, 24, 27 }, // U+2502
    { 5, 32, 200, 4, 24, 40, 51 }, // U+2503
    { 12, 3, 200, 0, 10, 9, 91 }, // U+2504
    { 12, 4, 200, 0, 10, 12, 100 }, // U+2505
    { 3, 25, 200, 5, 20, 19, 112 }, // U+2506
    { 5, 25, 200, 4, 20, 32, 131 }, // U+2507
    { 13, 3, 200, 0, 10, 10, 163 }, // U+2508
    { 13, 4, 200, 0, 10, 13, 173 }, // U+2509
    { 3, 24, 200, 5, 20, 18, 186 }, // U+250A
    { 5, 24, 200, 4, 20, 30, 204 }, // U+250B
    { 9, 18, 200, 5, 10, 41, 234 }, // U+250C
    { 9, 19, 200, 5, 11, 43, 275 }, // U+250D
    { 10, 18, 200, 4, 10, 45, 318 }, // U+250E
    { 10, 19, 200, 4, 11, 48, 363 }, // U+250F
    { 9, 18, 200, -1, 10, 41, 411 }, // U+2510
    { 9, 19, 200, -1, 11, 43, 452 }, // U+2511
    { 10, 18, 200, -1, 10, 45, 495 }, // U+2512
    { 10, 19, 200, -1, 11, 48, 540 }, // U+2513
    { 9, 17, 200, 5, 24, 39, 588 }, // U+2514
    { 9, 18, 200, 5, 24, 41, 627 }, // U+2515
    { 10, 17, 200, 4, 24, 43, 668 }, // U+2516
    { 10, 18, 200, 4, 24, 45, 711 }, // U+2517
    { 9, 17, 200, -1, 24, 39, 756 }, // U+2518
    { 9, 18, 200, -1, 24, 41, 795 }, // U+2519
    { 10, 17, 200, -1, 24, 43, 836 }, // U+251A
    { 10, 18, 200, -1, 24, 45, 879 }, // U+251B
    { 9, 32, 200, 5, 24, 72, 924 }, // U+251C
    { 9, 32, 200, 5, 24, 72, 996 }, // U+251D
    { 10, 32, 200, 4, 24, 80, 1068 }, // U+251E
    { 10, 32, 200, 4, 24, 80, 1148 }, // U+251F
    { 10, 32, 200, 4, 24, 80, 1228 }, // U+2520
    { 10, 32, 200, 4, 24, 80, 1308 }, // U+2521
    { 10, 32, 200, 4, 24, 80, 1388 }, // U+2522
    { 10, 32, 200, 4, 24, 80, 1468 }, // U+2523
    { 9, 32, 200, -1, 24, 72, 1548 }, // U+2524
    { 9, 32, 200, -1, 24, 72, 1620 }, // U+2525
    { 10, 32, 200, -1, 24, 80, 1692 }, // U+2526
    { 10, 30, 200, -1, 22, 75, 1772 }, // U+2527
    { 10, 32, 200, -1, 24, 80, 1847 }, // U+2528
    { 10, 32, 200, -1, 24, 80, 1927 }, // U+2529
    { 10, 32, 200, -1, 24, 80, 2007 }, // U+252A
    { 10, 32, 200, -1, 24, 80, 2087 }, // U+252B
    { 15, 18, 200, -1, 10, 68, 2167 }, // U+252C
    { 15, 19, 200, -1, 11, 72, 2235 }, // U+252D
    { 15, 19, 200, -1, 11, 72, 2307 }, // U+252E
    { 15, 19, 200, -1, 11, 72, 2379 }, // U+252F
    { 15, 18, 200, -1, 10, 68, 2451 }, // U+2530
    { 15, 19, 200, -1, 11, 72, 2519 }, // U+2531
    { 15, 19, 200, -1, 11, 72, 2591 }, // U+2532
    { 15, 19, 200, -1, 11, 72, 2663 }, // U+2533
    { 15, 17, 200, -1, 24, 64, 2735 }, // U+2534
    { 15, 18, 200, -1, 24, 68, 2799 }, // U+2535
    { 15, 18, 200, -1, 24, 68, 2867 }, // U+2536
    { 15, 18, 200, -1, 24, 68, 2935 }, // U+2537
    { 15, 17, 200, -1, 24, 64, 3003 }, // U+2538
    { 15, 18, 200, -1, 24, 68, 3067 }, // U+2539
    { 15, 18, 200, -1, 24, 68, 3135 }, // U+253A
    { 15, 18, 200, -1, 24, 68, 3203 }, // U+253B
    { 15, 32, 200, -1, 24, 120, 3271 }, // U+253C
    { 15, 32, 200, -1, 24, 120, 3391 }, // U+253D
    { 15, 32, 200, -1, 24, 120, 3511 }, // U+253E
    { 15, 32, 200, -1, 24, 120, 3631 }, // U+253F
    { 15, 32, 200, -1, 24, 120, 3751 }, // U+2540
    { 15, 32, 200, -1, 24, 120, 3871 }, // U+2541
    { 15, 32, 200, -1, 24, 120, 3991 }, // U+2542
    { 15, 32, 200, -1, 24, 120, 4111 }, // U+2543
    { 15, 32, 200, -1, 24, 120, 4231 }, // U+2544
    { 15, 32, 200, -1, 24, 120, 4351 }, // U+2545
    { 15, 32, 200, -1, 24, 120, 4471 }, // U+2546
    { 15, 32, 200, -1, 24, 120, 4591 }, // U+2547
    { 15, 32, 200, -1, 24, 120, 4711 }, // U+2548
    { 15, 32, 200, -1, 24, 120, 4831 }, // U+2549
    { 15, 32, 200, -1, 24, 120, 4951 }, // U+254A
    { 15, 32, 200, -1, 24, 120, 5071 }, // U+254B
    { 11, 3, 200, 1, 10, 9, 5191 }, // U+254C
    { 11, 4, 200, 1, 10, 11, 5200 }, // U+254D
    { 3, 22, 200, 5, 19, 17, 5211 }, // U+254E
    { 5, 22, 200, 4, 19, 28, 5228 }, // U+254F
    { 15, 7, 200, -1, 12, 27, 5256 }, // U+2550
    { 7, 32, 200, 3, 24, 56, 5283 }, // U+2551
    { 9, 20, 200, 5, 12, 45, 5339 }, // U+2552
    { 11, 18, 200, 3, 10, 50, 5384 }, // U+2553
    { 11, 20, 200, 3, 12, 55, 5434 }, // U+2554
    { 9, 20, 200, -1, 12, 45, 5489 }, // U+2555
    { 11, 18, 200, -1, 10, 50, 5534 }, // U+2556
    { 11, 20, 200, -1, 12, 55, 5584 }, // U+2557
    { 9, 19, 200, 5, 24, 43, 5639 }, // U+2558
    { 11, 17, 200, 3, 24, 47, 5682 }, // U+2559
    { 11, 19, 200, 3, 24, 53, 5729 }, // U+255A
    { 9, 19, 200, -1, 24, 43, 5782 }, // U+255B
    { 11, 17, 200, -1, 24, 47, 5825 }, // U+255C
    { 11, 19, 200, -1, 24, 53, 5872 }, // U+255D
    { 9, 32, 200, 5, 24, 72, 5925 }, // U+255E
    { 11, 32, 200, 3, 24, 88, 5997 }, // U+255F
    { 11, 32, 200, 3, 24, 88, 6085 }, // U+2560
    { 9, 32, 200, -1, 24, 72, 6173 }, // U+2561
    { 11, 32, 200, -1, 24, 88, 6245 }, // U+2562
    { 11, 32, 200, -1, 24, 88, 6333 }, // U+2563
    { 15, 20, 200, -1, 12, 75, 6421 }, // U+2564
    { 15, 18, 200, -1, 10, 68, 6496 }, // U+2565
    { 15, 20, 200, -1, 12, 75, 6564 }, // U+2566
    { 15, 19, 200, -1, 24, 72, 6639 }, // U+2567
    { 15, 17, 200, -1, 24, 64, 6711 }, // U+2568
    { 15, 19, 200, -1, 24, 72, 6775 }, // U+2569
    { 15, 32, 200, -1, 24, 120, 6847 }, // U+256A
    { 15, 32, 200, -1, 24, 120, 6967 }, // U+256B
    { 15, 32, 200, -1, 24, 120, 7087 }, // U+256C
    { 9, 18, 200, 5, 10, 41, 7207 }, // U+256D
    { 9, 18, 200, -1, 10, 41, 7248 }, // U+256E
    { 9, 17, 200, -1, 24, 39, 7289 }, // U+256F
    { 9, 17, 200, 5, 24, 39, 7328 }, // U+2570
    { 15, 22, 200, -1, 19, 83, 7367 }, // U+2571
    { 15, 22, 200, -1, 19, 83, 7450 }, // U+2572
    { 15, 22, 200, -1, 19, 83, 7533 }, // U+2573
    { 9, 3, 200, -1, 10, 7, 7616 }, // U+2574
    { 3, 17, 200, 5, 24, 13, 7623 }, // U+2575
    { 9, 3, 200, 5, 10, 7, 7636 }, // U+2576
    { 3, 17, 200, 5, 9, 13, 7643 }, // U+2577
    { 9, 4, 200, -1, 10, 9, 7656 }, // U+2578
    { 5, 17, 200, 4, 24, 22, 7665 }, // U+2579
    { 9, 4, 200, 5, 10, 9, 7687 }, // U+257A
    { 5, 17, 200, 4, 9, 22, 7696 }, // U+257B
    { 15, 4, 200, -1, 10, 15, 7718 }, // U+257C
    { 5, 32, 200, 4, 24, 40, 7733 }, // U+257D
    { 15, 4, 200, -1, 10, 15, 7773 }, // U+257E
    { 5, 32, 200, 4, 24, 40, 7788 }, // U+257F
    { 14, 16, 200, -1, 16, 56, 0 }, // U+FFFD
};

static const EpdUnicodeInterval jetbrainsmono_10_regularIntervals[] = {
    { 0x0, 0x131, 0x0 },
    { 0x134, 0x17F, 0x132 },
    { 0x1A0, 0x1A1, 0x17E },
    { 0x1AF, 0x1B0, 0x180 },
    { 0x1CD, 0x1CE, 0x182 },
    { 0x1D0, 0x1D0, 0x184 },
    { 0x1D2, 0x1D2, 0x185 },
    { 0x1D4, 0x1D4, 0x186 },
    { 0x1D6, 0x1D6, 0x187 },
    { 0x1D8, 0x1D8, 0x188 },
    { 0x1DA, 0x1DA, 0x189 },
    { 0x1DC, 0x1DC, 0x18A },
    { 0x1E6, 0x1E7, 0x18B },
    { 0x1EA, 0x1EB, 0x18D },
    { 0x1F4, 0x1F5, 0x18F },
    { 0x1FC, 0x1FF, 0x191 },
    { 0x218, 0x21B, 0x195 },
    { 0x300, 0x304, 0x199 },
    { 0x306, 0x30C, 0x19E },
    { 0x30F, 0x30F, 0x1A5 },
    { 0x312, 0x312, 0x1A6 },
    { 0x31B, 0x31B, 0x1A7 },
    { 0x323, 0x323, 0x1A8 },
    { 0x325, 0x328, 0x1A9 },
    { 0x336, 0x338, 0x1AD },
    { 0x34F, 0x34F, 0x1B0 },
    { 0x401, 0x40C, 0x1B1 },
    { 0x40E, 0x44F, 0x1BD },
    { 0x451, 0x45C, 0x1FF },
    { 0x45E, 0x45F, 0x20B },
    { 0x490, 0x493, 0x20D },
    { 0x49A, 0x49B, 0x211 },
    { 0x4A2, 0x4A3, 0x213 },
    { 0x4AE, 0x4B1, 0x215 },
    { 0x4B6, 0x4B7, 0x219 },
    { 0x4BA, 0x4BB, 0x21B },
    { 0x4D8, 0x4D9, 0x21D },
    { 0x4DC, 0x4DF, 0x21F },
    { 0x4E4, 0x4E9, 0x223 },
    { 0x4F4, 0x4F5, 0x229 },
    { 0x1EA0, 0x1EF9, 0x22B },
    { 0x2001, 0x2001, 0x285 },
    { 0x200B, 0x2010, 0x286 },
    { 0x2013, 0x2014, 0x28C },
    { 0x2016, 0x2016, 0x28E },
    { 0x2018, 0x2022, 0x28F },
    { 0x2024, 0x2024, 0x29A },
    { 0x2026, 0x2026, 0x29B },
    { 0x202A, 0x202E, 0x29C },
    { 0x2030, 0x2030, 0x2A1 },
    { 0x2032, 0x2034, 0x2A2 },
    { 0x2039, 0x203A, 0x2A5 },
    { 0x203C, 0x203F, 0x2A7 },
    { 0x2044, 0x2046, 0x2AB },
    { 0x2060, 0x2064, 0x2AE },
    { 0x2066, 0x2070, 0x2B3 },
    { 0x2074, 0x207A, 0x2BE },
    { 0x207C, 0x207C, 0x2C5 },
    { 0x2080, 0x2089, 0x2C6 },
    { 0x20AB, 0x20AC, 0x2D0 },
    { 0x20AE, 0x20AE, 0x2D2 },
    { 0x20B4, 0x20B4, 0x2D3 },
    { 0x20BD, 0x20BD, 0x2D4 },
    { 0x20BF, 0x20BF, 0x2D5 },
    { 0x2190, 0x2199, 0x2D6 },
    { 0x219D, 0x219E, 0x2E0 },
    { 0x21A0, 0x21A0, 0x2E2 },
    { 0x21A2, 0x21A3, 0x2E3 },
    { 0x21A5, 0x21A7, 0x2E5 },
    { 0x21A9, 0x21AA, 0x2E8 },
    { 0x21AD, 0x21AD, 0x2EA },
    { 0x21BE, 0x21BE, 0x2EB },
    { 0x21C9, 0x21C9, 0x2EC },
    { 0x21D0, 0x21D4, 0x2ED },
    { 0x21DB, 0x21DB, 0x2F2 },
    { 0x21DE, 0x21DF, 0x2F3 },
    { 0x21E5, 0x21E5, 0x2F5 },
    { 0x21E7, 0x21E8, 0x2F6 },
    { 0x21EA, 0x21EA, 0x2F8 },
    { 0x2200, 0x220C, 0x2F9 },
    { 0x220E, 0x2213, 0x306 },
    { 0x2215, 0x2215, 0x30C },
    { 0x2218, 0x221A, 0x30D },
    { 0x221E, 0x221E, 0x310 },
    { 0x2223, 0x2225, 0x311 },
    { 0x2227, 0x222B, 0x314 },
    { 0x2234, 0x2239, 0x319 },
    { 0x223C, 0x223C, 0x31F },
    { 0x223E, 0x223E, 0x320 },
    { 0x2243, 0x2243, 0x321 },
    { 0x2245, 0x2245, 0x322 },
    { 0x2247, 0x2249, 0x323 },
    { 0x224B, 0x224B, 0x326 },
    { 0x224D, 0x224D, 0x327 },
    { 0x2254, 0x2254, 0x328 },
    { 0x2257, 0x2257, 0x329 },
    { 0x225F, 0x2265, 0x32A },
    { 0x226A, 0x2273, 0x331 },
    { 0x227A, 0x227C, 0x33B },
    { 0x2282, 0x2289, 0x33E },
    { 0x228E, 0x2299, 0x346 },
    { 0x229B, 0x22A5, 0x352 },
    { 0x22B4, 0x22B4, 0x35D },
    { 0x22B8, 0x22B8, 0x35E },
    { 0x22BB, 0x22BD, 0x35F },
    { 0x22C2, 0x22C4, 0x362 },
    { 0x22C6, 0x22C6, 0x365 },
    { 0x22C8, 0x22CA, 0x366 },
    { 0x22CE, 0x22CE, 0x369 },
    { 0x22D0, 0x22D0, 0x36A },
    { 0x22E2, 0x22E2, 0x36B },
    { 0x22EE, 0x22F1, 0x36C },
    { 0x2500, 0x257F, 0x370 },
    { 0xFFFD, 0xFFFD, 0x3F0 },
};

static const EpdFontGroup jetbrainsmono_10_regularGroups[] = {
    { 0, 1658, 3957, 128, 0 },
    { 1658, 1377, 4435, 128, 128 },
    { 3035, 1666, 7086, 126, 256 },
    { 4701, 526, 1545, 27, 382 },
    { 5227, 182, 249, 24, 409 },
    { 5409, 1796, 5898, 122, 433 },
    { 7205, 1019, 5637, 90, 555 },
    { 8224, 341, 762, 56, 645 },
    { 8565, 176, 330, 19, 701 },
    { 8741, 195, 309, 6, 720 },
    { 8936, 773, 1676, 35, 726 },
    { 9709, 2191, 5077, 119, 761 },
    { 11900, 784, 8977, 128, 880 },
    { 12684, 59, 64, 1, 1008 },
};

static constexpr EpdFontData jetbrainsmono_10_regular = {
    jetbrainsmono_10_regularBitmaps,
    jetbrainsmono_10_regularGlyphs,
    jetbrainsmono_10_regularIntervals,
    114,
    28,
    22,
    -7,
    true,
    jetbrainsmono_10_regularGroups,
    14,
    nullptr,
    nullptr,
    nullptr,
    nullptr,
    nullptr,
    nullptr,
    nullptr,
    nullptr,
    nullptr,
    nullptr,
    nullptr,
    0,
    0,
    0,
    0,
    nullptr,
    0,
};
