/**
 * generated by fontconvert.py
 * name: jetbrainsmono_14_regular
 * size: 14
 * mode: 2-bit  compressed: true
 * Command used: fontconvert.py jetbrainsmono_14_regular 14 ../builtinFonts/source/JetBrainsMono/JetBrainsMono-Regular.ttf --additional-intervals 0x2500,0x257F --2bit --compress --darken-aa --zopfli
 */
#pragma once
#include "EpdFontData.h"

static const uint8_t jetbrainsmono_14_regularBitmaps[18380] = {
    0xAD, 0x98, 0x31, 0x8C, 0xE3, 0xC6, 0x15, 0x86, 0x7F, 0x89, 0xB0, 0x09, 0x84, 0xC5, 0x34, 0x5E,
    0x97, 0x56, 0x5F, 0xF8, 0xD8, 0x03, 0xBB, 0x1A, 0xF6, 0x45, 0x7C, 0x85, 0x65, 0x17, 0x01, 0xB2,
    0x6D, 0xBA, 0x6D, 0x53, 0x48, 0x24, 0x93, 0x14, 0x29, 0x5C, 0x5C, 0x8A, 0xB8, 0x4D, 0x52, 0xA4,
    0x4D, 0xE7, 0xE2, 0x80, 0x50, 0xE2, 0x00, 0x2E, 0x53, 0x98, 0x29, 0x8C, 0x94, 0x66, 0x10, 0xFB,
    0x80, 0x14, 0x41, 0x08, 0x9B, 0x81, 0x79, 0xB9, 0x91, 0x26, 0xFF, 0xE3, 0x50, 0x5C, 0xD1, 0xA7,
    0xCD, 0xAE, 0xEF, 0x2C, 0xF1, 0x1B, 0x6A, 0x66, 0xDE, 0x3C, 0xBE, 0x79, 0x7C, 0x33, 0x7C, 0xA2,
    0x4E, 0xF8, 0xC5, 0xE9, 0x37, 0x3E, 0xF9, 0xFA, 0x8F, 0xCE, 0x4B, 0xA3, 0x13, 0xAB, 0xAA, 0xE1,
    0x88, 0xCC, 0x77, 0x0E, 0x5C, 0xA1, 0xC1, 0xE5, 0x8C, 0xCC, 0x6B, 0xAC, 0x83, 0x0A, 0x4F, 0x03,
    0x83, 0x36, 0x30, 0xDA, 0xB9, 0x83, 0xF0, 0xF6, 0x7F, 0xAE, 0x7F, 0x3B, 0xAF, 0x55, 0x42, 0x10,
    0x54, 0xC4, 0x2C, 0xE0, 0x9C, 0xEB, 0x84, 0xEB, 0xCF, 0xD3, 0xC7, 0x2A, 0xB9, 0x84, 0xC2, 0x9A,
    0x3C, 0xC5, 0x02, 0x1D, 0x1E, 0xA1, 0x05, 0x2B, 0x13, 0xE6, 0xAE, 0x85, 0x72, 0x07, 0xC4, 0xFF,
    0x2E, 0x13, 0xAD, 0x16, 0x26, 0x55, 0xCA, 0x6C, 0xD4, 0x9B, 0x79, 0xAA, 0x00, 0xAD, 0xC0, 0x76,
    0x20, 0x72, 0x39, 0xE5, 0x3A, 0x60, 0xE1, 0x00, 0x95, 0xE5, 0xA0, 0x0C, 0x54, 0x54, 0xFD, 0x51,
    0x85, 0x95, 0xE5, 0x79, 0xCB, 0xBA, 0xFE, 0x7D, 0x96, 0x2F, 0x9C, 0x43, 0xD0, 0xCB, 0x4D, 0xAF,
    0x11, 0x75, 0x88, 0x68, 0x34, 0x9B, 0xD3, 0x9B, 0xE4, 0x0A, 0x85, 0xCA, 0x9F, 0xE2, 0xA9, 0xFA,
    0x45, 0xC3, 0xE2, 0x57, 0x15, 0xAB, 0x4F, 0x72, 0x76, 0x5C, 0x03, 0xDA, 0x5D, 0x8A, 0x70, 0x07,
    0x9A, 0xD5, 0xB0, 0x08, 0xCC, 0x63, 0x40, 0x3D, 0x39, 0x00, 0x71, 0x4C, 0x13, 0x2E, 0x97, 0x8A,
    0xD3, 0xBF, 0x0C, 0xCD, 0xBC, 0x61, 0x11, 0x1A, 0x16, 0x2A, 0xD1, 0xD7, 0xE6, 0x11, 0x62, 0x97,
    0xAC, 0x11, 0xEE, 0x29, 0x27, 0x63, 0x9D, 0xE3, 0xF8, 0x43, 0x66, 0x10, 0x34, 0x51, 0xC5, 0x22,
    0xA8, 0xA9, 0x6E, 0x96, 0x00, 0xD2, 0x89, 0x2D, 0x81, 0x26, 0xA1, 0x33, 0x32, 0xA3, 0x9A, 0xB5,
    0x5F, 0x76, 0x51, 0xA5, 0xB1, 0x8F, 0xF3, 0x0D, 0xF4, 0x0E, 0x1B, 0xA8, 0x8E, 0x45, 0xD4, 0x20,
    0x95, 0x5F, 0x1A, 0xDA, 0x22, 0x7E, 0x66, 0x35, 0x94, 0x6B, 0x94, 0x99, 0xBB, 0x3C, 0xAA, 0x6D,
    0xFF, 0x29, 0x8A, 0x02, 0x48, 0x10, 0x19, 0x64, 0x6C, 0x4E, 0xC2, 0x16, 0xAA, 0x42, 0x9C, 0x8B,
    0xF6, 0xB4, 0xBF, 0x50, 0xD1, 0x1F, 0x76, 0x7A, 0xF8, 0xC6, 0xAD, 0xC8, 0x88, 0x64, 0x9C, 0x40,
    0x19, 0x44, 0x2D, 0xA8, 0x01, 0x25, 0x7F, 0x19, 0xD1, 0xD9, 0x4B, 0xBA, 0x1C, 0x71, 0x83, 0xC0,
    0x02, 0xFB, 0x51, 0x34, 0x17, 0x69, 0x19, 0x70, 0xEE, 0x50, 0xC3, 0x21, 0x92, 0x94, 0x3F, 0xC8,
    0x58, 0x6A, 0x70, 0x06, 0x7B, 0xAF, 0x34, 0x32, 0x13, 0x7E, 0x1E, 0x99, 0xB5, 0xFB, 0xDB, 0x5F,
    0x6C, 0xE9, 0x5C, 0x37, 0x77, 0x07, 0xAA, 0x17, 0x6F, 0xB4, 0x80, 0xDD, 0x62, 0xDE, 0x69, 0x84,
    0xCD, 0xC2, 0x44, 0x46, 0x99, 0x59, 0x32, 0x17, 0xF9, 0x97, 0xD0, 0x1C, 0x27, 0x5C, 0x5C, 0x7F,
    0xFE, 0xF8, 0x5C, 0x7F, 0x6C, 0xE2, 0xDC, 0xAF, 0x83, 0x14, 0x5B, 0x58, 0x7E, 0x57, 0xAB, 0xC4,
    0xB9, 0x8A, 0x87, 0x4E, 0x4A, 0xE3, 0x8C, 0x2C, 0x00, 0x40, 0x19, 0x0F, 0xAD, 0x16, 0xB3, 0x91,
    0x12, 0xEB, 0x99, 0xB7, 0x40, 0xD0, 0x90, 0x1A, 0x88, 0x2A, 0x2F, 0xB6, 0xC8, 0x45, 0xCC, 0xB3,
    0xF5, 0x62, 0xB3, 0x8E, 0xA2, 0x22, 0x46, 0xC2, 0xFA, 0x6E, 0x8D, 0x33, 0x57, 0x43, 0xB9, 0x3D,
    0xF4, 0x57, 0x0E, 0x19, 0xE2, 0xBC, 0xA0, 0x94, 0x45, 0x34, 0x25, 0x26, 0xFA, 0x23, 0x7F, 0xC6,
    0x14, 0x91, 0x97, 0x71, 0x32, 0x5E, 0xF4, 0x88, 0x3E, 0x64, 0x06, 0x73, 0x67, 0xA0, 0x48, 0xF6,
    0x99, 0xC1, 0x4E, 0x19, 0x7C, 0x42, 0xF0, 0x3D, 0x11, 0x27, 0x96, 0xCE, 0x35, 0xC2, 0x68, 0xE7,
    0xB3, 0x53, 0x3B, 0xBD, 0xE0, 0xD4, 0x09, 0x7B, 0x20, 0xE8, 0x20, 0xC1, 0x8A, 0x98, 0xCD, 0x25,
    0x30, 0xB7, 0xBE, 0xBA, 0x60, 0x35, 0xA3, 0xBF, 0xA9, 0xAF, 0x1A, 0x48, 0x84, 0x8B, 0x55, 0x36,
    0x8C, 0x6B, 0x21, 0x01, 0x0B, 0xB9, 0x05, 0x07, 0x00, 0xAE, 0x25, 0x6C, 0x47, 0x49, 0xE2, 0xFC,
    0xD4, 0x38, 0x3B, 0xB0, 0xA3, 0xB0, 0xD8, 0xB4, 0x70, 0x16, 0x73, 0x99, 0xFB, 0xBC, 0x03, 0xC2,
    0x66, 0x70, 0xF6, 0xAD, 0x49, 0x33, 0xEB, 0xEF, 0x45, 0x54, 0x8B, 0x1D, 0x71, 0xA2, 0x11, 0x27,
    0x3B, 0x62, 0x07, 0x9C, 0x73, 0x3D, 0xAB, 0xD5, 0x4D, 0xC2, 0x81, 0x13, 0x34, 0xDB, 0x85, 0xE5,
    0x6A, 0x85, 0x2B, 0x60, 0x64, 0x29, 0xAC, 0x00, 0xED, 0x5A, 0x22, 0x06, 0x97, 0x94, 0x5F, 0x9C,
    0xB5, 0x53, 0x7C, 0x26, 0x76, 0x2A, 0x6F, 0xE7, 0x18, 0x47, 0x13, 0xD7, 0xED, 0x4E, 0x42, 0xCC,
    0x75, 0x94, 0x75, 0xB9, 0xAA, 0xE3, 0x2A, 0xCE, 0x83, 0x46, 0xB3, 0x75, 0x09, 0x74, 0x9E, 0x59,
    0x27, 0xF5, 0xD8, 0x84, 0x8D, 0x7A, 0x9E, 0x99, 0x80, 0xB6, 0x21, 0xEB, 0x40, 0xFB, 0x1B, 0x61,
    0xBF, 0xFA, 0xB0, 0xB1, 0x9C, 0xA9, 0x5C, 0xB7, 0xB8, 0x2B, 0x38, 0x83, 0x46, 0xB8, 0x37, 0x86,
    0x45, 0xAF, 0xE8, 0x57, 0xCF, 0x4B, 0xA3, 0x4C, 0x54, 0xC7, 0x49, 0xD0, 0xC4, 0x1C, 0xB8, 0xE0,
    0x99, 0xF5, 0x2A, 0x7C, 0x5E, 0xE6, 0x28, 0xF7, 0x5E, 0xA6, 0x5E, 0x54, 0xD2, 0xAF, 0x31, 0x6B,
    0x27, 0x76, 0xE6, 0x62, 0xE7, 0x4D, 0x35, 0xD8, 0x79, 0xA2, 0x33, 0x33, 0x32, 0x87, 0xE9, 0xDC,
    0x70, 0x3A, 0xB7, 0x3A, 0x74, 0xCE, 0xA0, 0x74, 0x53, 0x07, 0x05, 0xED, 0x4B, 0xF7, 0x58, 0x56,
    0x6F, 0x69, 0x74, 0x8E, 0xE9, 0x67, 0x6C, 0x57, 0xB5, 0x6E, 0x74, 0xA3, 0xEA, 0x69, 0x6F, 0x54,
    0xAB, 0x4A, 0x71, 0x5E, 0x8C, 0x88, 0x5C, 0x62, 0x42, 0x0F, 0xED, 0x73, 0x51, 0x2C, 0x8B, 0x28,
    0x47, 0xDC, 0x1D, 0x4F, 0xE0, 0x4C, 0x51, 0x80, 0x67, 0xE9, 0xB5, 0x60, 0x7B, 0xC5, 0x1F, 0x7B,
    0xF9, 0xE1, 0xE5, 0x65, 0x9C, 0xF4, 0xD3, 0x66, 0xE1, 0x82, 0xB1, 0x8E, 0x93, 0x8F, 0xD4, 0x8F,
    0x7D, 0x52, 0xFF, 0x64, 0x88, 0x98, 0x4C, 0xA6, 0xE3, 0x26, 0x3F, 0xFC, 0x6E, 0x25, 0xE7, 0xF0,
    0x40, 0xA1, 0x1A, 0x11, 0x4F, 0x59, 0xED, 0x3D, 0xF0, 0x87, 0x41, 0x5F, 0x76, 0x40, 0xC6, 0xAB,
    0xDC, 0x34, 0x0C, 0xFA, 0x93, 0x8D, 0xDC, 0xB2, 0x3A, 0xBB, 0x69, 0x02, 0x47, 0x87, 0x23, 0xA8,
    0xFD, 0x71, 0x32, 0xE7, 0x06, 0xAA, 0x95, 0x12, 0x37, 0xFD, 0x6D, 0x33, 0xBC, 0x35, 0x4D, 0x9C,
    0xCB, 0xEE, 0x8A, 0x62, 0x0D, 0xAC, 0x0B, 0xBC, 0x75, 0x65, 0xE7, 0x6E, 0x63, 0x23, 0xB7, 0xB7,
    0xAA, 0x22, 0xF9, 0xC6, 0xAA, 0xE4, 0x6A, 0x4A, 0xBE, 0xB6, 0xEA, 0xAF, 0xD6, 0x86, 0xAE, 0x2D,
    0x66, 0xAE, 0x2E, 0xF0, 0x06, 0x38, 0x16, 0xFA, 0xB8, 0x50, 0x9F, 0xBF, 0x0F, 0xEE, 0xDF, 0xAC,
    0x10, 0x55, 0xF3, 0xDC, 0xB0, 0x93, 0x2C, 0x3B, 0x60, 0x2D, 0xA6, 0x8A, 0xA1, 0x6B, 0x1F, 0x24,
    0x12, 0x00, 0xC7, 0xA0, 0xAA, 0x55, 0x1E, 0x4A, 0xA0, 0x89, 0x5D, 0xCE, 0x55, 0x2A, 0x0F, 0x6A,
    0xB6, 0x8A, 0xC4, 0x18, 0x56, 0x5B, 0xC0, 0x66, 0xAE, 0x46, 0xE6, 0xF6, 0x48, 0x3F, 0x70, 0xD8,
    0x40, 0x1E, 0x93, 0xCA, 0xDC, 0xB2, 0x60, 0xBD, 0x64, 0x7F, 0xD7, 0x93, 0xAE, 0x4A, 0xB0, 0x8D,
    0xED, 0x11, 0x09, 0x2B, 0x4F, 0x44, 0x94, 0x49, 0x3F, 0x28, 0xF3, 0xCC, 0x89, 0x1F, 0x5B, 0x70,
    0x1A, 0xE0, 0x94, 0x11, 0x7F, 0xC5, 0xC4, 0x83, 0xF2, 0x4B, 0xA8, 0x61, 0x0C, 0x70, 0x3F, 0x91,
    0x49, 0x29, 0x2F, 0xE3, 0x64, 0xBC, 0xE8, 0x99, 0xF5, 0x36, 0x56, 0xC4, 0x0E, 0x76, 0xEA, 0x84,
    0xD7, 0xF4, 0xB6, 0x3E, 0x9C, 0x5C, 0xC6, 0xC9, 0x78, 0xD1, 0x23, 0xFA, 0xB4, 0x73, 0xA6, 0x87,
    0xE1, 0xB4, 0x04, 0x70, 0x0E, 0xF6, 0xF7, 0x50, 0x06, 0x77, 0xCA, 0x70, 0xFC, 0x51, 0x57, 0x46,
    0x5F, 0x0B, 0x29, 0xDB, 0xEE, 0x9A, 0x23, 0xFB, 0x40, 0x99, 0x5C, 0x78, 0x88, 0x4F, 0x46, 0x7F,
    0x3E, 0x73, 0xA0, 0x5F, 0x72, 0xF1, 0xCF, 0xB6, 0x7F, 0x64, 0x01, 0x23, 0x6F, 0xAC, 0x92, 0x42,
    0x39, 0xD3, 0x83, 0x68, 0x64, 0x0B, 0x35, 0xF8, 0x33, 0xCE, 0x65, 0xFC, 0xD1, 0x9F, 0x0F, 0xF1,
    0x19, 0xED, 0xEB, 0x49, 0x57, 0xD7, 0x0F, 0xF2, 0xB1, 0x73, 0x7B, 0x1E, 0xAB, 0xFD, 0xFB, 0xB0,
    0x78, 0xF8, 0x41, 0x79, 0x3F, 0x10, 0x08, 0xAB, 0x57, 0xE1, 0x2D, 0x62, 0x09, 0x5D, 0x32, 0x86,
    0x8D, 0x72, 0x87, 0x61, 0x9A, 0x41, 0x33, 0x84, 0x32, 0xD1, 0xAC, 0xA7, 0xC4, 0x62, 0x33, 0xEB,
    0xB0, 0x09, 0x1A, 0x6C, 0x42, 0x09, 0x2D, 0xD3, 0x93, 0x5E, 0xD7, 0xBE, 0x6D, 0xDE, 0x79, 0x19,
    0xEC, 0x88, 0x3E, 0x59, 0x16, 0x51, 0x2D, 0xFA, 0x52, 0x00, 0x3F, 0x08, 0x0C, 0x91, 0xA3, 0x8B,
    0x1D, 0x74, 0xE5, 0x72, 0x62, 0xB2, 0xEA, 0x85, 0xF9, 0xB6, 0x7A, 0x51, 0x7D, 0x53, 0xFD, 0xF7,
    0xEF, 0xDF, 0x54, 0xDD, 0xD7, 0xFF, 0xA8, 0xBA, 0x6F, 0x3E, 0xAD, 0xBA, 0x3F, 0x13, 0xFD, 0x6B,
    0x12, 0x56, 0xDD, 0x23, 0x82, 0xFB, 0xA1, 0x17, 0x4C, 0x69, 0x06, 0x2A, 0xD2, 0x30, 0x6C, 0x48,
    0xD1, 0x91, 0x82, 0xAC, 0xC9, 0x92, 0xC4, 0x44, 0xBD, 0x47, 0x9E, 0x98, 0x22, 0xFA, 0xCC, 0x14,
    0xC1, 0x17, 0xE4, 0x85, 0x29, 0x66, 0x04, 0x8E, 0x94, 0x24, 0x23, 0xDA, 0xF8, 0xEC, 0xC5, 0x0E,
    0xA1, 0x18, 0xFB, 0x50, 0x24, 0xC5, 0xFD, 0xBC, 0x14, 0x8A, 0xA2, 0xC7, 0x2F, 0xED, 0x8E, 0x38,
    0xD9, 0x5E, 0x24, 0x8C, 0x7A, 0x1F, 0x4F, 0x11, 0xBF, 0xC7, 0xE2, 0x27, 0xFA, 0xCB, 0x52, 0x2E,
    0x79, 0xC8, 0x92, 0x99, 0x64, 0x83, 0x5B, 0x9F, 0x0D, 0x3E, 0x98, 0xED, 0x4B, 0xD9, 0x60, 0xE3,
    0x33, 0x22, 0x58, 0x92, 0x11, 0x9F, 0xDD, 0x66, 0xEE, 0x4B, 0xDA, 0x7E, 0x10, 0xDB, 0x8F, 0x31,
    0x22, 0xDB, 0x62, 0x2D, 0x8C, 0x5B, 0xE3, 0x6A, 0xDC, 0x1A, 0x87, 0xF8, 0xE2, 0x19, 0x96, 0x6C,
    0x89, 0x1E, 0x58, 0x18, 0x91, 0x95, 0x71, 0x7E, 0xB9, 0x8F, 0x3E, 0x1E, 0xB6, 0xBA, 0x1F, 0xF1,
    0x3C, 0x3C, 0x16, 0xBE, 0x04, 0xFB, 0x2B, 0xDA, 0xB4, 0x07, 0xDE, 0x74, 0xD2, 0xE2, 0xB3, 0xA4,
    0x61, 0x1D, 0x88, 0xFD, 0x3B, 0xEA, 0xD3, 0xCF, 0x6E, 0xD7, 0x41, 0xE9, 0x9C, 0x15, 0x98, 0x89,
    0xBE, 0xCF, 0x6E, 0xFC, 0x10, 0x88, 0x8F, 0x5E, 0x95, 0xCD, 0x34, 0x16, 0xC6, 0x8C, 0x7B, 0x0B,
    0x58, 0x9F, 0xB9, 0xCC, 0x5A, 0x79, 0x54, 0x49, 0x16, 0x24, 0x8F, 0x2E, 0x65, 0xC2, 0x2A, 0x32,
    0x11, 0x4B, 0x65, 0x58, 0xCB, 0xE5, 0x11, 0xC7, 0x5E, 0x91, 0xF2, 0xB9, 0x8E, 0x5D, 0xFB, 0x47,
    0xE1, 0xC6, 0xFA, 0x47, 0xA3, 0x96, 0xAC, 0x99, 0x2C, 0xE4, 0xEF, 0x75, 0x1B, 0x19, 0x16, 0xCA,
    0x5C, 0x05, 0x9D, 0xCA, 0xFB, 0x62, 0x19, 0x16, 0x2A, 0x59, 0x46, 0x85, 0x82, 0x8E, 0xD6, 0x0A,
    0xB1, 0xBA, 0x5C, 0xB0, 0x78, 0x37, 0xC6, 0x42, 0x0A, 0xA5, 0xDE, 0x59, 0x42, 0xFD, 0x58, 0x8A,
    0x9F, 0xAA, 0x2B, 0xA8, 0x3F, 0xA9, 0x4B, 0x5F, 0x44, 0x56, 0xAD, 0x59, 0x44, 0x05, 0x42, 0x1B,
    0x59, 0x16, 0x61, 0x87, 0xA0, 0xEB, 0x8B, 0xA0, 0x45, 0x86, 0x99, 0xD5, 0x62, 0xB0, 0x09, 0xEB,
    0x88, 0x86, 0xD2, 0xC8, 0x7C, 0x2E, 0x06, 0xDA, 0x2D, 0x90, 0x5A, 0x40, 0x7B, 0x83, 0xA0, 0x2A,
    0x6F, 0x9C, 0xEE, 0x80, 0x82, 0xED, 0x36, 0x85, 0x3C, 0x99, 0xC3, 0x7A, 0x61, 0x94, 0x51, 0xC7,
    0x34, 0xB5, 0x13, 0x67, 0x58, 0x4A, 0xA4, 0x3C, 0xB3, 0x4E, 0x6D, 0x43, 0xAA, 0x58, 0x8B, 0xEE,
    0x38, 0xE9, 0x27, 0x6F, 0x37, 0xC0, 0x56, 0x74, 0xB7, 0x5E, 0xA7, 0xAA, 0xEE, 0xBB, 0x71, 0x27,
    0x69, 0xD5, 0x4D, 0xEE, 0x03, 0x39, 0x1D, 0xF2, 0xE5, 0x21, 0x9D, 0x55, 0xD5, 0xD9, 0x54, 0x3A,
    0xFC, 0x6E, 0x96, 0x7D, 0x92, 0x86, 0x69, 0x07, 0x39, 0xE4, 0x21, 0xF9, 0x5A, 0x07, 0x35, 0x78,
    0x55, 0x16, 0xDE, 0x2C, 0x4D, 0xE2, 0x93, 0x7F, 0x92, 0x61, 0xED, 0x6D, 0x9C, 0x93, 0xD9, 0x71,
    0x41, 0x6E, 0x89, 0xF6, 0x8C, 0x7F, 0x1B, 0xA2, 0x8A, 0x82, 0x47, 0xE1, 0xD6, 0x0B, 0xDE, 0xA1,
    0xD5, 0x1D, 0xDC, 0xE1, 0x62, 0x87, 0xE5, 0x43, 0xBF, 0x17, 0x3B, 0x19, 0x01, 0x3D, 0x24, 0x98,
    0x2F, 0xC8, 0xD7, 0x35, 0x2D, 0x6A, 0x10, 0x54, 0x1D, 0x18, 0x6C, 0x60, 0x70, 0x21, 0xE6, 0x97,
    0xC1, 0x93, 0x17, 0x88, 0x24, 0x83, 0x7D, 0x9C, 0x39, 0x67, 0x05, 0x0D, 0x09, 0x10, 0xDA, 0x5E,
    0x1E, 0xB3, 0xF7, 0x1B, 0xA3, 0x72, 0x3F, 0x2F, 0x61, 0xE6, 0x5C, 0xA3, 0x48, 0xFC, 0xD5, 0x87,
    0x8D, 0x46, 0x70, 0x82, 0x62, 0x5B, 0xC9, 0xBE, 0x6F, 0x29, 0xF3, 0x69, 0x73, 0x76, 0xEF, 0x8B,
    0x5B, 0x6C, 0xDC, 0x1E, 0x99, 0xFC, 0xBB, 0x1C, 0x52, 0x85, 0xCD, 0x1D, 0xA4, 0x44, 0x64, 0x28,
    0x2B, 0x63, 0x64, 0xEC, 0x90, 0x6A, 0x1C, 0xC6, 0xD4, 0x4D, 0x64, 0x0A, 0xCC, 0x92, 0x02, 0xC0,
    0x29, 0x5B, 0xB6, 0x4D, 0xD3, 0x34, 0xBF, 0xCF, 0x9C, 0xFB, 0xFB, 0x3B, 0x77, 0xEF, 0x19, 0xE5,
    0xBE, 0xE0, 0x7E, 0xE4, 0x28, 0xAF, 0xCD, 0xF6, 0x9E, 0x67, 0x84, 0xC8, 0x88, 0xAC, 0x8C, 0x91,
    0xB1, 0xB7, 0xE9, 0x4F, 0xD9, 0xA7, 0x3F, 0xEB, 0x5E, 0x36, 0x32, 0xC7, 0xD0, 0xDB, 0xAE, 0x56,
    0xA3, 0x7D, 0x1B, 0xBC, 0x99, 0x88, 0x0C, 0x6D, 0x1A, 0x53, 0x9D, 0xFE, 0x05, 0x97, 0x22, 0x31,
    0x5F, 0x65, 0x68, 0xE0, 0x94, 0x8B, 0x6C, 0x25, 0xFF, 0xCC, 0x3B, 0x41, 0xEA, 0x0F, 0xE5, 0xBB,
    0x73, 0xDA, 0x88, 0xED, 0x67, 0xE6, 0xB2, 0x39, 0x33, 0x9F, 0x93, 0x77, 0x18, 0xF9, 0x6C, 0x55,
    0x22, 0x74, 0x7B, 0x52, 0xE3, 0xFE, 0xFB, 0x19, 0x0F, 0xF7, 0xF3, 0xE1, 0xF8, 0xB5, 0x6A, 0x3C,
    0xFC, 0x7D, 0xFA, 0xD1, 0xCE, 0xF4, 0x5C, 0x5C, 0xBF, 0xDA, 0x9B, 0x0C, 0x59, 0x7E, 0x81, 0x95,
    0x63, 0xDE, 0x8D, 0x4A, 0x4B, 0xD7, 0xF1, 0xB8, 0x58, 0xB1, 0xE5, 0x61, 0x87, 0x28, 0x69, 0x2E,
    0x6E, 0xEA, 0xD2, 0x99, 0x72, 0x7F, 0x47, 0xAE, 0x14, 0xD5, 0x32, 0xEF, 0x54, 0xD2, 0x77, 0xEC,
    0x58, 0xB7, 0x48, 0x83, 0x16, 0xE9, 0x4F, 0x8E, 0xB9, 0x5B, 0xC5, 0x7A, 0x83, 0x94, 0x66, 0xA4,
    0xD8, 0x13, 0x4D, 0x7A, 0x5F, 0x55, 0xB2, 0xB1, 0xBE, 0xCA, 0x3C, 0x27, 0x44, 0x03, 0xE1, 0xF3,
    0x15, 0xE6, 0xCE, 0xC9, 0x24, 0xD7, 0x5B, 0xAE, 0x0D, 0x97, 0x35, 0xD9, 0xCD, 0xB7, 0xDD, 0x26,
    0x32, 0xDD, 0x3A, 0x32, 0xF6, 0xFB, 0xF0, 0xBA, 0xF7, 0x75, 0xC8, 0x6F, 0xC6, 0x3C, 0xEC, 0xFF,
    0xAD, 0xA9, 0xCD, 0x99, 0x9C, 0xCB, 0x5F, 0xFF, 0xF0, 0xCA, 0xFB, 0xC4, 0xB9, 0x58, 0x7D, 0xDD,
    0x75, 0x7E, 0xCE, 0xF9, 0x36, 0xAB, 0xB1, 0x77, 0x16, 0x8E, 0xD7, 0x96, 0x99, 0xFA, 0xB7, 0x4C,
    0x0B, 0x21, 0xB7, 0x00, 0xEE, 0x43, 0xDE, 0x81, 0x2F, 0x64, 0xAB, 0xFE, 0xB8, 0x4C, 0x52, 0x8E,
    0xD9, 0x1C, 0xFF, 0xB2, 0xFD, 0x13, 0xDE, 0x17, 0xA5, 0x1B, 0xDF, 0x88, 0xFD, 0x8C, 0xEC, 0x08,
    0x65, 0xF3, 0xD8, 0x39, 0x84, 0xAE, 0x13, 0xE1, 0x53, 0xC6, 0x37, 0x43, 0xAB, 0x72, 0xF5, 0x58,
    0xEA, 0xF7, 0xA2, 0x85, 0x8F, 0x1F, 0xD3, 0x88, 0x06, 0x81, 0x6B, 0xBE, 0x7F, 0x7E, 0xA4, 0x13,
    0xFF, 0xB7, 0xCD, 0xDF, 0xB7, 0x21, 0x15, 0x68, 0x63, 0x04, 0x63, 0x3A, 0x10, 0x19, 0x65, 0xC2,
    0x31, 0x27, 0xD2, 0x98, 0xF5, 0xF9, 0xD0, 0x66, 0xC8, 0x87, 0xBA, 0x93, 0xD4, 0xA0, 0xC6, 0x15,
    0x87, 0x30, 0x03, 0x6A, 0xF9, 0x7C, 0x0A, 0x3A, 0x85, 0x38, 0x7C, 0xAA, 0xB0, 0x88, 0xD6, 0x0B,
    0x29, 0x1E, 0x41, 0xA9, 0x4B, 0x16, 0xEF, 0xBD, 0x7B, 0x05, 0xF5, 0xE4, 0x1D, 0x66, 0x3B, 0xBF,
    0x53, 0x2C, 0xFE, 0xA5, 0xD6, 0x08, 0xAD, 0x7A, 0x8A, 0xC0, 0xAA, 0x96, 0x45, 0x24, 0x45, 0x28,
    0xAF, 0x4A, 0x82, 0x86, 0xD6, 0x05, 0xED, 0xC2, 0x44, 0x75, 0xD4, 0xA7, 0x24, 0x3A, 0x81, 0x4D,
    0x6F, 0xD3, 0x11, 0x55, 0xDF, 0xA6, 0x39, 0x76, 0xCF, 0x01, 0x9A, 0x56, 0xC7, 0xF9, 0x31, 0xC5,
    0xC9, 0xD8, 0x32, 0xCE, 0x47, 0xD2, 0x26, 0xC9, 0xEC, 0x24, 0xC7, 0x63, 0x29, 0x73, 0x61, 0x2B,
    0x7B, 0xFD, 0x5C, 0x7C, 0xFA, 0xD4, 0x0D, 0xF3, 0x10, 0x2A, 0x62, 0x48, 0xFE, 0xD2, 0xAB, 0x60,
    0xED, 0x5C, 0x2E, 0xF0, 0x6D, 0x28, 0x3B, 0xCB, 0xF1, 0x95, 0x25, 0xC7, 0xF8, 0x5B, 0xBD, 0x9B,
    0x36, 0xC9, 0xF0, 0x6C, 0xF2, 0x46, 0xA9, 0x34, 0x08, 0x78, 0x56, 0xCF, 0xC7, 0x6B, 0xDC, 0xB9,
    0x27, 0xF0, 0xF7, 0x2A, 0x4B, 0x20, 0xA1, 0xE2, 0x0E, 0xA7, 0xD9, 0xC7, 0x54, 0x7E, 0xAA, 0x87,
    0x7A, 0x03, 0x7F, 0x9D, 0xE2, 0xEE, 0x8F, 0x18, 0x9F, 0xB5, 0xC0, 0xDB, 0x76, 0xC8, 0xC2, 0x52,
    0xB2, 0x21, 0xC5, 0x80, 0x9D, 0xC2, 0x39, 0x24, 0x50, 0xAE, 0x82, 0x26, 0xBB, 0x33, 0xFD, 0xC5,
    0x30, 0x3E, 0x25, 0x3B, 0xAF, 0x37, 0xEB, 0xC8, 0x6F, 0x24, 0x29, 0x0D, 0xEA, 0xCC, 0x06, 0xF5,
    0x3E, 0x63, 0x02, 0xB3, 0xF8, 0xC8, 0x74, 0x91, 0x33, 0xDD, 0xFC, 0x80, 0xFF, 0x01, 0xB5, 0x99,
    0x01, 0x84, 0x24, 0xD9, 0x19, 0xC7, 0x7F, 0x5D, 0x75, 0x7B, 0x4D, 0x0A, 0xEF, 0x90, 0x45, 0x24,
    0x9B, 0x02, 0x08, 0x66, 0xEF, 0x05, 0x41, 0xD0, 0x3B, 0xAF, 0x38, 0x40, 0x70, 0x8B, 0x8C, 0x43,
    0xB0, 0x01, 0x00, 0x19, 0x38, 0x2C, 0xA6, 0xA6, 0x4A, 0x02, 0x08, 0x0E, 0xB8, 0x20, 0x10, 0x40,
    0x80, 0x2C, 0x06, 0x13, 0xBA, 0xA7, 0x1E, 0xC1, 0x21, 0x48, 0x49, 0x1C, 0x20, 0xB6, 0x70, 0xBB,
    0x00, 0xF7, 0x5C, 0xFA, 0x72, 0xB5, 0x49, 0x75, 0xBF, 0x7C, 0x9F, 0x9A, 0x99, 0x9E, 0xDD, 0xD9,
    0xDE, 0xAC, 0xD3, 0xFD, 0xA6, 0x7E, 0xAF, 0x5F, 0xBF, 0xF7, 0xBD, 0xFF, 0xF7, 0x5E, 0xF5, 0x57,
    0xD5, 0x5F, 0xD7, 0xB8, 0xA2, 0xF1, 0xAE, 0x06, 0x2D, 0xF6, 0xC6, 0x9F, 0x7B, 0xF9, 0xAF, 0x70,
    0x05, 0x06, 0x6E, 0x92, 0xC4, 0x25, 0x26, 0xAE, 0xB1, 0x5F, 0x36, 0x85, 0x33, 0xC6, 0x9F, 0x9A,
    0xCC, 0x2F, 0xCC, 0xA4, 0x98, 0x1B, 0xB8, 0x89, 0xF6, 0x95, 0x32, 0xA6, 0x36, 0xF6, 0x69, 0x55,
    0x9B, 0x18, 0x65, 0x6E, 0x0F, 0xF9, 0xAB, 0x7A, 0x1D, 0x26, 0xAE, 0x70, 0xCF, 0x23, 0x15, 0xB6,
    0x5E, 0x60, 0xFC, 0x9C, 0x3B, 0x45, 0x09, 0x38, 0xC1, 0x16, 0x48, 0x0F, 0x44, 0x99, 0xAB, 0x7C,
    0xF4, 0xF5, 0x43, 0xD2, 0x00, 0xCA, 0xB4, 0x83, 0xDC, 0x43, 0x55, 0xC0, 0xFA, 0xE8, 0xA8, 0x88,
    0x31, 0x76, 0xCA, 0x77, 0xE1, 0xBD, 0x12, 0xCE, 0x9B, 0xE3, 0x7F, 0x0F, 0x36, 0xC6, 0x60, 0x5E,
    0x54, 0x6D, 0xE6, 0x33, 0x6F, 0x8A, 0xB4, 0x33, 0x24, 0x23, 0xD2, 0xD6, 0x3E, 0x19, 0xF3, 0x6A,
    0xD3, 0x1C, 0x7F, 0x33, 0x3C, 0x80, 0xFE, 0x1D, 0x99, 0x3B, 0xC0, 0xFC, 0x14, 0x06, 0x47, 0x12,
    0xF2, 0x3A, 0x0D, 0xC6, 0x67, 0xED, 0xB4, 0x33, 0x3E, 0x0D, 0xB6, 0x98, 0xF4, 0x0E, 0x86, 0x05,
    0x94, 0x03, 0xB8, 0x25, 0x55, 0x8C, 0x83, 0x72, 0xF7, 0xD1, 0xE7, 0x0F, 0xC9, 0xFC, 0xAD, 0xF7,
    0x57, 0xCC, 0x37, 0x05, 0xE0, 0xE6, 0x7B, 0x3D, 0xA5, 0x79, 0x8C, 0xB8, 0xCF, 0x9B, 0xFA, 0x14,
    0xE3, 0x4B, 0xE0, 0x54, 0x70, 0x05, 0xE4, 0xEB, 0x82, 0x34, 0x0E, 0xE4, 0x9F, 0x46, 0x0E, 0xC9,
    0xEB, 0x52, 0x4F, 0x8F, 0xE8, 0xA9, 0x9D, 0xC3, 0xD4, 0xF6, 0x3F, 0x17, 0x64, 0xB1, 0x87, 0xE3,
    0xA8, 0x33, 0x3C, 0xD2, 0xAF, 0xFE, 0x06, 0x79, 0x6D, 0x0A, 0xEB, 0x5D, 0x8C, 0x32, 0x3E, 0xC0,
    0xDD, 0x02, 0x37, 0x59, 0x56, 0x1F, 0x0C, 0x72, 0x48, 0x03, 0x2D, 0xCD, 0x8A, 0xE9, 0x8B, 0x3F,
    0xD5, 0x39, 0x49, 0x37, 0x83, 0xB3, 0xC7, 0x79, 0x37, 0x7B, 0xE2, 0x86, 0x59, 0x38, 0x7F, 0x70,
    0x10, 0xC2, 0xF7, 0x04, 0x6E, 0x70, 0xEF, 0xE0, 0xC9, 0xFC, 0xC1, 0xEC, 0x63, 0x19, 0x9F, 0x65,
    0xDD, 0x59, 0xCE, 0x24, 0x64, 0x5F, 0x3C, 0xF2, 0x93, 0xB8, 0x86, 0x49, 0x81, 0x0D, 0x8F, 0x67,
    0xFC, 0xC0, 0xAD, 0x96, 0xF7, 0xBB, 0xFB, 0xA1, 0x74, 0xFF, 0xD4, 0xE5, 0xE9, 0x0E, 0x06, 0xB8,
    0x48, 0x97, 0x4C, 0x86, 0xAC, 0x23, 0x0D, 0xB9, 0xBF, 0xD1, 0xAF, 0xD5, 0xF8, 0x76, 0xAA, 0x03,
    0x6A, 0x32, 0x1A, 0x6F, 0x46, 0xEE, 0x1E, 0x1D, 0xE1, 0x62, 0xAC, 0x15, 0x30, 0x37, 0xF8, 0x4E,
    0x41, 0xD5, 0x33, 0x7D, 0x76, 0x5C, 0x9B, 0xAB, 0xD5, 0x37, 0xB2, 0xFA, 0xF3, 0xF9, 0x2C, 0x9C,
    0xCD, 0x0E, 0xC2, 0xD9, 0x81, 0x20, 0xAF, 0xCD, 0xF2, 0x20, 0xFC, 0x39, 0x48, 0x3B, 0x1C, 0x3C,
    0x39, 0x7B, 0x3C, 0xFB, 0xF8, 0x6C, 0x36, 0x9B, 0xBD, 0xF7, 0xCE, 0xD9, 0x0F, 0x99, 0x84, 0x69,
    0xFB, 0x7D, 0xAF, 0x67, 0x40, 0x8B, 0xC6, 0x4E, 0x6C, 0xE5, 0xC8, 0x06, 0x5C, 0x2C, 0x4E, 0x32,
    0x7F, 0x96, 0xEA, 0x21, 0x0D, 0x79, 0x2B, 0x9D, 0xBC, 0x5B, 0x43, 0xE6, 0x6F, 0xE1, 0x62, 0xEC,
    0x95, 0xCD, 0xA7, 0xBD, 0xDD, 0x66, 0xD4, 0x2E, 0x8D, 0xEF, 0x53, 0x8F, 0x1C, 0x32, 0x64, 0x61,
    0x41, 0x1A, 0x30, 0x9E, 0x53, 0x68, 0x62, 0x2B, 0x47, 0x15, 0xBD, 0x1C, 0xBA, 0xC9, 0x92, 0x24,
    0x90, 0xAC, 0xE1, 0x58, 0xEC, 0xDB, 0x87, 0x69, 0xBB, 0x4C, 0xDB, 0xF9, 0xB8, 0xA2, 0x15, 0xC9,
    0x52, 0x22, 0xB2, 0x76, 0x68, 0x40, 0xBC, 0x0D, 0xA7, 0x97, 0x54, 0x38, 0x5F, 0x3D, 0x8F, 0xFE,
    0x34, 0x7E, 0xE9, 0xCB, 0xE6, 0x13, 0x19, 0x83, 0x57, 0x99, 0xC4, 0xBF, 0x04, 0x23, 0x58, 0xC1,
    0x6D, 0xC1, 0x5E, 0xDA, 0xA8, 0x2D, 0xD9, 0xB7, 0x43, 0xEF, 0x42, 0xD1, 0x37, 0xDE, 0x15, 0x77,
    0x30, 0xD8, 0x7A, 0xD2, 0x33, 0xB8, 0xDE, 0x75, 0xD3, 0x1E, 0xDB, 0xB3, 0x38, 0xE7, 0x0F, 0xE7,
    0xF0, 0xBA, 0xA3, 0x89, 0x21, 0xC6, 0x90, 0x77, 0x8F, 0x1F, 0x3F, 0x39, 0x08, 0xF2, 0xF7, 0xE4,
    0xE0, 0xB1, 0x04, 0xAF, 0xC6, 0x8E, 0x2B, 0x56, 0x1A, 0x39, 0x68, 0xAC, 0x69, 0x44, 0x31, 0x76,
    0x0E, 0x8A, 0xB6, 0xB5, 0x4F, 0xC7, 0xC4, 0x46, 0x6D, 0xA5, 0xAB, 0x17, 0x5B, 0x32, 0x9F, 0x07,
    0xF2, 0xE2, 0x20, 0x70, 0xC8, 0x7B, 0x81, 0x01, 0xC2, 0x24, 0x48, 0x95, 0x76, 0x52, 0x19, 0x2F,
    0x95, 0x05, 0x17, 0x57, 0x48, 0x48, 0x0E, 0x40, 0x12, 0x80, 0x69, 0xFB, 0x10, 0x4C, 0x1D, 0xC0,
    0xA5, 0x2D, 0x9C, 0x64, 0x35, 0xF4, 0xB9, 0x11, 0xBD, 0x07, 0x46, 0x14, 0x67, 0x39, 0xA6, 0x70,
    0x11, 0x09, 0xE3, 0x47, 0xCC, 0xC1, 0x8C, 0x8E, 0x4C, 0x90, 0xEE, 0xFB, 0x01, 0xA7, 0x8E, 0xE6,
    0xEA, 0x68, 0xF9, 0x92, 0xA3, 0x5C, 0x1D, 0xAD, 0x81, 0x89, 0x3A, 0x4A, 0x47, 0x47, 0x80, 0xF9,
    0xAC, 0x07, 0x97, 0x3F, 0x82, 0x72, 0x96, 0x15, 0xF4, 0x64, 0x85, 0x0C, 0x8A, 0xA3, 0x96, 0x05,
    0xA6, 0x9E, 0xAA, 0xA2, 0x2D, 0x98, 0xE3, 0x62, 0xCD, 0x75, 0xB1, 0x11, 0xE3, 0xEF, 0xFC, 0x8A,
    0x1C, 0xCE, 0x39, 0x64, 0xA2, 0x7B, 0x4B, 0x56, 0xBA, 0xFC, 0x63, 0x5D, 0xB3, 0x31, 0x9E, 0x07,
    0xB9, 0x05, 0xBB, 0x2A, 0x61, 0x52, 0xF4, 0x9B, 0xBD, 0xFD, 0x72, 0xCB, 0xDE, 0x66, 0xAF, 0xDF,
    0x1B, 0xD6, 0xE3, 0x5A, 0xAD, 0xAF, 0x8B, 0xA9, 0xC9, 0xF5, 0x48, 0x62, 0x6D, 0x62, 0x2D, 0x83,
    0x15, 0x6A, 0x3B, 0x68, 0xCD, 0x02, 0x1C, 0xD8, 0x67, 0x0F, 0xB3, 0x38, 0x4C, 0x9A, 0x41, 0x37,
    0xCB, 0xE9, 0xE6, 0x7E, 0xBF, 0x11, 0xE9, 0xC0, 0x06, 0x70, 0xC2, 0x61, 0x0F, 0x27, 0x3A, 0x5D,
    0x55, 0x4E, 0xA0, 0xD7, 0x0D, 0xE9, 0x4D, 0xDA, 0xEA, 0xE7, 0xAD, 0x37, 0xF7, 0x7A, 0xEA, 0x8D,
    0xCF, 0x62, 0xF4, 0x26, 0xC6, 0xD6, 0xD4, 0x69, 0x27, 0xBD, 0x6A, 0x21, 0x4C, 0x96, 0x87, 0xD0,
    0x2F, 0x60, 0x18, 0x1D, 0x0D, 0xE3, 0xC9, 0xCD, 0xF6, 0xEC, 0x4B, 0x35, 0x5D, 0x0F, 0xC3, 0x85,
    0xCC, 0xB3, 0xF5, 0x5E, 0x7D, 0x9D, 0x4F, 0x8B, 0x24, 0xFE, 0xAC, 0x48, 0x3F, 0x8B, 0xA4, 0x7E,
    0xB5, 0xD7, 0x7D, 0xA9, 0xED, 0x74, 0xE9, 0xBC, 0xA2, 0xED, 0xBD, 0xEE, 0x2B, 0x6B, 0xC7, 0x73,
    0x78, 0x2E, 0x1A, 0xE1, 0x00, 0xCE, 0x66, 0x50, 0xF5, 0x90, 0x77, 0xFB, 0xF3, 0xA9, 0x5F, 0x39,
    0x54, 0x5A, 0x2D, 0x2E, 0x8E, 0x60, 0x5E, 0x02, 0x83, 0x56, 0x7D, 0x89, 0xD8, 0x49, 0x95, 0x04,
    0xA9, 0xD2, 0xB1, 0xAA, 0x22, 0x69, 0x27, 0xD5, 0xB4, 0x3D, 0x3D, 0x22, 0xF3, 0x25, 0x9A, 0xD3,
    0x5C, 0x55, 0x9F, 0x2F, 0xD0, 0x6F, 0x6E, 0xB0, 0x85, 0x54, 0x0E, 0x31, 0x71, 0x22, 0x5D, 0x1F,
    0x6A, 0x35, 0x89, 0x1D, 0x99, 0x98, 0xD9, 0x67, 0x4D, 0xE1, 0xC8, 0xFD, 0xA1, 0xDE, 0xAF, 0x47,
    0x09, 0xFE, 0x3F, 0x99, 0x57, 0x7B, 0x9D, 0xA7, 0xF3, 0x55, 0x47, 0xF5, 0x98, 0x01, 0x95, 0xD7,
    0x85, 0x8D, 0x68, 0x5F, 0xAC, 0xB5, 0x09, 0x57, 0x17, 0x5A, 0xBE, 0x89, 0x45, 0x17, 0xA3, 0x57,
    0x9C, 0x7C, 0x0F, 0x1E, 0x02, 0xAF, 0x43, 0xC6, 0x15, 0xC4, 0x86, 0x6D, 0x36, 0x3A, 0xFF, 0x4A,
    0x6B, 0x73, 0x81, 0xB5, 0xFB, 0xF7, 0xE5, 0x3C, 0xC4, 0x40, 0xFA, 0xF5, 0x80, 0x69, 0xAB, 0xBD,
    0xFA, 0xD2, 0x33, 0x6E, 0xBA, 0x46, 0x41, 0xDB, 0xFB, 0xF4, 0x95, 0x7B, 0x4D, 0x71, 0x93, 0x25,
    0x0C, 0x8C, 0x25, 0xC6, 0x95, 0x1C, 0x47, 0xAB, 0x9F, 0x33, 0xF0, 0xF6, 0x87, 0xD8, 0x8F, 0x13,
    0x55, 0xCE, 0x78, 0x1C, 0xCC, 0x77, 0x24, 0xB8, 0x26, 0x8D, 0xB5, 0xF9, 0x6B, 0xE7, 0x92, 0x7E,
    0x27, 0x82, 0x37, 0x73, 0xD4, 0x9D, 0x08, 0x4E, 0x75, 0xD7, 0x31, 0x7A, 0x49, 0x15, 0x25, 0xE5,
    0x4B, 0x97, 0xD3, 0x96, 0x5E, 0x18, 0x6E, 0x12, 0x63, 0xAD, 0x0C, 0xBF, 0x78, 0xA6, 0xEF, 0x6F,
    0xD1, 0xEB, 0x3C, 0x9D, 0xAF, 0x3A, 0xAA, 0x97, 0x74, 0xF7, 0xC8, 0x56, 0xF7, 0x31, 0xF9, 0x80,
    0x49, 0x97, 0x5C, 0x95, 0xA6, 0x30, 0xBE, 0xF1, 0x97, 0xB4, 0x42, 0x30, 0x7E, 0x21, 0xCC, 0x7B,
    0x61, 0x2E, 0x9C, 0x08, 0x87, 0x82, 0x15, 0xCC, 0x87, 0xC2, 0x27, 0x7E, 0x9E, 0xFD, 0xCD, 0xCF,
    0xD3, 0xA7, 0xC2, 0x7F, 0xFD, 0x7C, 0x22, 0x10, 0x85, 0x46, 0xA8, 0x04, 0xE7, 0xA7, 0x01, 0x26,
    0x3D, 0xB0, 0x10, 0x1C, 0xD7, 0x45, 0xAF, 0x73, 0x13, 0x07, 0xEC, 0xF3, 0x88, 0xC3, 0xD6, 0xA7,
    0x88, 0x2F, 0x61, 0xFE, 0x16, 0xA8, 0x9D, 0xDA, 0xEB, 0x3C, 0x99, 0xAF, 0x3A, 0xAA, 0x37, 0x3A,
    0x4A, 0x03, 0x32, 0x04, 0x76, 0xCF, 0xBE, 0x5C, 0x0D, 0xF2, 0x9A, 0x7E, 0xD5, 0xCB, 0xE8, 0xC5,
    0x3E, 0x7D, 0x6D, 0xF9, 0xBC, 0xF6, 0xE3, 0x4B, 0xEF, 0xDE, 0x79, 0x1B, 0x15, 0x6D, 0xEF, 0xD5,
    0x17, 0xF0, 0x13, 0x7E, 0xBA, 0x62, 0x70, 0x1F, 0x04, 0xF3, 0xD4, 0xA7, 0x11, 0xF4, 0x7A, 0x2C,
    0xCC, 0xD3, 0xD6, 0xA5, 0xCB, 0x81, 0xE1, 0xC7, 0x32, 0xAE, 0x85, 0x1F, 0x51, 0xF5, 0xF3, 0x34,
    0xC6, 0x65, 0xF6, 0x42, 0x83, 0x32, 0xEB, 0xF2, 0xDA, 0x04, 0x5B, 0xE4, 0xC1, 0xE2, 0x84, 0x46,
    0xF8, 0x26, 0xD8, 0xF4, 0x5F, 0xC1, 0x4E, 0x25, 0xB5, 0x37, 0xBF, 0x09, 0xD6, 0xA6, 0xC1, 0x96,
    0xC2, 0x20, 0x84, 0x34, 0xE4, 0x5D, 0x1A, 0x74, 0x9E, 0x79, 0xD1, 0x78, 0x1B, 0x23, 0x0F, 0xAA,
    0x9E, 0x01, 0xD8, 0x16, 0x9E, 0xBA, 0xE4, 0x6F, 0x4B, 0x79, 0x6B, 0xBB, 0xAB, 0xED, 0xE1, 0xB9,
    0x7B, 0x5F, 0xDB, 0xC3, 0x73, 0xF7, 0xBE, 0xB6, 0x84, 0xCC, 0xFE, 0x7C, 0x6D, 0xCB, 0x7D, 0xDF,
    0xF8, 0xC8, 0x63, 0xE9, 0xC6, 0xDC, 0x67, 0x31, 0x3E, 0xF2, 0xC0, 0x06, 0x30, 0xAD, 0xCE, 0x7F,
    0x23, 0x0B, 0x78, 0x89, 0x8B, 0xA3, 0x82, 0x26, 0xAE, 0x84, 0x58, 0x2F, 0xB0, 0xED, 0x82, 0x69,
    0x58, 0x90, 0xDE, 0x20, 0xEB, 0x2E, 0x8E, 0x1A, 0x2F, 0xE3, 0x45, 0x13, 0x7B, 0x9D, 0x73, 0x8B,
    0x49, 0x33, 0xA6, 0x4B, 0xF9, 0xE5, 0x65, 0x34, 0xA6, 0x4B, 0x57, 0xE4, 0x45, 0xC9, 0x05, 0xA5,
    0x5D, 0x0A, 0x2B, 0xCA, 0x3B, 0x4D, 0x31, 0xF6, 0x67, 0x6D, 0x49, 0xDA, 0x8D, 0x64, 0x82, 0xF1,
    0x32, 0x56, 0x97, 0x76, 0x2D, 0x76, 0x5F, 0xC0, 0x00, 0x54, 0x63, 0x4A, 0x24, 0xA6, 0x5C, 0x97,
    0xA6, 0x27, 0x8D, 0xB1, 0x30, 0x2F, 0x8E, 0xBD, 0xA9, 0xA7, 0xDD, 0x55, 0x3E, 0x35, 0x89, 0x31,
    0x18, 0xC1, 0x3E, 0xFB, 0x28, 0x38, 0xD2, 0x1B, 0x18, 0xE9, 0x6B, 0x64, 0xEC, 0x9B, 0xF1, 0x67,
    0x31, 0x6E, 0x73, 0xAE, 0x77, 0xA9, 0xFB, 0xD2, 0x6F, 0x8A, 0xBC, 0xDE, 0x99, 0x6E, 0x39, 0x2D,
    0x26, 0xF1, 0xB7, 0x75, 0xFA, 0x8F, 0x58, 0xA4, 0x7E, 0x8D, 0x96, 0x5D, 0x69, 0x27, 0x9A, 0x7B,
    0xF7, 0xCE, 0x2B, 0xDA, 0xDE, 0xA5, 0x36, 0xD9, 0xE5, 0xF9, 0x38, 0x9F, 0xC1, 0x93, 0xFB, 0xE3,
    0xAB, 0x1B, 0x20, 0xEF, 0x76, 0xB3, 0xF6, 0x55, 0xB6, 0xC4, 0xC4, 0x66, 0x8D, 0xFD, 0xDD, 0xAA,
    0xC2, 0xEA, 0xFA, 0x49, 0x82, 0xA9, 0xD1, 0x2A, 0x89, 0x31, 0xD6, 0x46, 0x2B, 0xFB, 0xE9, 0xD7,
    0x47, 0xB8, 0x24, 0xC0, 0xE1, 0x65, 0x75, 0x07, 0xA7, 0xC6, 0xF6, 0xF7, 0x32, 0xCD, 0xC4, 0x6A,
    0x4D, 0xAA, 0x52, 0x63, 0xCA, 0xBF, 0xBE, 0x4E, 0xF9, 0xF5, 0x3A, 0x9D, 0x33, 0x29, 0xE6, 0xC0,
    0x4D, 0x16, 0xD2, 0x77, 0xFA, 0x52, 0x7A, 0xBF, 0x7E, 0x63, 0x7A, 0xFF, 0xA6, 0x54, 0x41, 0xAF,
    0x19, 0xFB, 0xBC, 0x41, 0xB4, 0xEA, 0x13, 0xF5, 0x47, 0xA6, 0xD7, 0x99, 0x57, 0x16, 0x47, 0x47,
    0xD7, 0xBE, 0x4B, 0xDE, 0x2D, 0xD4, 0x46, 0xFC, 0x91, 0x6D, 0xB9, 0xEF, 0xEE, 0x40, 0x77, 0xCB,
    0x3D, 0x76, 0x07, 0xBA, 0x5B, 0xEE, 0xA7, 0x3B, 0xD2, 0xDE, 0xFC, 0x84, 0x72, 0xAF, 0xFE, 0x84,
    0xF2, 0x0A, 0x77, 0x1F, 0x79, 0x30, 0x6F, 0x87, 0x3E, 0x34, 0x14, 0x9F, 0x41, 0x51, 0x51, 0x92,
    0xF1, 0x3E, 0xB1, 0x53, 0x5D, 0xEB, 0xA1, 0x09, 0x24, 0xFD, 0x20, 0xD2, 0x6E, 0x67, 0xBA, 0xD3,
    0xF6, 0x10, 0x13, 0x1A, 0x05, 0x6D, 0x03, 0x3B, 0x3C, 0x17, 0x90, 0x86, 0x7B, 0xB0, 0x5A, 0x43,
    0xD3, 0x33, 0x8D, 0x35, 0x36, 0x7A, 0xDE, 0x4F, 0xAF, 0x02, 0x7C, 0x4E, 0x12, 0x2B, 0xCC, 0xE5,
    0x33, 0xF3, 0x8A, 0xDC, 0x0F, 0x18, 0x61, 0xDA, 0x6E, 0x30, 0x5E, 0xFB, 0xDD, 0xB3, 0xCD, 0x77,
    0xDF, 0x64, 0x79, 0x8F, 0xE9, 0xFA, 0x7D, 0xCC, 0x87, 0x2B, 0x4C, 0xDA, 0x73, 0xA3, 0x8C, 0xDF,
    0x19, 0x62, 0x57, 0x5D, 0xFE, 0x1B, 0x62, 0x7C, 0x0E, 0xFF, 0xF6, 0xBC, 0x39, 0x4D, 0x5F, 0x5D,
    0xA7, 0x7D, 0x6F, 0x4A, 0xF9, 0xCA, 0xB7, 0x48, 0xC9, 0x77, 0xA0, 0xBB, 0xE5, 0xDA, 0xDB, 0x8D,
    0x6E, 0xD2, 0xDD, 0xBF, 0x95, 0x6A, 0xEF, 0x4A, 0x7B, 0xFB, 0x75, 0xBD, 0x8B, 0xF3, 0x51, 0x40,
    0xE3, 0x15, 0x6D, 0xBF, 0x12, 0xCF, 0xB1, 0x56, 0xF4, 0xBF, 0x11, 0xD7, 0xE5, 0xB6, 0xFD, 0x9C,
    0xEA, 0xC5, 0x32, 0x8D, 0x31, 0x48, 0x8E, 0xED, 0x8D, 0xCF, 0xDB, 0xBC, 0xD0, 0xDC, 0x3A, 0x06,
    0x9B, 0x7C, 0x15, 0x6C, 0xFA, 0xF7, 0x60, 0xCD, 0xAF, 0x83, 0xB5, 0x49, 0xB0, 0x27, 0x69, 0xC8,
    0x97, 0x69, 0x30, 0xDD, 0x26, 0x9F, 0x2E, 0xAB, 0x9E, 0x3F, 0xEE, 0x20, 0x9F, 0xDE, 0xE4, 0x7D,
    0xAE, 0xD0, 0xFD, 0x65, 0x5B, 0xE2, 0x68, 0x07, 0xBA, 0x5B, 0xE2, 0x68, 0x07, 0xBA, 0x5B, 0x3E,
    0xEB, 0xDD, 0x68, 0x6F, 0xCF, 0x81, 0x2F, 0xF3, 0xDF, 0xA5, 0x2D, 0x34, 0xFF, 0x4D, 0x3B, 0xE3,
    0x33, 0x3F, 0xE6, 0xC0, 0x79, 0x21, 0xBD, 0x30, 0x1C, 0x0A, 0xA5, 0x18, 0x0E, 0xE0, 0xFA, 0xCB,
    0x3C, 0x58, 0x69, 0x05, 0x2F, 0xD4, 0x60, 0x0B, 0x70, 0x1B, 0x17, 0x73, 0x5E, 0x83, 0xCC, 0x5B,
    0x68, 0x1E, 0x2C, 0x6B, 0x6A, 0xB0, 0xF5, 0x05, 0xE6, 0xB5, 0xF1, 0xAA, 0x7D, 0x17, 0x82, 0xDA,
    0xA8, 0xAD, 0xCE, 0xD1, 0xB9, 0xAF, 0xD3, 0xDC, 0xFA, 0x3C, 0x76, 0x4F, 0xFB, 0xFA, 0x1F, 0xB5,
    0x9A, 0x3F, 0x8C, 0xE4, 0x48, 0x15, 0xC6, 0x3F, 0xDB, 0xDA, 0xB3, 0xC0, 0x12, 0x45, 0x70, 0x4B,
    0xC6, 0x39, 0x0F, 0xF6, 0x9C, 0x4B, 0x3B, 0x2E, 0x93, 0x4B, 0xDC, 0x06, 0x6B, 0x2E, 0x38, 0x89,
    0x25, 0x24, 0xDB, 0x84, 0x80, 0x60, 0xDA, 0x6D, 0x91, 0x4B, 0x9B, 0x70, 0xD1, 0x49, 0x88, 0x5C,
    0x42, 0x02, 0x89, 0x60, 0x83, 0x9E, 0xEE, 0x12, 0x04, 0x84, 0x38, 0xB8, 0xD5, 0x85, 0x6B, 0xC4,
    0xCD, 0x4A, 0x08, 0xA1, 0xB3, 0x4E, 0x3E, 0xCE, 0x0B, 0xD5, 0xFD, 0x78, 0xCF, 0xD5, 0xFF, 0xB6,
    0x69, 0x5F, 0xEF, 0x5C, 0xB7, 0x4B, 0xFD, 0x7B, 0x33, 0x2E, 0x57, 0xBD, 0xEF, 0xBD, 0xB2, 0x5D,
    0x2E, 0xBB, 0xDB, 0xCB, 0x73, 0x04, 0x44, 0x99, 0x80, 0xFD, 0xA2, 0x6A, 0x20, 0x69, 0x00, 0xCD,
    0xA4, 0x1D, 0x70, 0x6D, 0x81, 0xD9, 0x0C, 0xB0, 0xD7, 0x40, 0x97, 0xC2, 0x6B, 0x34, 0xFC, 0x26,
    0x41, 0xD0, 0xC4, 0x59, 0x50, 0xAB, 0x32, 0x34, 0xCA, 0x44, 0x44, 0x46, 0x11, 0x55, 0xAA, 0x0C,
    0x6A, 0xAE, 0x95, 0x16, 0x8C, 0xD7, 0xA6, 0x40, 0x77, 0x03, 0xD8, 0xB5, 0x56, 0x29, 0x60, 0xBF,
    0x2C, 0x3A, 0x88, 0xBE, 0x7A, 0xFD, 0xD4, 0xB0, 0xA7, 0x1A, 0xEC, 0x55, 0xF0, 0x88, 0x1A, 0xC5,
    0x24, 0xB7, 0x1F, 0xB2, 0x9F, 0x60, 0x0F, 0xC5, 0x75, 0x0B, 0xDE, 0xF7, 0x35, 0xB7, 0xF9, 0x73,
    0x13, 0x54, 0x8A, 0xD5, 0x12, 0x80, 0x56, 0x40, 0xD2, 0x8E, 0x9A, 0x03, 0x6B, 0x95, 0x7E, 0x13,
    0x1F, 0x68, 0x9D, 0x9F, 0xC3, 0x18, 0xB1, 0x82, 0x7B, 0x01, 0xA1, 0x01, 0x94, 0x70, 0x0B, 0x44,
    0x04, 0xF8, 0x74, 0x76, 0xAC, 0x08, 0x2A, 0x40, 0x65, 0x40, 0x02, 0xE6, 0xD7, 0x80, 0x5A, 0x02,
    0x21, 0x63, 0x9D, 0x2B, 0x91, 0x4B, 0x32, 0x6C, 0x8A, 0x47, 0x35, 0x2B, 0x2F, 0xC1, 0x3E, 0x32,
    0x8D, 0xD8, 0xA4, 0xDC, 0x60, 0x82, 0x88, 0x01, 0x4E, 0x13, 0x99, 0x82, 0xDB, 0x4B, 0x3F, 0xE9,
    0x2F, 0x7E, 0xC4, 0xDF, 0x56, 0x2B, 0x32, 0x40, 0x7C, 0xA8, 0xB5, 0xDA, 0x6A, 0x49, 0xDF, 0x19,
    0xBC, 0x6C, 0x06, 0x60, 0x9F, 0x1B, 0xAE, 0x7B, 0xD3, 0xEF, 0xCA, 0xF9, 0xD5, 0x25, 0xC0, 0x7F,
    0x83, 0x2F, 0x3B, 0xDE, 0x5B, 0x8C, 0x9B, 0xC3, 0x46, 0xEB, 0x2B, 0x0B, 0x55, 0x4D, 0x2F, 0x97,
    0x83, 0x8C, 0xBD, 0x36, 0xCC, 0xD8, 0xC7, 0x61, 0x58, 0xEB, 0x12, 0x79, 0xC8, 0xF8, 0xCB, 0x71,
    0x80, 0x1B, 0xAB, 0x51, 0xF3, 0x50, 0x66, 0xDA, 0x1F, 0x07, 0x50, 0x23, 0xB9, 0x5C, 0x30, 0x87,
    0xF9, 0xD1, 0x1C, 0xA6, 0x54, 0x31, 0x16, 0xC5, 0x4F, 0x08, 0x13, 0xE8, 0x6C, 0x02, 0x55, 0x32,
    0xE6, 0x0E, 0x94, 0xD2, 0x4F, 0xFA, 0x8B, 0x1F, 0xF1, 0x07, 0x24, 0xAA, 0x14, 0x93, 0x89, 0x01,
    0x9B, 0xD8, 0x19, 0x7F, 0x95, 0x00, 0x8A, 0xBE, 0x00, 0x92, 0x57, 0x04, 0x68, 0xE8, 0xB5, 0x49,
    0x91, 0x0C, 0x9A, 0xFD, 0x76, 0xDC, 0xCD, 0x39, 0x70, 0xAE, 0x42, 0x5A, 0x32, 0x64, 0xC2, 0xDB,
    0xA7, 0x4D, 0x58, 0x05, 0x6D, 0x58, 0xA1, 0x63, 0xEC, 0x3E, 0x44, 0x65, 0xCF, 0x47, 0xB7, 0x6E,
    0xFB, 0x80, 0x4E, 0xFA, 0x49, 0x7F, 0xF1, 0x23, 0xFE, 0x00, 0x65, 0x7A, 0x34, 0xAD, 0x7A, 0xEE,
    0x3F, 0xF9, 0xB4, 0xDF, 0xFE, 0xBE, 0xE2, 0xFD, 0xCF, 0x4C, 0x4C, 0x5F, 0x18, 0x5D, 0x2D, 0x8C,
    0x46, 0xD2, 0x1F, 0x84, 0x9B, 0x3D, 0x26, 0x8C, 0x1B, 0x7C, 0x6D, 0xF4, 0x2B, 0x99, 0x14, 0x5F,
    0x1A, 0x9F, 0x3E, 0x30, 0x5E, 0xFE, 0x18, 0x8A, 0xA8, 0x67, 0xBF, 0x68, 0xD6, 0xEC, 0xC9, 0xF3,
    0x2C, 0x05, 0x70, 0x0C, 0xDE, 0xDF, 0xC3, 0x6D, 0x30, 0xD8, 0x86, 0xFB, 0x6F, 0x7C, 0xDD, 0xEB,
    0xB5, 0x96, 0x3D, 0xAE, 0x1C, 0x9C, 0xAC, 0xAF, 0x16, 0xD0, 0x88, 0xCB, 0xEB, 0xFE, 0x04, 0x8A,
    0xCC, 0x82, 0xA8, 0xE7, 0x86, 0x7D, 0x6C, 0x4E, 0xA2, 0x09, 0xDE, 0xC9, 0xA4, 0x0D, 0x9F, 0x40,
    0xD2, 0xC7, 0xF5, 0x2D, 0xDF, 0x47, 0x58, 0x4D, 0x10, 0x90, 0x05, 0x16, 0xF5, 0xA8, 0x39, 0xA8,
    0xEC, 0x4A, 0xA2, 0x63, 0xAD, 0x8E, 0xB5, 0xAA, 0xB3, 0x73, 0x18, 0x98, 0x24, 0x46, 0xCD, 0x01,
    0x09, 0x80, 0xA9, 0x71, 0x68, 0x5C, 0xF4, 0x58, 0x8C, 0x12, 0x2F, 0xAE, 0x00, 0xB4, 0x80, 0xDF,
    0x30, 0xAF, 0x33, 0x16, 0xAA, 0x80, 0x69, 0xE5, 0x62, 0xB5, 0x48, 0x6E, 0xD9, 0x17, 0x12, 0x99,
    0x5C, 0xCA, 0x1B, 0x89, 0x97, 0x39, 0x8C, 0x77, 0xC2, 0x68, 0xA8, 0xBD, 0x89, 0xA7, 0x5D, 0xDF,
    0x18, 0xFB, 0x1D, 0x6E, 0xCC, 0x95, 0x05, 0x7C, 0xB9, 0xD1, 0x1C, 0x9F, 0xE8, 0xC6, 0xC8, 0x6D,
    0x68, 0xF2, 0x3B, 0xF3, 0x38, 0x1C, 0xDC, 0xA4, 0xE7, 0x47, 0xFC, 0x52, 0xEF, 0xD7, 0xCD, 0x13,
    0x11, 0xFB, 0x06, 0xB6, 0xDC, 0x63, 0xDF, 0x8A, 0x4C, 0x0F, 0xA2, 0x2D, 0x37, 0xDB, 0x39, 0x24,
    0x29, 0xB9, 0xFF, 0x4E, 0x6B, 0xEA, 0x0E, 0x49, 0xF8, 0x65, 0x8B, 0x98, 0x5B, 0x6D, 0x8A, 0xCC,
    0x2F, 0x32, 0xCF, 0xC8, 0x7C, 0x23, 0xF3, 0xCE, 0x44, 0xB4, 0x98, 0xD9, 0x0E, 0x37, 0x37, 0x1D,
    0x99, 0x97, 0x00, 0xE5, 0x60, 0x2D, 0x2F, 0x5F, 0xAC, 0xE7, 0xD3, 0x1A, 0x83, 0xD7, 0xDF, 0x08,
    0x79, 0x29, 0x6C, 0xB4, 0x5A, 0xD1, 0x1A, 0x35, 0x2F, 0xE8, 0xC3, 0x6B, 0x72, 0xBC, 0xBC, 0x9C,
    0x56, 0xE9, 0x70, 0x5A, 0xA3, 0xE6, 0x36, 0x4A, 0x0E, 0xFB, 0x45, 0x24, 0x75, 0x06, 0x14, 0x00,
    0x2C, 0xE3, 0xFD, 0x16, 0x08, 0x6A, 0x20, 0xAA, 0x36, 0xE1, 0xB8, 0x3C, 0x69, 0xDC, 0x3C, 0x87,
    0xAE, 0x39, 0xF1, 0x71, 0x8A, 0x29, 0x51, 0x4F, 0x91, 0x3F, 0x91, 0xED, 0x93, 0x80, 0x00, 0x04,
    0x24, 0x71, 0x7C, 0xD6, 0x00, 0xFA, 0x47, 0x16, 0xFB, 0x65, 0x32, 0x68, 0x92, 0x96, 0x0D, 0x07,
    0x8C, 0xE9, 0x2B, 0x62, 0x23, 0x63, 0x23, 0xE3, 0x8B, 0xC9, 0xB7, 0x32, 0xB2, 0x54, 0xC1, 0xCE,
    0x7C, 0x74, 0x9B, 0x2F, 0x33, 0xE2, 0x62, 0xC4, 0x1C, 0xEE, 0x0D, 0x89, 0x36, 0xE6, 0x36, 0x77,
    0x75, 0x77, 0x31, 0x02, 0x2B, 0x3C, 0x02, 0x51, 0x23, 0xAC, 0xEB, 0xDE, 0x45, 0xF8, 0x19, 0x95,
    0xE1, 0x17, 0xD4, 0x84, 0xCB, 0xA8, 0x0D, 0x1B, 0xBF, 0x0B, 0x6B, 0x59, 0x3F, 0x9D, 0x26, 0x2A,
    0x7F, 0x91, 0xB4, 0x7F, 0x7C, 0x38, 0x6D, 0x1E, 0xAA, 0x0A, 0x7D, 0x21, 0x5A, 0xF2, 0x27, 0x5F,
    0x3E, 0x86, 0xC5, 0xDB, 0x7F, 0xB8, 0xBD, 0xEB, 0xE8, 0x3D, 0xFF, 0x1E, 0x02, 0x52, 0x88, 0x9E,
    0xAD, 0x10, 0xFD, 0xAA, 0x3B, 0x58, 0x50, 0x19, 0x81, 0xD7, 0x6C, 0x06, 0x50, 0x6F, 0x05, 0xB7,
    0x7D, 0xF1, 0x68, 0xC1, 0x99, 0x0A, 0xF7, 0xF3, 0x47, 0x9A, 0x5A, 0xFE, 0x00, 0xB8, 0x4C, 0xB0,
    0x79, 0x8E, 0x88, 0x48, 0xB8, 0x68, 0xA0, 0x57, 0x68, 0xB5, 0xDF, 0x28, 0xAA, 0x7D, 0xCA, 0x2E,
    0x12, 0x68, 0x64, 0x12, 0x84, 0x55, 0x0A, 0xDF, 0x2D, 0xEF, 0x2E, 0x16, 0xE8, 0xB9, 0xE3, 0xD7,
    0x20, 0x30, 0x88, 0xF8, 0x73, 0x8B, 0x90, 0xE0, 0x11, 0x10, 0x97, 0xBB, 0x35, 0x5C, 0x5C, 0x5E,
    0x2C, 0x50, 0xA4, 0x00, 0x9E, 0x33, 0x2D, 0xB3, 0xCC, 0xDC, 0x5A, 0x21, 0x61, 0x2C, 0x3C, 0x27,
    0x6C, 0x2F, 0x73, 0x4A, 0x9C, 0x1D, 0x28, 0x14, 0x03, 0x6D, 0x25, 0xCE, 0x29, 0x10, 0xB4, 0xB1,
    0xC1, 0x5E, 0x09, 0xAB, 0xF3, 0xCD, 0xBB, 0xDB, 0xF9, 0x40, 0x6E, 0x21, 0xD0, 0x60, 0x09, 0x59,
    0xD4, 0x41, 0xD1, 0x0A, 0xEB, 0x5B, 0x43, 0x60, 0xC1, 0x9B, 0x80, 0xE6, 0x3C, 0x96, 0x61, 0x83,
    0x75, 0x59, 0x50, 0xD7, 0x73, 0x3F, 0xEF, 0x00, 0x7C, 0x0B, 0x3C, 0x26, 0x68, 0x70, 0xFF, 0x69,
    0xCD, 0x7E, 0x0C, 0x16, 0x4B, 0x60, 0xC2, 0x15, 0x6E, 0x4E, 0x8E, 0x19, 0xCD, 0xDB, 0x05, 0x63,
    0x31, 0xE1, 0xB6, 0x13, 0x6E, 0x3B, 0x09, 0x6B, 0x4C, 0xC9, 0xF4, 0x14, 0x4F, 0x6A, 0x57, 0xE7,
    0x77, 0xAE, 0x0D, 0xE6, 0x8C, 0x66, 0x92, 0xD2, 0xF9, 0x88, 0x6A, 0xF1, 0x77, 0xF4, 0xDE, 0x36,
    0x07, 0x60, 0x81, 0x02, 0xC7, 0x88, 0x6A, 0x99, 0xC3, 0x0B, 0x6E, 0x58, 0x70, 0xC3, 0x02, 0x16,
    0x45, 0xD0, 0xA2, 0xF8, 0x68, 0xA3, 0x5D, 0xF1, 0x76, 0x83, 0x82, 0x75, 0x0B, 0x2C, 0x19, 0xCD,
    0x24, 0x25, 0xF7, 0xA9, 0x8A, 0x13, 0x7A, 0x29, 0xC2, 0x26, 0xE5, 0xCA, 0x94, 0xDB, 0xA7, 0x98,
    0xF2, 0xB6, 0x45, 0xCA, 0x7E, 0xF4, 0x87, 0xCD, 0xFA, 0xBC, 0xAE, 0x91, 0xB2, 0x8B, 0xD4, 0xE3,
    0x7A, 0xCC, 0x19, 0xCD, 0xF4, 0x2F, 0x1C, 0xEA, 0x94, 0x7D, 0xEF, 0xBF, 0xEB, 0x2A, 0xB0, 0x2B,
    0xC5, 0xA5, 0xE0, 0x75, 0xF0, 0xE6, 0xDE, 0xB9, 0x7B, 0xE1, 0x55, 0x01, 0x71, 0x76, 0xC6, 0xF5,
    0x77, 0x40, 0xB4, 0x26, 0x7C, 0x9D, 0xC3, 0x27, 0x02, 0x16, 0x34, 0x4E, 0xFC, 0x7B, 0x65, 0x7F,
    0xD0, 0xEC, 0x38, 0x39, 0xE0, 0x8D, 0x32, 0x07, 0xBC, 0xDD, 0xF8, 0x15, 0x7E, 0x83, 0x22, 0x10,
    0xEA, 0x35, 0xD5, 0xD9, 0xF9, 0x71, 0xFC, 0x96, 0xE9, 0x38, 0x07, 0x59, 0x20, 0xB5, 0x4C, 0x33,
    0xFE, 0x71, 0xD0, 0x0C, 0x99, 0x1D, 0xFA, 0x64, 0x9C, 0x44, 0x25, 0xD0, 0x9B, 0xFC, 0x29, 0x1B,
    0xC4, 0xC3, 0x26, 0xAA, 0xD8, 0xC4, 0x0D, 0x9B, 0xA4, 0x75, 0xFF, 0x49, 0xDD, 0xD1, 0xC6, 0xAA,
    0x37, 0xB7, 0x8F, 0x81, 0x90, 0x56, 0x00, 0xD8, 0x78, 0x1D, 0x8E, 0xF0, 0x1D, 0xE6, 0x0A, 0xDE,
    0x7F, 0xAC, 0xCC, 0x66, 0x0C, 0x10, 0x74, 0x40, 0xC2, 0x2C, 0x98, 0x3F, 0x1C, 0xEB, 0xF3, 0x3A,
    0xCF, 0x3D, 0x22, 0x12, 0x06, 0x4E, 0x94, 0x9F, 0x41, 0xFD, 0xA9, 0x81, 0x7A, 0x59, 0x41, 0x11,
    0xA0, 0xC4, 0xA1, 0x61, 0xDF, 0x06, 0x81, 0xF0, 0xEC, 0xD8, 0x20, 0x7F, 0xB5, 0x1D, 0xE4, 0x5E,
    0x64, 0x7B, 0x25, 0x63, 0x5B, 0x16, 0x99, 0x32, 0x0B, 0xB3, 0xA6, 0x62, 0x1A, 0x65, 0x6E, 0x98,
    0x59, 0xC7, 0xCC, 0x98, 0x6B, 0x26, 0x65, 0x12, 0x46, 0x7D, 0xC0, 0x3C, 0x33, 0xB3, 0xE8, 0xAF,
    0x66, 0x16, 0xBC, 0x64, 0xFE, 0x6B, 0x66, 0x1E, 0x03, 0x62, 0x16, 0xCC, 0x94, 0xD1, 0x66, 0xE8,
    0x0D, 0xB9, 0x2C, 0x5C, 0x65, 0xDD, 0x2A, 0xCB, 0xD6, 0xA9, 0x9B, 0xBC, 0xCC, 0xE4, 0x0E, 0x8C,
    0x13, 0xEB, 0xF0, 0xC4, 0x79, 0x6E, 0xBC, 0x18, 0xF6, 0x3D, 0xF8, 0xC6, 0x74, 0x8C, 0x1C, 0x87,
    0xDE, 0x30, 0x9F, 0x9B, 0xDF, 0x76, 0x9E, 0xFE, 0xFF, 0x67, 0x50, 0x78, 0xED, 0xA2, 0xF2, 0xBE,
    0xA6, 0xD6, 0xA3, 0x4F, 0xAC, 0x67, 0x31, 0xF7, 0x3A, 0x68, 0xAF, 0x7D, 0x7B, 0xDE, 0x18, 0x87,
    0x9A, 0x47, 0x4B, 0xC6, 0xA0, 0x65, 0xEC, 0xE1, 0x18, 0xAC, 0xF3, 0x0F, 0x25, 0xFF, 0x7F, 0x1E,
    0xE4, 0xAF, 0xD7, 0xC4, 0xCC, 0xEE, 0x81, 0x0F, 0x3F, 0x20, 0x40, 0x5B, 0xA6, 0xEE, 0xC7, 0xA0,
    0x38, 0x18, 0x83, 0xB7, 0x1E, 0x87, 0x01, 0x9F, 0xDF, 0xF4, 0x92, 0x54, 0x91, 0x75, 0x0F, 0xD1,
    0xA2, 0xB5, 0x7D, 0x60, 0x3D, 0xCD, 0xE1, 0x43, 0xB4, 0xF8, 0xF1, 0xE8, 0x94, 0xD6, 0x72, 0xAB,
    0xF5, 0x4D, 0x3A, 0x93, 0x43, 0xBF, 0xC3, 0x2F, 0x69, 0x46, 0xC9, 0x61, 0x58, 0xEB, 0xBC, 0x1C,
    0xA0, 0x95, 0x81, 0x4D, 0xE0, 0x37, 0x13, 0x84, 0x55, 0x37, 0x6A, 0x0E, 0xC3, 0x5A, 0xE7, 0xE5,
    0x10, 0x75, 0x44, 0x7A, 0x45, 0x34, 0xFD, 0x84, 0x9F, 0x09, 0xFC, 0x0E, 0x16, 0x87, 0x2C, 0x1F,
    0x5B, 0x90, 0x75, 0x74, 0x38, 0x86, 0xF4, 0x93, 0xFE, 0xE2, 0x47, 0xFC, 0xA9, 0x56, 0x57, 0x7A,
    0x49, 0xDD, 0xEA, 0xE9, 0xBF, 0xAD, 0x65, 0xD9, 0x2E, 0x32, 0x57, 0x4C, 0xDA, 0x45, 0x2F, 0x8A,
    0x2E, 0xA2, 0x95, 0xC3, 0x60, 0x03, 0xB7, 0xB9, 0x9E, 0x73, 0x5B, 0xEE, 0xD3, 0x4A, 0xDF, 0xA1,
    0x7B, 0xC9, 0x94, 0x3E, 0x67, 0x56, 0x28, 0xF2, 0xC5, 0x66, 0x31, 0x5C, 0xF1, 0x68, 0xD4, 0x0E,
    0xF9, 0x5F, 0x19, 0xD9, 0x27, 0x6D, 0xA6, 0xD4, 0xAE, 0x17, 0xD2, 0xFC, 0x17, 0x96, 0xB9, 0x61,
    0xF4, 0x9A, 0xB8, 0x1F, 0x0B, 0xE9, 0x87, 0x81, 0x49, 0xC6, 0x4E, 0x6B, 0x2C, 0xC9, 0x82, 0x78,
    0xAC, 0x08, 0x1A, 0x16, 0x49, 0x66, 0x11, 0x0B, 0xA5, 0x05, 0x70, 0x8A, 0x51, 0x62, 0xFD, 0xA6,
    0xF9, 0xFE, 0x2F, 0x2B, 0xA8, 0x97, 0x64, 0xD4, 0xEA, 0x69, 0xA3, 0x9A, 0xA0, 0x51, 0xC6, 0x6F,
    0x95, 0xF1, 0x84, 0x4E, 0x9A, 0x9E, 0x62, 0xBF, 0x44, 0xAC, 0x14, 0x8B, 0x7B, 0xE7, 0x7A, 0xF0,
    0x5E, 0x32, 0x46, 0x8E, 0x49, 0x69, 0x11, 0xFD, 0xBD, 0x81, 0x4F, 0x06, 0x58, 0x5C, 0xEE, 0x78,
    0x0C, 0x9C, 0x53, 0xEE, 0x1A, 0xD8, 0x5D, 0xAB, 0xEB, 0x6F, 0x10, 0xBF, 0xCB, 0x7F, 0x5D, 0xFE,
    0xC9, 0xE7, 0xE0, 0xFD, 0x15, 0xB7, 0x5B, 0x02, 0xEF, 0x90, 0xD4, 0xAC, 0x47, 0x2C, 0xAC, 0x6C,
    0x4F, 0x64, 0xE6, 0x1C, 0xBF, 0x7E, 0xB5, 0xC8, 0x94, 0xFB, 0xB6, 0x72, 0x50, 0xCB, 0xA7, 0x16,
    0x31, 0xB7, 0xD1, 0x1F, 0x2F, 0xB2, 0x82, 0xE3, 0x16, 0x8D, 0x94, 0xD1, 0xFF, 0x80, 0xBB, 0x1E,
    0x17, 0xBD, 0xFF, 0x52, 0x3A, 0xFE, 0x9C, 0x99, 0x33, 0xDC, 0xB6, 0x4C, 0x88, 0x10, 0x52, 0x37,
    0xFC, 0xC2, 0x7E, 0x8C, 0x1C, 0x06, 0xB4, 0xCE, 0xCD, 0xE1, 0xD2, 0xB1, 0xFA, 0x12, 0xEB, 0x2F,
    0x01, 0x2C, 0x4A, 0x19, 0x73, 0x07, 0xD5, 0x4C, 0x76, 0xFE, 0x78, 0x3F, 0x94, 0xC6, 0xC6, 0xF9,
    0xF4, 0x19, 0x12, 0xCA, 0xC1, 0xEB, 0x61, 0x8C, 0xE3, 0x30, 0xA4, 0x75, 0x6E, 0x6E, 0x0B, 0x22,
    0x2B, 0xF0, 0xBB, 0x99, 0xC7, 0x2C, 0x8B, 0x8B, 0x10, 0x30, 0x61, 0x07, 0x60, 0xCA, 0x24, 0xD8,
    0x3E, 0x47, 0xA4, 0x78, 0x03, 0x22, 0x6A, 0x84, 0xFB, 0xD3, 0xFC, 0x91, 0x6C, 0x9F, 0x44, 0x0B,
    0x1F, 0x3F, 0x82, 0xA2, 0x06, 0x01, 0xE3, 0x55, 0x40, 0xB0, 0xDC, 0x7C, 0x23, 0x57, 0x22, 0xA4,
    0x0C, 0xE1, 0x12, 0x41, 0xC3, 0xF9, 0xDA, 0x39, 0xA0, 0x59, 0x53, 0x6D, 0xA7, 0xCB, 0x71, 0x72,
    0x15, 0x5D, 0x47, 0x86, 0x54, 0x01, 0x69, 0x8C, 0xC3, 0xFC, 0xF2, 0xC5, 0x1D, 0xF3, 0x8B, 0x5D,
    0x7E, 0x6F, 0x1B, 0xAF, 0x22, 0xAA, 0x84, 0x7B, 0x4F, 0x5E, 0x64, 0x27, 0xE3, 0xDD, 0xEA, 0x9D,
    0x8E, 0x31, 0x21, 0x32, 0xC2, 0xBD, 0x69, 0x9E, 0x1D, 0x8D, 0x31, 0xA4, 0xC6, 0xAF, 0x7F, 0x88,
    0x68, 0xF9, 0x00, 0x2A, 0xB6, 0x50, 0x41, 0x8B, 0x4D, 0x91, 0xF5, 0xC7, 0xB7, 0x65, 0x72, 0xB8,
    0xF6, 0x59, 0x7F, 0x91, 0xE3, 0xD7, 0x0F, 0x8E, 0x6A, 0x49, 0xB9, 0xBB, 0x6F, 0x9D, 0x89, 0xEF,
    0x68, 0x78, 0x7D, 0x3B, 0x46, 0x1E, 0xE7, 0x6A, 0x0D, 0xE7, 0x30, 0xB0, 0xBE, 0x1D, 0x21, 0x87,
    0xF3, 0xB5, 0x86, 0x73, 0x70, 0x97, 0xB2, 0x1C, 0xEB, 0xBF, 0x35, 0x08, 0xCC, 0xEF, 0xE1, 0x57,
    0x8D, 0xAB, 0x9F, 0x96, 0xA3, 0xE5, 0x72, 0xBE, 0xE6, 0x70, 0x4E, 0x83, 0x6B, 0xF6, 0x11, 0x72,
    0x39, 0x5F, 0x6B, 0x38, 0x87, 0x0B, 0xC5, 0xBA, 0xE7, 0x73, 0xF3, 0x63, 0x4A, 0x00, 0x89, 0xF0,
    0xE9, 0xF6, 0x87, 0x8F, 0x77, 0xF7, 0xBB, 0xFF, 0x85, 0x6F, 0xB3, 0xFF, 0x63, 0x0D, 0x66, 0xF7,
    0x63, 0x0D, 0x04, 0x1D, 0x00, 0xB5, 0x92, 0xDA, 0xA4, 0x04, 0x6C, 0x54, 0x63, 0x57, 0xAE, 0x83,
    0x36, 0x32, 0x6C, 0x94, 0xB9, 0x0A, 0x3A, 0x55, 0xF6, 0x26, 0x0D, 0x67, 0x2A, 0x4B, 0xA3, 0x99,
    0x82, 0x8E, 0xAE, 0x15, 0x12, 0xF5, 0x30, 0x66, 0xF3, 0x20, 0x41, 0x2C, 0x46, 0xA9, 0xF7, 0x52,
    0xA8, 0x1F, 0x8B, 0xF9, 0xA9, 0xBA, 0x82, 0xFA, 0x9D, 0x7A, 0xE8, 0x4C, 0x64, 0xD5, 0x35, 0x9B,
    0x68, 0x86, 0xD0, 0x46, 0x96, 0x4D, 0xD8, 0xB1, 0x76, 0x6F, 0x82, 0xF6, 0x44, 0x18, 0x57, 0x41,
    0x23, 0xE2, 0x2D, 0xEB, 0x72, 0x04, 0x48, 0xC2, 0xE7, 0x0A, 0x71, 0x74, 0x1D, 0x8B, 0x79, 0x9F,
    0x25, 0x1F, 0xB2, 0xF9, 0xE0, 0x01, 0xAB, 0x3D, 0x7B, 0x8F, 0x85, 0x7E, 0x23, 0x6A, 0xFF, 0x62,
    0xB5, 0xD0, 0xAA, 0xE7, 0x08, 0xAC, 0x6A, 0xD9, 0x44, 0x62, 0xC2, 0x06, 0x7E, 0xD7, 0x2F, 0x3E,
    0x6B, 0x77, 0x23, 0xB4, 0x73, 0x77, 0x63, 0x5C, 0x17, 0x0B, 0xCC, 0x0A, 0xC0, 0x6A, 0xF8, 0x4D,
    0x5C, 0xB2, 0xA8, 0x89, 0xAA, 0xB0, 0x56, 0x86, 0xDB, 0x64, 0x5E, 0xAB, 0x01, 0x3B, 0x01, 0x6E,
    0x2C, 0xA0, 0x5B, 0x20, 0x11, 0x3F, 0xD5, 0xE9, 0x9B, 0xE1, 0x80, 0xD6, 0x5A, 0xA7, 0x4D, 0x32,
    0xD1, 0x09, 0x58, 0x25, 0x32, 0x4E, 0x2B, 0xCE, 0xB8, 0x16, 0xB0, 0xA9, 0xD3, 0x2B, 0xAC, 0xF4,
    0x5F, 0xEB, 0x09, 0x15, 0x63, 0x98, 0xD2, 0x5D, 0xA4, 0x1A, 0xDB, 0xB7, 0xDC, 0xD2, 0x37, 0x6C,
    0xB5, 0x11, 0xE4, 0xFF, 0x51, 0xF3, 0x1A, 0x7A, 0xA9, 0x49, 0x64, 0x84, 0xFB, 0xF2, 0xF2, 0x77,
    0xFF, 0x67, 0x05, 0xFE, 0xA6, 0xFD, 0xDE, 0x03, 0xE5, 0x7C, 0xBD, 0xAB, 0x05, 0x42, 0xE7, 0x6A,
    0xB7, 0x2B, 0xCF, 0xB3, 0x8D, 0xAF, 0x21, 0x2D, 0x4D, 0x54, 0x0A, 0xF7, 0xF3, 0x69, 0xC9, 0xCA,
    0x80, 0x67, 0x77, 0x1A, 0x32, 0xD4, 0xF3, 0x83, 0xAA, 0x0C, 0x98, 0xEE, 0xF9, 0x1D, 0xF8, 0xD5,
    0xC8, 0x38, 0x39, 0x24, 0x87, 0x5A, 0x97, 0xCB, 0x63, 0x60, 0x21, 0x3C, 0x46, 0x1E, 0x03, 0x5A,
    0xE7, 0xE7, 0xE0, 0x93, 0x55, 0x64, 0xF5, 0x8B, 0xC7, 0x1A, 0x28, 0xEE, 0xFE, 0xF9, 0x1F, 0xC5,
    0x95, 0x31, 0x88, 0xDC, 0x46, 0x14, 0x86, 0x7F, 0x69, 0xB8, 0x08, 0xA2, 0x62, 0xAA, 0xD4, 0x6A,
    0xDD, 0x4D, 0x0F, 0xF1, 0x8E, 0xFA, 0x26, 0x57, 0x78, 0x49, 0x99, 0x36, 0x5D, 0x7A, 0xB8, 0xDD,
    0x15, 0x49, 0x0F, 0x29, 0xE2, 0xA4, 0x48, 0x0F, 0xE9, 0xEB, 0xBD, 0xD5, 0x80, 0x7B, 0x10, 0x21,
    0xAE, 0x23, 0x48, 0xE2, 0x90, 0x6E, 0xB8, 0xAC, 0xB1, 0x0E, 0xA4, 0x7B, 0xF9, 0x9F, 0x25, 0x0B,
    0x71, 0xB1, 0x97, 0x73, 0x72, 0x87, 0x07, 0xBE, 0x77, 0x62, 0xF4, 0xDE, 0xFF, 0x3F, 0x69, 0x9E,
    0xF6, 0x80, 0xF4, 0x5B, 0xC0, 0xB4, 0x4A, 0x22, 0xBF, 0x35, 0x56, 0x24, 0xB8, 0x17, 0x52, 0x7A,
    0xB8, 0x72, 0x0B, 0x5B, 0x5D, 0xC2, 0x86, 0xFD, 0x1D, 0xD0, 0xBC, 0x2D, 0x61, 0x5D, 0xC5, 0x7A,
    0x58, 0xE9, 0x91, 0x08, 0x65, 0x91, 0x50, 0x3F, 0x8D, 0x4A, 0x22, 0x7F, 0xB6, 0x0B, 0xFD, 0x93,
    0xDA, 0x9B, 0xB7, 0x6A, 0xE1, 0x11, 0x79, 0x3C, 0xF1, 0x29, 0xEB, 0x7B, 0x12, 0x49, 0x78, 0x5F,
    0x36, 0xFF, 0xEA, 0x77, 0x78, 0xE3, 0xB1, 0x7A, 0x03, 0xF3, 0x06, 0xD2, 0xDF, 0x5D, 0xCB, 0xAB,
    0x16, 0xF2, 0xA9, 0x5F, 0x13, 0x5D, 0x85, 0xFE, 0x00, 0xF8, 0x0E, 0xB0, 0x2D, 0xE6, 0xA5, 0xD7,
    0x2E, 0x72, 0x9F, 0xAC, 0x78, 0xEF, 0xA2, 0x07, 0xF6, 0x7B, 0xA0, 0xBF, 0x00, 0xBA, 0x15, 0x92,
    0xE8, 0x91, 0x46, 0xC7, 0xFA, 0xA2, 0x34, 0xAD, 0xAD, 0xB2, 0x60, 0x43, 0x2E, 0x12, 0xAC, 0x48,
    0x63, 0x2B, 0xD3, 0x72, 0x57, 0x33, 0x48, 0x72, 0x5C, 0xB1, 0xE2, 0x92, 0x95, 0xCC, 0x7D, 0xBB,
    0x57, 0xDD, 0xC1, 0x88, 0x94, 0xF6, 0xFA, 0xAB, 0x40, 0x25, 0x3D, 0xE7, 0xA8, 0x24, 0x22, 0xD1,
    0x12, 0xF7, 0xC7, 0xE7, 0xD4, 0x31, 0x0B, 0x2C, 0xF7, 0x6A, 0xDE, 0x7B, 0xC5, 0x9C, 0x67, 0x31,
    0x6F, 0xE8, 0xF4, 0xB2, 0xA7, 0x4E, 0x04, 0x5C, 0x98, 0x65, 0xBD, 0x04, 0x05, 0x9F, 0x7C, 0xC1,
    0x3D, 0x7B, 0x27, 0x98, 0xFB, 0xFC, 0xBC, 0xA6, 0xA7, 0x62, 0xC3, 0x01, 0xE6, 0xAA, 0x03, 0xA4,
    0xA5, 0x58, 0x35, 0xEB, 0xEA, 0x7B, 0xD3, 0xB3, 0xD0, 0xF7, 0xF8, 0x5F, 0x66, 0xE4, 0x5D, 0xBA,
    0xEF, 0x3F, 0x17, 0xBE, 0x5C, 0x9E, 0xE5, 0xD9, 0xFA, 0x89, 0xF6, 0xA5, 0x60, 0xB9, 0xB4, 0xA2,
    0x68, 0x44, 0xD1, 0x6B, 0x70, 0xDD, 0x9B, 0x27, 0x92, 0x4E, 0x8F, 0x4A, 0x4D, 0x00, 0xF7, 0xF0,
    0x9E, 0xA7, 0xDE, 0xDF, 0x43, 0x7A, 0x66, 0x51, 0x1F, 0x55, 0x85, 0x88, 0xFF, 0xB0, 0xCF, 0xA9,
    0xF7, 0xF2, 0x79, 0xFE, 0x8A, 0x6A, 0xAB, 0x3A, 0xC8, 0xC3, 0x1E, 0xC0, 0xCC, 0xD9, 0xBA, 0xDC,
    0x5B, 0x09, 0xAF, 0x41, 0x3E, 0x73, 0xFB, 0x37, 0x50, 0x75, 0x54, 0xAF, 0xE0, 0x9D, 0xEC, 0xEA,
    0x08, 0x48, 0x03, 0xB6, 0x31, 0x7B, 0xA5, 0xF2, 0x59, 0xB0, 0xF2, 0x6B, 0xF0, 0x2F, 0x44, 0xFB,
    0x7B, 0xDD, 0xEB, 0xAD, 0x79, 0x9F, 0x9F, 0x41, 0xEF, 0x6B, 0x9E, 0xE6, 0x6B, 0x1D, 0x60, 0x47,
    0xE8, 0x95, 0xAC, 0x6B, 0x64, 0x32, 0x90, 0x76, 0xFA, 0x7E, 0xFA, 0xF9, 0xFB, 0xD1, 0x7E, 0xFE,
    0xDF, 0x6F, 0x78, 0x04, 0x32, 0xB5, 0x02, 0xE0, 0x94, 0x5F, 0x00, 0x3B, 0x70, 0x6F, 0x38, 0xE1,
    0x75, 0x47, 0xDD, 0x9C, 0xBA, 0x05, 0x00, 0xAF, 0x7C, 0xC7, 0xEB, 0x9E, 0xBA, 0xE4, 0xF6, 0xDC,
    0x3F, 0xE0, 0xD9, 0x8C, 0x5E, 0xED, 0xE8, 0xE5, 0xF1, 0xA0, 0x67, 0x03, 0xF6, 0x8C, 0xC9, 0xA5,
    0x27, 0x69, 0xC4, 0x72, 0x79, 0x91, 0x0A, 0x3B, 0x0D, 0x97, 0x87, 0x35, 0xB0, 0xDF, 0x68, 0x9A,
    0x86, 0x8E, 0x21, 0x39, 0x32, 0xA4, 0x91, 0xC1, 0x8C, 0x61, 0x27, 0x6C, 0x9B, 0x21, 0x6B, 0xB6,
    0x6B, 0xE4, 0xEC, 0x03, 0x96, 0x36, 0x53, 0x78, 0x7E, 0xA9, 0x5E, 0xDC, 0x73, 0x25, 0x83, 0x07,
    0x53, 0x3C, 0xA5, 0xAB, 0x95, 0x86, 0xD3, 0x6D, 0xA4, 0x43, 0x7E, 0xA4, 0x4A, 0x7D, 0x03, 0xF7,
    0xC3, 0xB0, 0x83, 0x4B, 0x63, 0x51, 0x32, 0xC5, 0x56, 0xD0, 0x90, 0x0A, 0xFB, 0xB3, 0x1A, 0xDC,
    0xF7, 0x2F, 0x29, 0xAA, 0xB5, 0xAB, 0x29, 0x9C, 0xC1, 0x6B, 0xB2, 0xFB, 0x91, 0x65, 0x56, 0x76,
    0x37, 0x30, 0x2A, 0x05, 0x6C, 0x47, 0x1F, 0x33, 0x1D, 0xF8, 0xB8, 0x1E, 0x61, 0xD7, 0xED, 0x8D,
    0xC8, 0x31, 0xBF, 0xAE, 0xA3, 0x0D, 0x79, 0x5B, 0x54, 0x36, 0xBA, 0xB2, 0x88, 0x0E, 0x9E, 0xD4,
    0xE4, 0x55, 0x74, 0xE6, 0xEF, 0xE8, 0xB2, 0x67, 0xD1, 0xD9, 0x6F, 0xA2, 0x73, 0x26, 0xBA, 0x0D,
    0xE9, 0x49, 0x34, 0xB1, 0x68, 0x4D, 0xD4, 0x3A, 0x7B, 0x5D, 0x07, 0x27, 0x82, 0xC7, 0xBB, 0x4E,
    0x5D, 0xDE, 0xE5, 0xB7, 0xC7, 0xEE, 0xFA, 0x48, 0xBF, 0x48, 0xBF, 0x60, 0x43, 0xD1, 0x14, 0xA5,
    0xFA, 0x48, 0x74, 0xE9, 0x15, 0x7D, 0x7E, 0xA6, 0xC7, 0xD7, 0xF4, 0x48, 0xA3, 0xBB, 0xA0, 0xF6,
    0x91, 0xDA, 0xED, 0xAC, 0x8D, 0x0D, 0xB5, 0x7F, 0x9A, 0x07, 0x70, 0x1E, 0xF8, 0x92, 0x87, 0xCF,
    0x97, 0xFC, 0x31, 0xFF, 0x02, 0x9E, 0xB8, 0xDF, 0xC1, 0xFB, 0x0D, 0xF3, 0x06, 0xE0, 0x23, 0xD1,
    0x9D, 0x69, 0x10, 0xB2, 0xA6, 0x57, 0xD8, 0xD0, 0x01, 0x05, 0x87, 0xA5, 0x2E, 0xAD, 0xDC, 0x40,
    0xF5, 0x96, 0x6B, 0x1C, 0xC2, 0x12, 0x38, 0x8C, 0x8F, 0x90, 0xCA, 0x11, 0x05, 0xF3, 0xFC, 0xD3,
    0xBA, 0xDC, 0x8E, 0x07, 0x8A, 0x15, 0xF1, 0x7F, 0x61, 0xFC, 0x88, 0x6A, 0x51, 0x8F, 0x4A, 0x0B,
    0xBF, 0x24, 0x07, 0xC2, 0xDC, 0x4A, 0x7B, 0xCE, 0xA4, 0x3B, 0xA9, 0x5D, 0x8B, 0xF4, 0x0A, 0xFF,
    0x29, 0x3F, 0x61, 0x5B, 0xB8, 0x0F, 0x96, 0x6B, 0xFC, 0x80, 0x9B, 0xB1, 0x3D, 0x3F, 0x36, 0xBE,
    0x44, 0x44, 0xA2, 0xB2, 0xAE, 0xD7, 0xE7, 0xF3, 0xFE, 0x29, 0xBC, 0xF2, 0xF4, 0x1C, 0x85, 0x44,
    0x18, 0x82, 0xE5, 0xDA, 0x2D, 0xCE, 0xBC, 0xC5, 0x3F, 0x75, 0x8D, 0x21, 0x6C, 0xEB, 0x30, 0x18,
    0x84, 0xBF, 0xC4, 0x4F, 0xCF, 0xC0, 0xC0, 0xA8, 0xB4, 0xE1, 0x93, 0x5A, 0xD3, 0x81, 0xB6, 0x36,
    0x47, 0x23, 0xE5, 0x64, 0x78, 0xB8, 0xA0, 0x6D, 0x22, 0x8D, 0x6B, 0x9C, 0x73, 0x36, 0xDA, 0xD5,
    0xD2, 0xB8, 0x14, 0x8E, 0xCC, 0xD1, 0x0F, 0x02, 0x02, 0xB2, 0x79, 0x4E, 0xC0, 0xD8, 0xCE, 0x9F,
    0xAC, 0x5F, 0xBA, 0xD3, 0xDD, 0x15, 0xD7, 0x99, 0x5E, 0x89, 0x12, 0x1B, 0x5D, 0xB8, 0x52, 0x4F,
    0x98, 0x8C, 0x7B, 0x8B, 0x1F, 0x4A, 0x4C, 0x27, 0x5E, 0xE4, 0x7C, 0x97, 0x93, 0x8B, 0xAB, 0xE3,
    0x53, 0x9B, 0xA5, 0x70, 0xAE, 0xE4, 0xA0, 0xC4, 0xE5, 0xA8, 0xBF, 0x39, 0x90, 0x43, 0x0E, 0x2D,
    0x17, 0x25, 0x59, 0x0F, 0x85, 0x72, 0xAC, 0x68, 0x53, 0x2B, 0x95, 0xD4, 0xA2, 0xFB, 0xFF, 0x41,
    0x27, 0x37, 0xED, 0xB7, 0x8F, 0x76, 0xB7, 0x76, 0x5F, 0x66, 0xA8, 0x86, 0xAB, 0x4E, 0x93, 0xFD,
    0x14, 0x6F, 0xE6, 0xFE, 0xB2, 0x62, 0xF2, 0xBC, 0xE8, 0x6D, 0xB4, 0xAF, 0x25, 0x3F, 0xD6, 0x72,
    0xE1, 0x99, 0x41, 0x89, 0x4E, 0xB6, 0x77, 0xD1, 0x77, 0x36, 0x94, 0x47, 0x66, 0xFA, 0xDD, 0x32,
    0xE3, 0xFE, 0xA5, 0xF4, 0x6D, 0x9B, 0x11, 0x4C, 0x6A, 0xA2, 0xE7, 0xC6, 0x3F, 0x36, 0xF8, 0xAE,
    0x96, 0x6A, 0xBC, 0x0F, 0xF7, 0x5E, 0xC7, 0xA6, 0xA4, 0x3D, 0x7E, 0x34, 0xD3, 0xEA, 0x58, 0xD4,
    0xE6, 0xA2, 0xE5, 0x03, 0x1E, 0x80, 0x1B, 0x30, 0x82, 0x12, 0x30, 0x11, 0x9A, 0x00, 0x07, 0x60,
    0x82, 0x5A, 0x40, 0x27, 0xB0, 0x11, 0xFC, 0xDF, 0x49, 0x58, 0xC3, 0x6E, 0xE1, 0x1D, 0x84, 0x2A,
    0xA1, 0xE2, 0x8C, 0x09, 0x58, 0xD8, 0x2E, 0xCE, 0x09, 0x64, 0xA6, 0xEE, 0x67, 0x47, 0x77, 0x58,
    0x66, 0x36, 0x8B, 0xF9, 0x03, 0xBD, 0x99, 0x3F, 0x90, 0xE3, 0x48, 0x15, 0xC6, 0x3F, 0x5B, 0x75,
    0xA7, 0xAA, 0x53, 0xA0, 0xE4, 0x06, 0xAA, 0x20, 0x50, 0x9E, 0xA0, 0xBC, 0xEA, 0xD6, 0xAD, 0xE2,
    0xF2, 0x62, 0x83, 0xF5, 0x6E, 0xB0, 0xC1, 0x24, 0x04, 0x64, 0x9B, 0x57, 0x59, 0xB2, 0x20, 0x21,
    0x20, 0x80, 0xE4, 0xF2, 0x88, 0x3C, 0x84, 0x2A, 0x34, 0x56, 0x73, 0x17, 0x10, 0x9E, 0x08, 0xB6,
    0x08, 0xD1, 0x01, 0xBB, 0x55, 0x14, 0xC1, 0x8A, 0x5D, 0x2F, 0xA7, 0xE1, 0xDA, 0xD3, 0x7C, 0xAF,
    0xA5, 0xF1, 0xC8, 0xB3, 0x96, 0xBD, 0x77, 0x33, 0x46, 0xE3, 0xDF, 0x1B, 0x75, 0xEB, 0xF5, 0x53,
    0x4B, 0xEE, 0x3F, 0x9F, 0xBB, 0x03, 0x3D, 0x43, 0x58, 0x97, 0x0E, 0x39, 0xBF, 0x3E, 0x94, 0xB5,
    0xDA, 0x31, 0x9F, 0x27, 0x92, 0xBB, 0x0F, 0x5E, 0x77, 0xD0, 0x07, 0xA3, 0x3E, 0x2C, 0x7F, 0x1D,
    0xCB, 0xDA, 0x0A, 0xC2, 0x93, 0xB7, 0x09, 0xBC, 0x06, 0x03, 0x3E, 0x20, 0x65, 0xED, 0xBD, 0xB1,
    0xAD, 0x67, 0xFF, 0x6C, 0xBC, 0x2B, 0xAC, 0x3C, 0x83, 0x8C, 0xD7, 0x66, 0xC7, 0x00, 0x90, 0x11,
    0x03, 0x3C, 0x35, 0x98, 0xDA, 0x86, 0xE4, 0x2E, 0x68, 0x50, 0x01, 0x51, 0x0E, 0x28, 0x6C, 0x8F,
    0x25, 0xEB, 0x20, 0x64, 0xAC, 0x93, 0x14, 0xBA, 0x0F, 0x26, 0xB6, 0x46, 0x60, 0x37, 0x88, 0x5F,
    0x94, 0x89, 0x42, 0x24, 0x6F, 0x53, 0xA7, 0x08, 0x08, 0x20, 0x64, 0xF3, 0x87, 0xBC, 0x6F, 0x23,
    0x48, 0x7A, 0x17, 0xFA, 0x65, 0xF4, 0x97, 0x72, 0x2C, 0x2F, 0x71, 0x24, 0x5E, 0x1F, 0xD3, 0x20,
    0x7E, 0x69, 0xA1, 0x10, 0x27, 0x29, 0xC2, 0x3C, 0xC5, 0x47, 0x89, 0x94, 0x51, 0x24, 0xFE, 0x07,
    0x78, 0xBD, 0xC2, 0x84, 0xFE, 0xF8, 0xD0, 0x4A, 0x8E, 0x06, 0x42, 0xE2, 0x57, 0x46, 0x60, 0xDC,
    0x15, 0x63, 0xAA, 0x97, 0x65, 0x12, 0xDA, 0x2B, 0x17, 0xCF, 0xDA, 0x0D, 0x3F, 0xF3, 0xCD, 0x23,
    0x18, 0xBC, 0xFF, 0x87, 0xFE, 0x5D, 0x41, 0x35, 0x59, 0x2F, 0x3F, 0x35, 0xFC, 0xF0, 0x04, 0x72,
    0xDC, 0x35, 0xA0, 0xD4, 0xF5, 0xBB, 0xF0, 0x31, 0x31, 0xE4, 0x02, 0x41, 0xFF, 0xDE, 0x6E, 0x9E,
    0xD1, 0xE3, 0xFF, 0xDE, 0xBC, 0xCD, 0x68, 0xEA, 0xD9, 0xA8, 0x79, 0x48, 0xA3, 0xAC, 0x33, 0x9A,
    0xC9, 0xA0, 0xA6, 0xF1, 0x1A, 0x9A, 0xE9, 0xD0, 0x54, 0xCC, 0xF3, 0xC5, 0xF0, 0x7B, 0x3D, 0xAF,
    0x55, 0x4E, 0xE7, 0x19, 0xD4, 0x15, 0x0A, 0xAF, 0x3E, 0x4A, 0x69, 0x6D, 0x43, 0x0C, 0xCF, 0x33,
    0xA2, 0x48, 0x7C, 0x0B, 0xE6, 0x7D, 0xB5, 0x2A, 0x3C, 0x6B, 0x48, 0x7D, 0x92, 0xCE, 0x31, 0x69,
    0x25, 0x40, 0xD7, 0x36, 0x62, 0x6C, 0x8F, 0x94, 0x99, 0xA9, 0x6B, 0xA8, 0x11, 0x51, 0x4C, 0x67,
    0xC4, 0x20, 0xA5, 0x7F, 0x4A, 0xFF, 0xD4, 0xAF, 0xB1, 0xB4, 0xDA, 0x91, 0x9D, 0xD7, 0x5D, 0xDE,
    0xB4, 0x15, 0x1F, 0xB2, 0x22, 0x8A, 0xC4, 0x79, 0x17, 0x23, 0xA8, 0x25, 0x9E, 0x57, 0x85, 0x89,
    0xD7, 0xC4, 0x80, 0xBC, 0xFF, 0x78, 0x8D, 0xEB, 0x23, 0x03, 0x8C, 0xC2, 0xB4, 0x8D, 0x79, 0x35,
    0xCC, 0x89, 0xF6, 0x2B, 0xBF, 0x0A, 0xB5, 0xA4, 0xA6, 0x4D, 0x94, 0xA0, 0x55, 0xF4, 0x98, 0x01,
    0x8B, 0x05, 0x30, 0x2B, 0x58, 0xB6, 0x05, 0xC2, 0xA6, 0x23, 0xA8, 0xA4, 0xEE, 0x24, 0x67, 0x7E,
    0x02, 0xA8, 0x2E, 0xA0, 0xDC, 0xF7, 0x3E, 0xC8, 0xE6, 0xE7, 0x32, 0x20, 0x38, 0x10, 0x03, 0x5B,
    0x7E, 0x40, 0xC2, 0x9A, 0xE7, 0x0D, 0xA0, 0xC8, 0xAC, 0x05, 0x16, 0x06, 0x28, 0x0A, 0xC0, 0x2C,
    0x80, 0x96, 0xAF, 0xB6, 0xE1, 0x53, 0xF1, 0x79, 0x3D, 0x3E, 0x83, 0x57, 0x87, 0xB9, 0xAF, 0x43,
    0x1D, 0x30, 0x4E, 0x68, 0x6D, 0xC5, 0xE7, 0xAC, 0x99, 0x2B, 0x1E, 0x64, 0xB2, 0x9E, 0xB1, 0xC4,
    0x05, 0x60, 0x78, 0x9F, 0x5C, 0xE0, 0x00, 0xB4, 0x67, 0x30, 0x90, 0xC1, 0x42, 0x06, 0xA9, 0x96,
    0x58, 0xA6, 0x97, 0xD7, 0xEF, 0xB7, 0x4A, 0xE1, 0x93, 0x80, 0x48, 0x3A, 0x62, 0xBD, 0xCB, 0x64,
    0x69, 0xAF, 0xE8, 0x57, 0xF7, 0x6C, 0x90, 0x3D, 0xB6, 0x83, 0xEF, 0xE4, 0x9A, 0x88, 0xE9, 0xB2,
    0x8B, 0x49, 0x58, 0x0E, 0xCC, 0x93, 0x98, 0xC4, 0xDF, 0x89, 0x9B, 0x3D, 0x2E, 0xF3, 0x2E, 0xE6,
    0xFA, 0x44, 0x03, 0xA5, 0x35, 0xBD, 0xB9, 0x9C, 0xD3, 0xAC, 0x71, 0xC8, 0x34, 0x34, 0xD3, 0x31,
    0xE3, 0x39, 0x53, 0xD3, 0x04, 0x15, 0x4D, 0xF4, 0x7C, 0xBE, 0xE1, 0xEB, 0x90, 0x3A, 0x8B, 0x59,
    0x00, 0xE1, 0xAE, 0x09, 0xF2, 0x53, 0xCC, 0x66, 0xE9, 0x94, 0x6D, 0x59, 0xB1, 0x09, 0xE7, 0x34,
    0x0A, 0xD1, 0x2F, 0x68, 0xC2, 0xCF, 0x9B, 0x14, 0xC1, 0xE7, 0x8D, 0x81, 0xFF, 0xB7, 0xA6, 0x85,
    0xF7, 0xFA, 0xDF, 0x6B, 0x4C, 0x5F, 0xBF, 0x69, 0x00, 0x6B, 0xEB, 0xCE, 0x4C, 0xFF, 0xF3, 0x75,
    0xC3, 0x0B, 0xAF, 0x69, 0xC4, 0x45, 0x9C, 0xA5, 0xD8, 0x85, 0x04, 0x98, 0x21, 0x96, 0x50, 0x12,
    0x34, 0x71, 0xE1, 0x8D, 0x18, 0x2C, 0x19, 0xC9, 0x5A, 0x84, 0x97, 0xA5, 0x8E, 0xF3, 0xA0, 0x56,
    0xF0, 0x9A, 0x19, 0x81, 0xBC, 0x03, 0x04, 0x1A, 0x67, 0x65, 0x0E, 0xB5, 0x91, 0x27, 0x48, 0x80,
    0xB8, 0x82, 0xBB, 0x36, 0x5D, 0x03, 0x93, 0xB6, 0x20, 0x19, 0xCF, 0x55, 0xE2, 0x37, 0xD1, 0xDB,
    0xB2, 0xF2, 0x2D, 0x7D, 0xCA, 0x16, 0x05, 0x94, 0x2E, 0xB0, 0x24, 0x25, 0xB1, 0xBA, 0x98, 0x10,
    0xEF, 0x1B, 0xF2, 0x57, 0x5D, 0x04, 0x5F, 0xEA, 0x22, 0xFC, 0x35, 0xF9, 0x89, 0x2E, 0xE2, 0x50,
    0x17, 0x33, 0xF2, 0x09, 0x29, 0x48, 0x1B, 0xEA, 0x0B, 0xD6, 0x69, 0x45, 0xCA, 0x8A, 0xE8, 0x9E,
    0x24, 0xD4, 0x61, 0xF2, 0x00, 0xF4, 0x60, 0x5D, 0x5B, 0xA0, 0xAC, 0xD0, 0x1F, 0x27, 0xB9, 0xD7,
    0x29, 0x46, 0x30, 0x69, 0x9C, 0x82, 0xB4, 0x4F, 0x69, 0x85, 0xB7, 0x99, 0x0E, 0x69, 0xDE, 0xC5,
    0xEB, 0x89, 0x2A, 0x98, 0x52, 0xC3, 0xAC, 0x00, 0x63, 0xA1, 0x2A, 0x9B, 0x13, 0xBD, 0xAC, 0xBE,
    0xD1, 0x5F, 0x57, 0xDF, 0x54, 0x6F, 0xAA, 0xFF, 0x7E, 0xF5, 0xA6, 0x6A, 0x5F, 0xFF, 0xBD, 0x6A,
    0xDF, 0x7C, 0x51, 0xB5, 0x7F, 0x20, 0xEA, 0x97, 0xC4, 0xAF, 0xDA, 0x1F, 0x11, 0x1C, 0xE7, 0x7D,
    0x46, 0xB6, 0x9B, 0x1E, 0x7C, 0x2E, 0xE9, 0xA3, 0xC8, 0xF4, 0x19, 0xDE, 0x48, 0x8E, 0x5C, 0x64,
    0xC9, 0x05, 0x29, 0x8E, 0xE3, 0xFC, 0x32, 0x22, 0xE5, 0xA4, 0xBC, 0xC4, 0x91, 0x78, 0x23, 0x75,
    0xB8, 0x13, 0xFD, 0xE8, 0x28, 0x23, 0x99, 0xA4, 0xDD, 0xF7, 0xB6, 0x4B, 0xC0, 0xBC, 0x58, 0xEE,
    0xCB, 0x21, 0xC1, 0xD0, 0x2F, 0x41, 0x0A, 0x8C, 0x73, 0x5C, 0xC2, 0x0D, 0x39, 0x26, 0xE1, 0x92,
    0x6B, 0x09, 0x27, 0x33, 0xBF, 0x70, 0x76, 0xFE, 0xFC, 0x11, 0x5D, 0x70, 0x0F, 0x9C, 0x64, 0x26,
    0xC5, 0x87, 0x79, 0x17, 0x3F, 0xAC, 0x30, 0xB5, 0x96, 0x52, 0xCA, 0xD6, 0xEA, 0x57, 0x7F, 0x5A,
    0x67, 0x81, 0x36, 0x45, 0xA0, 0x0B, 0x73, 0x80, 0xA2, 0xC3, 0xA8, 0xE0, 0x8F, 0x6D, 0xFC, 0xEA,
    0x55, 0xC3, 0xB2, 0xD5, 0xC4, 0x5E, 0x6D, 0xEB, 0x2B, 0xB1, 0x97, 0x98, 0x18, 0x95, 0xB8, 0xBA,
    0xD6, 0x81, 0xAB, 0x6B, 0x94, 0x4F, 0xD7, 0x52, 0xCF, 0x0B, 0x20, 0x33, 0xDD, 0xEC, 0x1A, 0xD5,
    0x72, 0xFF, 0x7E, 0xB6, 0x6D, 0x81, 0x82, 0xF9, 0x26, 0x83, 0xCC, 0x9F, 0x7E, 0x1D, 0xE9, 0x50,
    0x87, 0x55, 0x9C, 0x4B, 0x6A, 0xEA, 0x66, 0xD1, 0x94, 0x0F, 0x70, 0x1F, 0x64, 0xF3, 0x67, 0xBF,
    0x61, 0x3B, 0x69, 0x05, 0x00, 0x43, 0xD6, 0x06, 0xA1, 0x7E, 0x1F, 0x96, 0x49, 0xE8, 0x26, 0x83,
    0x80, 0xE0, 0xEC, 0x5C, 0x5E, 0xE4, 0x28, 0xA9, 0xAF, 0xCD, 0x7D, 0x90, 0x3D, 0x7D, 0x2E, 0x4A,
    0xC2, 0xB1, 0x08, 0xF2, 0x16, 0x27, 0x31, 0xE9, 0xD3, 0xE7, 0x97, 0x90, 0x09, 0x35, 0x71, 0x06,
    0x40, 0x78, 0xDB, 0x50, 0x09, 0x03, 0xCE, 0x9C, 0x65, 0x34, 0x98, 0x8D, 0x19, 0xF5, 0x48, 0x8C,
    0x6D, 0xC4, 0x6C, 0x24, 0xAF, 0x14, 0x13, 0xE7, 0x34, 0xA1, 0x7E, 0xD7, 0xA8, 0x1C, 0xEA, 0xB1,
    0x15, 0x67, 0x23, 0xA6, 0xC6, 0x02, 0x30, 0x87, 0xC8, 0x12, 0x98, 0xE5, 0x15, 0xB1, 0xDA, 0x2C,
    0xC2, 0xDA, 0x2C, 0xBC, 0xC6, 0x2C, 0x26, 0x03, 0xA6, 0x84, 0x79, 0xD9, 0xB3, 0xDA, 0xF9, 0x2C,
    0x37, 0x30, 0xC7, 0x7A, 0xB6, 0x8C, 0x1C, 0x1C, 0x41, 0x88, 0x95, 0xD6, 0xB2, 0x9D, 0x25, 0x76,
    0x09, 0x6B, 0x19, 0x89, 0xE8, 0xE3, 0xF4, 0xD5, 0xB4, 0x1F, 0x45, 0xD5, 0x4B, 0xA6, 0xA1, 0x92,
    0x02, 0x61, 0x4E, 0x34, 0xAE, 0xE1, 0x48, 0xC8, 0x19, 0x46, 0x90, 0xF4, 0x0E, 0x86, 0x88, 0xBF,
    0x94, 0x53, 0xFD, 0x28, 0x2A, 0xF1, 0x16, 0x28, 0xF5, 0xC2, 0xB3, 0xEB, 0x45, 0xF0, 0x92, 0xCF,
    0x96, 0xA7, 0x8B, 0x10, 0xB3, 0x21, 0xD9, 0x39, 0x66, 0x4B, 0x2B, 0x48, 0x7A, 0x0C, 0x96, 0x93,
    0xF2, 0x12, 0x87, 0xF1, 0x50, 0xDA, 0x86, 0x4A, 0xA0, 0x09, 0xDF, 0x3E, 0x69, 0xBA, 0x9E, 0xD5,
    0x31, 0x23, 0x4A, 0x48, 0xD8, 0x4F, 0x6B, 0xAF, 0x09, 0xE8, 0x33, 0x21, 0x58, 0x3E, 0x71, 0x73,
    0xDB, 0x84, 0xC8, 0x9F, 0x4F, 0xC2, 0x8A, 0xE8, 0xCE, 0x57, 0xCA, 0xA0, 0x74, 0x2A, 0x25, 0x09,
    0x2F, 0x9F, 0x69, 0xAA, 0xE1, 0x1A, 0x92, 0x47, 0xA4, 0x7C, 0x48, 0xE2, 0x17, 0x4F, 0xC4, 0x6F,
    0x40, 0xC8, 0xBC, 0x92, 0xD7, 0xBE, 0xA6, 0xCF, 0x17, 0xF4, 0xFD, 0x00, 0xAC, 0x57, 0xA7, 0x74,
    0xAE, 0x7E, 0x0B, 0x95, 0x77, 0x8D, 0x67, 0x41, 0x8A, 0x65, 0x8D, 0x95, 0xDD, 0xA0, 0x7C, 0x61,
    0x51, 0x22, 0xCE, 0x57, 0x32, 0xEB, 0x1C, 0x9A, 0x85, 0xE8, 0x17, 0xF4, 0xB3, 0xD0, 0x60, 0xC6,
    0x18, 0x6A, 0x63, 0x6A, 0xF0, 0xD5, 0xF6, 0x5A, 0xFF, 0xFD, 0xF6, 0x84, 0x7A, 0xF8, 0x9D, 0x2A,
    0xEA, 0x75, 0x61, 0x44, 0x16, 0x1E, 0x85, 0xCF, 0xBF, 0xEE, 0xCD, 0xE5, 0x63, 0x9A, 0xF5, 0x64,
    0xC7, 0x34, 0xD7, 0x66, 0xBA, 0x35, 0xDE, 0xD6, 0xF8, 0x35, 0x4D, 0xF4, 0xFC, 0x71, 0xD7, 0x11,
    0x73, 0x67, 0x44, 0xD4, 0x0E, 0xCC, 0x27, 0x22, 0x6F, 0xB7, 0x33, 0xD8, 0xCB, 0x12, 0x0A, 0x11,
    0xAF, 0xC8, 0x3B, 0x09, 0x74, 0x69, 0xAD, 0xE3, 0x82, 0xB2, 0xB5, 0x00, 0x20, 0xA4, 0xF8, 0x30,
    0x11, 0x9F, 0xE1, 0x82, 0xC3, 0x03, 0xCA, 0x4C, 0x51, 0xB1, 0x31, 0xA2, 0x1F, 0x0F, 0x55, 0x2C,
    0x25, 0x2A, 0x05, 0x2C, 0x15, 0x6B, 0x2F, 0x60, 0xF9, 0x18, 0xB7, 0xB4, 0x6B, 0x81, 0x70, 0x8F,
    0x6C, 0xF5, 0xF9, 0xB4, 0xB1, 0xBC, 0xBF, 0xCF, 0xCA, 0x9C, 0xC2, 0xB6, 0x6F, 0xE3, 0x51, 0x8E,
    0x79, 0xC9, 0x18, 0x2D, 0xB1, 0x00, 0x94, 0xCB, 0xFF, 0x29, 0x02, 0xD7, 0xF6, 0xCB, 0xCF, 0x4A,
    0x19, 0x49, 0xE1, 0xF3, 0xFA, 0x82, 0xD7, 0x16, 0x58, 0x12, 0xCA, 0xF9, 0x09, 0xF1, 0x5E, 0xE9,
    0x85, 0xFF, 0xA5, 0x5E, 0x84, 0x24, 0xA2, 0xA6, 0x57, 0x64, 0x41, 0x4C, 0xA8, 0x53, 0xDE, 0x6F,
    0x29, 0xE8, 0x1E, 0x8C, 0x2B, 0xD1, 0xBB, 0xC6, 0x9D, 0xC1, 0x6F, 0x66, 0xEE, 0x7F, 0x9C, 0xCF,
    0xB0, 0xC4, 0x0C, 0x06, 0xB3, 0x69, 0x0B, 0xC5, 0xEE, 0xA1, 0xAC, 0x26, 0x75, 0xF7, 0xC3, 0x7B,
    0xC2, 0x7C, 0xAC, 0x88, 0x22, 0x4E, 0x51, 0xD4, 0xB3, 0x43, 0x0A, 0x73, 0x44, 0x59, 0x7A, 0x24,
    0xAA, 0x61, 0x96, 0x1A, 0x26, 0x73, 0x6A, 0x32, 0xAE, 0x3A, 0x45, 0x29, 0x6A, 0xF2, 0x77, 0x4E,
    0x4D, 0x5E, 0x5E, 0x2B, 0xC9, 0x92, 0xA8, 0x4F, 0xAB, 0x36, 0xF6, 0xAA, 0x16, 0x82, 0xFF, 0x0E,
    0xEF, 0xF3, 0x3B, 0xF8, 0xB8, 0x4A, 0xDC, 0x6C, 0x55, 0xE2, 0x21, 0x85, 0x98, 0x9E, 0x42, 0x11,
    0xC6, 0x6B, 0xA4, 0xF2, 0x1B, 0xD5, 0x8D, 0xAF, 0x51, 0x9E, 0x1D, 0xF0, 0xCD, 0x88, 0xF8, 0x88,
    0x6F, 0xCA, 0x3A, 0x4B, 0xD9, 0x71, 0xF5, 0x77, 0xB5, 0x55, 0x7F, 0x52, 0xAE, 0xC0, 0xC4, 0xF5,
    0x97, 0x21, 0x17, 0xCC, 0xDB, 0x55, 0x7A, 0x57, 0x77, 0x56, 0x7A, 0x03, 0x55, 0xB7, 0x76, 0xAA,
    0x4E, 0x7B, 0x75, 0xA8, 0x03, 0xED, 0xD3, 0xCA, 0xBA, 0x02, 0x73, 0x45, 0xD1, 0x91, 0xB4, 0x57,
    0x4B, 0x6D, 0xA7, 0x92, 0x42, 0x61, 0x44, 0xD1, 0x19, 0xEC, 0xBD, 0x8F, 0x28, 0x33, 0x51, 0x29,
    0xF1, 0xBF, 0x5E, 0x35, 0xA2, 0xD8, 0x8A, 0x5E, 0xE1, 0x8D, 0x60, 0xC4, 0x47, 0x7C, 0xA5, 0xCC,
    0x50, 0xD5, 0x0D, 0xE1, 0xD8, 0xBF, 0x8E, 0x74, 0x50, 0x07, 0x75, 0x37, 0x13, 0xB8, 0x56, 0x7A,
    0x21, 0xF5, 0x5C, 0x0F, 0xD6, 0x4F, 0x5A, 0xC0, 0x6C, 0x30, 0x6D, 0x65, 0xD4, 0x8F, 0xF3, 0x6B,
    0x35, 0xB7, 0x64, 0x4E, 0x8A, 0x28, 0xF9, 0xB6, 0x1C, 0x50, 0x6D, 0xBF, 0x37, 0x08, 0xF3, 0x31,
    0xA8, 0xD4, 0xDC, 0x38, 0x1E, 0x10, 0xCE, 0xC3, 0x39, 0x10, 0xBE, 0xC3, 0x77, 0x52, 0x64, 0x81,
    0x1E, 0xAA, 0xB1, 0x35, 0xEE, 0x62, 0xD2, 0xE0, 0xE7, 0xED, 0x11, 0xD1, 0x45, 0x9D, 0x03, 0x38,
    0x73, 0xB6, 0xA2, 0x41, 0xB6, 0x63, 0x58, 0xB8, 0x16, 0x63, 0x20, 0x0B, 0x42, 0x34, 0x88, 0x13,
    0x9A, 0x28, 0xEF, 0x8D, 0x24, 0xE5, 0x82, 0xB8, 0xD0, 0x8C, 0x6B, 0xAB, 0xAD, 0x9E, 0x4A, 0x7F,
    0xD8, 0xEB, 0x27, 0xAC, 0x3B, 0x78, 0x9E, 0x06, 0x8D, 0xBB, 0x26, 0x3E, 0x06, 0xC0, 0x3E, 0x38,
    0xE3, 0x91, 0x2B, 0x6C, 0xB8, 0xAE, 0x74, 0x5B, 0x35, 0x33, 0x2F, 0x91, 0x6B, 0xF4, 0x19, 0x6A,
    0x26, 0xA9, 0x9E, 0xD3, 0x4B, 0x1F, 0x13, 0xA7, 0xA6, 0x95, 0xED, 0xE8, 0xF3, 0x0A, 0xB2, 0xA4,
    0xCF, 0x2D, 0x7D, 0x94, 0x53, 0xD7, 0x34, 0xBD, 0x3E, 0x2A, 0x16, 0x61, 0x92, 0x92, 0x07, 0xD9,
    0x79, 0xF2, 0x60, 0x69, 0x3B, 0x24, 0xDD, 0x93, 0x8A, 0x8F, 0xF8, 0x4A, 0x19, 0x29, 0xBB, 0xD5,
    0x42, 0xD4, 0x27, 0x71, 0xAF, 0x65, 0x04, 0x39, 0x97, 0xBC, 0xAD, 0x06, 0x5A, 0xF5, 0xFA, 0x67,
    0x4D, 0x5D, 0x54, 0xB3, 0x77, 0xF6, 0xDA, 0xC7, 0xAD, 0x41, 0x54, 0xD6, 0x21, 0xE7, 0xC3, 0xE3,
    0xAE, 0xF3, 0xB2, 0x5F, 0xC1, 0x21, 0xB7, 0x17, 0x9E, 0xBE, 0x78, 0x78, 0xB3, 0x0C, 0xFE, 0x17,
    0x9B, 0xFB, 0xAF, 0x6C, 0xED, 0x6F, 0x82, 0xB5, 0xDF, 0x4C, 0x5B, 0xBF, 0x86, 0x71, 0x54, 0x87,
    0xE9, 0xFA, 0x8A, 0x47, 0xD5, 0xF1, 0xAC, 0x81, 0x67, 0x35, 0xBC, 0x0D, 0x30, 0x65, 0x16, 0x0B,
    0xB3, 0x7A, 0xC3, 0x0D, 0x93, 0xBB, 0x6B, 0x9F, 0xFE, 0xF9, 0x87, 0x63, 0xAB, 0x8C, 0xA3, 0xAB,
    0xB9, 0x48, 0xBD, 0x5C, 0x18, 0x19, 0x5B, 0xBB, 0xE7, 0x9F, 0x5A, 0xCA, 0x1F, 0xB6, 0x13, 0xF5,
    0x59, 0x99, 0x48, 0xFB, 0x4D, 0xFB, 0xB8, 0xEA, 0x9F, 0xE8, 0xE6, 0x94, 0xD2, 0x02, 0x88, 0x73,
    0xA9, 0xF8, 0xCF, 0xC8, 0x8A, 0xD0, 0x37, 0x8F, 0x7B, 0x1D, 0xD1, 0x6D, 0x00, 0xE9, 0x0E, 0x9E,
    0x0F, 0x8E, 0xBE, 0x69, 0x0D, 0x7F, 0xB4, 0x1D, 0x87, 0x63, 0xFC, 0xC3, 0x7E, 0x5D, 0x5F, 0xF6,
    0x05, 0x10, 0x36, 0xA5, 0x83, 0xE7, 0xF7, 0x1A, 0x1B, 0x93, 0x16, 0x9E, 0x91, 0xCF, 0xB4, 0xDD,
    0x06, 0x2D, 0x6D, 0xCB, 0xCF, 0xD9, 0x9C, 0x39, 0xEF, 0xF7, 0x91, 0x20, 0xCD, 0xD9, 0xB3, 0xBA,
    0x64, 0x63, 0xDB, 0x20, 0xB0, 0x6B, 0xF4, 0xE6, 0x39, 0x4D, 0xA8, 0x6F, 0x19, 0xDB, 0x8A, 0xB1,
    0x34, 0x97, 0xCB, 0x84, 0x79, 0xA1, 0x1E, 0x98, 0x9C, 0x66, 0x09, 0x5E, 0x90, 0x3E, 0xCB, 0xD0,
    0x74, 0x4E, 0xBD, 0x6A, 0x2F, 0x1C, 0xB8, 0x6A, 0x62, 0x52, 0xEF, 0xAB, 0x0B, 0xA6, 0xD5, 0x2E,
    0x92, 0x67, 0x0D, 0xA9, 0xFB, 0xB6, 0x2D, 0x6D, 0x7A, 0xDB, 0xBE, 0x6F, 0xB5, 0xED, 0x66, 0xA7,
    0x6D, 0x57, 0xC7, 0xD9, 0xDD, 0xEF, 0x48, 0x70, 0x7D, 0xDC, 0x49, 0xB7, 0x8D, 0xEF, 0x6D, 0x9C,
    0x64, 0xEE, 0xBE, 0xF7, 0x7D, 0x8C, 0x7E, 0x89, 0x47, 0x38, 0xC5, 0xBA, 0x3E, 0xF0, 0x11, 0x89,
    0x12, 0x81, 0xB1, 0x1D, 0x8C, 0xFF, 0x5D, 0xF7, 0x08, 0x6C, 0x6F, 0x2E, 0x19, 0x42, 0xBE, 0xCD,
    0x71, 0xF3, 0xBD, 0xCB, 0x47, 0xDB, 0x25, 0x02, 0xE3, 0xF2, 0xDE, 0xDF, 0x78, 0xD6, 0x1A, 0xC7,
    0xDB, 0xF9, 0x23, 0x69, 0x2F, 0x43, 0x4A, 0x46, 0x13, 0xBE, 0xFF, 0xF6, 0x91, 0xA4, 0xF7, 0x62,
    0x10, 0x54, 0xDD, 0x64, 0x16, 0x27, 0x06, 0x8A, 0xE9, 0x0B, 0x62, 0x3A, 0x05, 0x4F, 0x07, 0x13,
    0x56, 0xB0, 0x56, 0x93, 0x1C, 0x9B, 0x73, 0x0D, 0x13, 0xD4, 0x5D, 0xFE, 0xA4, 0xED, 0xFC, 0x90,
    0x11, 0x45, 0x22, 0x99, 0x1C, 0x8D, 0x81, 0x6F, 0x00, 0x2C, 0x86, 0xC8, 0x82, 0xC3, 0xCD, 0xF2,
    0x36, 0x05, 0xEC, 0xC4, 0x20, 0x65, 0x8C, 0xEC, 0x5C, 0x3A, 0x59, 0x4E, 0x34, 0xD2, 0xA0, 0x5F,
    0xDA, 0x9E, 0x0C, 0x97, 0xB5, 0xA3, 0x96, 0x65, 0xE5, 0x31, 0x77, 0xA0, 0x58, 0xCF, 0x8F, 0x51,
    0x5A, 0xEB, 0x58, 0xCD, 0xCF, 0x8F, 0xF9, 0x36, 0x02, 0x30, 0xDD, 0x21, 0xE5, 0xB5, 0x7D, 0x64,
    0x8C, 0xC7, 0x86, 0xE1, 0x18, 0xF1, 0x69, 0x84, 0xDB, 0xF1, 0x0C, 0x50, 0xF4, 0x9D, 0xAC, 0x89,
    0xDC, 0x92, 0x67, 0x50, 0x75, 0x1D, 0x2C, 0x4E, 0x26, 0x6E, 0x19, 0x31, 0xDD, 0x0A, 0xCE, 0xAE,
    0x73, 0x55, 0x47, 0x05, 0x37, 0x4B, 0xB5, 0x12, 0xEF, 0xDD, 0x4E, 0x1B, 0x26, 0xCC, 0xC5, 0xA4,
    0x95, 0x4E, 0xFB, 0xA0, 0xDB, 0xEC, 0x7B, 0xD0, 0x0E, 0x62, 0xD7, 0x64, 0x7F, 0xCC, 0x3D, 0xF5,
    0xD4, 0xDB, 0x7A, 0xB6, 0xFD, 0x72, 0x67, 0xDA, 0xD7, 0x33, 0xEA, 0xEA, 0x29, 0xC2, 0x5A, 0x40,
    0xF8, 0x2D, 0xEA, 0x59, 0xBD, 0x5F, 0x3D, 0x87, 0xF1, 0x87, 0x31, 0x67, 0xF0, 0xAB, 0x63, 0x28,
    0x12, 0xCB, 0xC2, 0xB2, 0xB5, 0xD5, 0x94, 0xE0, 0xEC, 0xE9, 0xD8, 0x6E, 0xBC, 0xE9, 0x40, 0x31,
    0xC4, 0x20, 0x4A, 0xC6, 0x28, 0x89, 0xB2, 0x36, 0x09, 0x08, 0xE6, 0xCF, 0x64, 0xD0, 0x18, 0xD2,
    0x74, 0x78, 0x3B, 0x1C, 0x59, 0xA8, 0xDB, 0xB3, 0xC0, 0x13, 0x08, 0xD5, 0x21, 0xF6, 0xEF, 0xED,
    0x25, 0x32, 0x92, 0x10, 0x9B, 0xCC, 0x10, 0xCB, 0xE0, 0x4F, 0x82, 0xBD, 0x4C, 0x06, 0xA2, 0x55,
    0x21, 0x4E, 0xAE, 0x7F, 0x08, 0xE3, 0x86, 0x81, 0xC8, 0x3B, 0xDF, 0xBB, 0x65, 0xA2, 0xA0, 0x92,
    0xE1, 0x8F, 0xE3, 0xDB, 0x42, 0xF8, 0x26, 0x56, 0x30, 0x8C, 0xF5, 0xCE, 0x8F, 0xEB, 0xA0, 0x2F,
    0xEF, 0xA6, 0xC0, 0xC9, 0x26, 0x6C, 0x3A, 0xE3, 0x92, 0x37, 0xC7, 0xFF, 0x6D, 0xB7, 0xF2, 0x70,
    0x35, 0xE4, 0xB8, 0xF7, 0xE5, 0x26, 0x8F, 0x27, 0xFE, 0x5A, 0x69, 0x41, 0xCE, 0xD1, 0x1F, 0xA7,
    0xD8, 0x38, 0x3D, 0x24, 0xF7, 0xEF, 0xBA, 0xEC, 0x35, 0x16, 0xFB, 0x24, 0x9B, 0xB5, 0x23, 0xF7,
    0xBA, 0xFB, 0x32, 0xD9, 0x78, 0xEC, 0x53, 0x6C, 0x32, 0x1E, 0x7A, 0x8E, 0xBB, 0x2E, 0x57, 0x09,
    0xC1, 0xAD, 0xFA, 0xA6, 0xE4, 0xE2, 0x9A, 0x41, 0x2F, 0xE7, 0x8C, 0xB9, 0x93, 0x9F, 0xDE, 0xD4,
    0x37, 0x91, 0xF2, 0xC1, 0xFE, 0x98, 0x89, 0xF8, 0x11, 0x29, 0xBF, 0x8D, 0x55, 0x8C, 0x96, 0x1F,
    0x7F, 0xDE, 0x13, 0x6C, 0x58, 0x1D, 0x6C, 0x23, 0x77, 0x5D, 0x6A, 0xF9, 0x1F, 0xBD, 0x9A, 0x05,
    0x8C, 0xE4, 0xBC, 0x15, 0xC7, 0x7F, 0x89, 0xF5, 0xED, 0x48, 0x1B, 0xE9, 0x73, 0x99, 0xDB, 0x11,
    0xEB, 0xC3, 0x8B, 0x18, 0xEF, 0xC6, 0x29, 0x33, 0x93, 0xB8, 0x62, 0x96, 0x4E, 0x4C, 0x4B, 0x29,
    0x73, 0xBB, 0xAA, 0x18, 0x8B, 0x62, 0x56, 0xB9, 0x5D, 0x48, 0x99, 0xDB, 0x94, 0xC5, 0x4A, 0x59,
    0x7C, 0xD1, 0x29, 0xD7, 0xE6, 0x54, 0xCF, 0xBA, 0x7E, 0x72, 0xA3, 0x89, 0x46, 0x4B, 0x77, 0x1B,
    0x6F, 0x34, 0xFF, 0x41, 0xFB, 0xFD, 0xDF, 0xEF, 0xBD, 0x8C, 0x9D, 0x05, 0x74, 0x03, 0x79, 0x0B,
    0xC6, 0x6B, 0xD1, 0xC3, 0xB6, 0x85, 0x83, 0x03, 0xB0, 0xDB, 0xD0, 0x2F, 0x48, 0x5A, 0x43, 0xDA,
    0xE6, 0xA8, 0x76, 0x5E, 0xA8, 0x46, 0x97, 0xB3, 0x4A, 0x57, 0x99, 0x73, 0x95, 0x76, 0xAE, 0xD6,
    0xA5, 0x6A, 0xFC, 0xBB, 0x32, 0xC2, 0x2B, 0xE9, 0x16, 0xD0, 0x1F, 0x82, 0x65, 0x38, 0xB2, 0x0A,
    0xE6, 0x6D, 0x90, 0xAE, 0xE0, 0xB8, 0x47, 0x39, 0x57, 0xE8, 0xFB, 0xB7, 0x2B, 0x1F, 0xA9, 0x01,
    0xD5, 0x8A, 0x12, 0xE7, 0x5A, 0xED, 0x95, 0xFF, 0xE3, 0xBD, 0xAD, 0x41, 0x8D, 0xA4, 0xFD, 0x7B,
    0xC7, 0xFE, 0xB3, 0xFF, 0xF8, 0x31, 0x3F, 0x68, 0x57, 0x71, 0x6B, 0xD0, 0x6D, 0x90, 0x3C, 0x7F,
    0x2E, 0x21, 0x7F, 0xD3, 0x01, 0x3D, 0x20, 0x61, 0x1B, 0x48, 0x4B, 0x00, 0xA2, 0x30, 0x3E, 0xB7,
    0x08, 0x7E, 0xC6, 0x02, 0xA2, 0x1E, 0xD2, 0x76, 0xE5, 0x09, 0x53, 0xF0, 0xE6, 0x25, 0x70, 0x04,
    0x24, 0x3D, 0xE8, 0xBF, 0x7E, 0x01, 0x8C, 0xF0, 0xD9, 0x23, 0x89, 0x93, 0x97, 0xAC, 0xF8, 0x04,
    0x30, 0x10, 0x0A, 0x62, 0x60, 0x14, 0xC8, 0x40, 0x29, 0x98, 0x08, 0x27, 0x02, 0x8A, 0x90, 0x22,
    0xA8, 0x08, 0x2B, 0x02, 0x8B, 0xD0, 0x22, 0xB8, 0x08, 0x2F, 0x02, 0x8C, 0x10, 0x23, 0xC8, 0x0C,
    0x7D, 0xDD, 0x2C, 0x87, 0xAC, 0x76, 0x01, 0x2C, 0xE3, 0xAC, 0x76, 0x91, 0xC8, 0x25, 0x30, 0x2E,
    0x01, 0x52, 0x03, 0xA4, 0x08, 0x48, 0x15, 0x90, 0x41, 0xE1, 0x4E, 0x0A, 0x81, 0x96, 0x3B, 0x29,
    0x05, 0x52, 0x83, 0xF1, 0x9D, 0xF4, 0x57, 0xEA, 0x81, 0x14, 0x84, 0x50, 0x11, 0x0C, 0xA0, 0x2B,
    0x99, 0x8E, 0xFE, 0xCB, 0x57, 0xC4, 0x58, 0xAA, 0x21, 0xC5, 0x88, 0xD5, 0xEA, 0x35, 0xCF, 0x1E,
    0xF1, 0x5C, 0x06, 0xCF, 0xE9, 0x5A, 0x9D, 0x75, 0x5E, 0x16, 0xD8, 0x46, 0xD7, 0x1D, 0xA6, 0x2B,
    0xC6, 0x5C, 0xF1, 0xD8, 0x92, 0x02, 0xB2, 0x7E, 0xF0, 0x16, 0xB1, 0x51, 0xB6, 0xE2, 0xC3, 0x91,
    0x25, 0xED, 0x0D, 0xE9, 0xFE, 0xE6, 0x74, 0x9C, 0xEE, 0xB5, 0x85, 0xCC, 0x57, 0xDF, 0x3F, 0x01,
    0xC0, 0x73, 0x82, 0x3D, 0x8C, 0xDB, 0xBF, 0xC7, 0x36, 0x8A, 0xC4, 0xBD, 0xB1, 0x54, 0x7F, 0xBE,
    0x83, 0xAA, 0x96, 0x04, 0x1F, 0xF1, 0xB0, 0x60, 0xF7, 0x24, 0xD6, 0x74, 0x7C, 0x92, 0xFF, 0xFA,
    0x39, 0x09, 0x5C, 0xEB, 0x32, 0xBB, 0xCA, 0x61, 0xCC, 0x16, 0x6F, 0xF9, 0xE5, 0x10, 0xD2, 0x0E,
    0x7C, 0xC8, 0xF4, 0x13, 0xAF, 0x29, 0x54, 0xAD, 0x8B, 0xD4, 0x39, 0xD8, 0xEB, 0x89, 0xFB, 0x9D,
    0xB4, 0x08, 0x42, 0xFA, 0x91, 0x0F, 0x94, 0x32, 0xCF, 0x73, 0x40, 0xDE, 0x33, 0x19, 0xEF, 0xE1,
    0x6A, 0xB9, 0x49, 0x3F, 0xF0, 0x91, 0xEB, 0xE1, 0xB2, 0x63, 0xCF, 0xCF, 0xC5, 0xE1, 0xCA, 0x43,
    0xDE, 0x6C, 0x34, 0xA8, 0x1F, 0xFC, 0xA2, 0x50, 0xF7, 0x6E, 0xC7, 0xE7, 0x9A, 0x37, 0xE1, 0xFC,
    0x7C, 0xC4, 0x2B, 0xF5, 0xBE, 0xDF, 0xFF, 0x68, 0xA9, 0xEE, 0xDF, 0x5E, 0xB1, 0x45, 0x58, 0x5F,
    0xD2, 0x72, 0xE3, 0x7A, 0xD8, 0x5C, 0x56, 0xA6, 0xEE, 0x4E, 0xA1, 0xBE, 0x77, 0x02, 0x80, 0xAA,
    0xFD, 0xEB, 0xFB, 0x7B, 0xE0, 0x4E, 0x20, 0xEF, 0x26, 0x63, 0x93, 0xF3, 0x4F, 0xB5, 0xF9, 0x28,
    0xEE, 0xF5, 0xAF, 0x2D, 0xCA, 0xCF, 0x48, 0xDB, 0xF9, 0x2A, 0x87, 0xC8, 0x6B, 0x8B, 0xF1, 0x79,
    0x8A, 0xCC, 0xBB, 0xDF, 0x5D, 0x2C, 0x80, 0x53, 0x24, 0x63, 0x44, 0xF8, 0x31, 0x9C, 0x35, 0x46,
    0xE6, 0x0F, 0xB1, 0x18, 0x8E, 0xBC, 0x00, 0x53, 0x89, 0xE4, 0x39, 0x89, 0x6B, 0xC8, 0xDC, 0x92,
    0xFC, 0x9F, 0xC7, 0x18, 0xE6, 0xE5, 0xB6, 0x07, 0x3E, 0x20, 0xAB, 0x8E, 0xFD, 0x1C, 0xD1, 0xA1,
    0x8F, 0x71, 0x00, 0x88, 0x76, 0xD8, 0x28, 0x64, 0x8C, 0x67, 0x40, 0xE6, 0xC8, 0xDC, 0x55, 0x5C,
    0x60, 0xAF, 0x0A, 0x32, 0xC0, 0x73, 0x00, 0xB1, 0x75, 0x43, 0x59, 0x9A, 0x50, 0xD7, 0x4D, 0x00,
    0xE2, 0x30, 0xBE, 0x7B, 0xEC, 0x29, 0x92, 0xBA, 0xAE, 0x3C, 0x81, 0x2B, 0xF3, 0x26, 0x5F, 0x7B,
    0x94, 0xD9, 0xC9, 0xCB, 0xC8, 0x3E, 0xBB, 0x44, 0xBF, 0xA2, 0x07, 0xE2, 0xF1, 0xA4, 0xCD, 0xD3,
    0x64, 0xCB, 0xA7, 0xD1, 0x73, 0x8B, 0x56, 0x1D, 0x30, 0x1D, 0x07, 0xB0, 0x07, 0x60, 0x09, 0xED,
    0x31, 0x3F, 0x2E, 0xC1, 0x49, 0x9F, 0xEE, 0x59, 0xD0, 0xF5, 0xDE, 0x88, 0x2B, 0xDC, 0x49, 0x66,
    0x2C, 0x80, 0xB3, 0xEF, 0x04, 0x2E, 0xDC, 0x09, 0xE2, 0xB9, 0x83, 0x03, 0xE9, 0x28, 0x3C, 0xF0,
    0x04, 0xC0, 0x21, 0x90, 0xF6, 0xC0, 0xAC, 0x01, 0xF3, 0x89, 0x92, 0xD0, 0xCD, 0xBB, 0xBD, 0xB4,
    0xF2, 0x68, 0xBD, 0x04, 0x08, 0x0F, 0x52, 0x04, 0x84, 0x10, 0x29, 0x03, 0x52, 0x07, 0xA4, 0x08,
    0xE1, 0x4E, 0x4A, 0xC1, 0x01, 0x10, 0xEE, 0xA4, 0x1A, 0x61, 0xB0, 0xD4, 0x23, 0x04, 0x08, 0x15,
    0x19, 0xEF, 0x43, 0xE6, 0xFB, 0xFB, 0xB8, 0x56, 0xAA, 0x21, 0xC5, 0x88, 0xD6, 0x62, 0x12, 0x0B,
    0xEC, 0x82, 0xE4, 0x63, 0x5E, 0x5B, 0xE3, 0x6A, 0x61, 0x15, 0xD4, 0x09, 0x5B, 0x3D, 0xEC, 0x43,
    0xB4, 0xE4, 0x1F, 0x6C, 0x70, 0x7F, 0x29, 0xC6, 0x5C, 0xD1, 0xD8, 0x78, 0x04, 0xC8, 0x6B, 0xAF,
    0x16, 0x92, 0xB0, 0x07, 0x3E, 0x31, 0xAB, 0x38, 0xAE, 0x48, 0xFF, 0xDB, 0x92, 0x35, 0x96, 0xCD,
    0xE2, 0xF1, 0xC9, 0x38, 0xD5, 0xF2, 0x51, 0x32, 0x77, 0x42, 0x36, 0xB3, 0x00, 0x70, 0xDC, 0xA0,
    0xFE, 0xDD, 0xC7, 0xED, 0xDF, 0x17, 0x5E, 0xC0, 0xCC, 0xCA, 0x57, 0xF4, 0x00, 0x3D, 0xEB, 0x00,
    0x60, 0xAF, 0x94, 0x7C, 0xA6, 0xEF, 0xA3, 0xA9, 0x58, 0x3F, 0x27, 0x81, 0x6B, 0xDD, 0x2E, 0x30,
    0x25, 0xC4, 0x60, 0x3B, 0x63, 0x1B, 0x49, 0xDE, 0x86, 0x72, 0xFE, 0x56, 0xA0, 0x4B, 0x34, 0x2C,
    0xE0, 0x31, 0x00, 0xE7, 0x96, 0xFE, 0xF6, 0xEE, 0xE5, 0xBB, 0xB0, 0x5C, 0xFE, 0xE6, 0xC7, 0x87,
    0x89, 0x3C, 0x17, 0x39, 0x3D, 0xBC, 0x5A, 0x48, 0x83, 0x98, 0xC9, 0x4E, 0x51, 0x8C, 0xCA, 0x5A,
    0x21, 0x7A, 0xEE, 0xFB, 0x2A, 0xD0, 0x97, 0x91, 0x8C, 0xFD, 0xE3, 0xDB, 0x3C, 0x6E, 0x2B, 0xBA,
    0x6A, 0x8A, 0xE1, 0x38, 0x20, 0x71, 0x72, 0xC3, 0xC2, 0xBC, 0x5C, 0xF5, 0x42, 0x9E, 0xC3, 0x64,
    0xC9, 0x32, 0x1C, 0x6B, 0x1E, 0xD2, 0x1B, 0xED, 0xAC, 0xEF, 0xAB, 0xC3, 0x90, 0x97, 0xBB, 0xE8,
    0xEA, 0x50, 0x7A, 0x7B, 0x09, 0xC9, 0x38, 0x19, 0x2F, 0xF3, 0x64, 0xBE, 0xC4, 0x39, 0xAF, 0xD7,
    0xC1, 0x6B, 0xC9, 0xE0, 0x75, 0x9E, 0xCF, 0xCE, 0x03, 0xC4, 0xE5, 0x5D, 0xC3, 0x65, 0x41, 0x4D,
    0xB8, 0x2C, 0x10, 0xFE, 0x12, 0x36, 0x01, 0x88, 0xC3, 0x78, 0xF1, 0xA5, 0xC8, 0x14, 0xBC, 0x47,
    0x61, 0xAF, 0x9C, 0x35, 0xB2, 0x53, 0x8E, 0xBF, 0x97, 0xD1, 0xB8, 0x1E, 0x6E, 0x97, 0x16, 0x4C,
    0x24, 0x0E, 0x12, 0x10, 0x89, 0xCE, 0xC1, 0xB9, 0x77, 0x02, 0x1C, 0x06, 0xCB, 0x34, 0xF1, 0x3F,
    0x75, 0x97, 0xFE, 0xC8, 0xFE, 0xB5, 0x50, 0x9F, 0xBD, 0x4B, 0x4F, 0xD7, 0xCD, 0xF1, 0x4E, 0x69,
    0x5E, 0xE9, 0x3D, 0x7E, 0x3B, 0xF6, 0x88, 0xC7, 0x76, 0xF9, 0x5D, 0x7A, 0x12, 0x4E, 0xB5, 0x7C,
    0x29, 0x32, 0x5F, 0x67, 0x3D, 0x00, 0xA1, 0x96, 0x5D, 0xDC, 0xFE, 0x5D, 0xBC, 0x4B, 0x4F, 0xC6,
    0x77, 0xF6, 0x0E, 0x79, 0x7D, 0x2B, 0xE9, 0xD9, 0x39, 0xC4, 0x59, 0x61, 0x87, 0x5F, 0x84, 0xA1,
    0x4B, 0x30, 0xE9, 0x3E, 0xA8, 0x46, 0x94, 0xB8, 0xBF, 0xD5, 0xDA, 0xB9, 0xCA, 0xC7, 0x28, 0x0C,
    0x79, 0xE1, 0x19, 0xCA, 0x2B, 0x32, 0xAF, 0x79, 0x25, 0xFB, 0xC3, 0xFE, 0x9D, 0xB8, 0x7F, 0x35,
    0x83, 0xD7, 0xC3, 0xB0, 0x65, 0x92, 0x71, 0x07, 0x58, 0x62, 0x33, 0x8C, 0xBD, 0x26, 0x65, 0xE0,
    0x5D, 0xD2, 0xE3, 0xD2, 0xAB, 0x82, 0x99, 0x57, 0xE6, 0xA5, 0x5F, 0xB1, 0xCF, 0x8B, 0xE2, 0xB1,
    0x04, 0xCF, 0xCA, 0xAB, 0x06, 0x55, 0x07, 0x5F, 0x5D, 0xC0, 0x8B, 0xA6, 0xE3, 0x4A, 0x9B, 0xA7,
    0xD0, 0xF6, 0x26, 0x3A, 0xB7, 0xCC, 0x67, 0x77, 0x63, 0xF6, 0x66, 0xCD, 0xAB, 0x05, 0xA6, 0xE3,
    0x80, 0x88, 0xE7, 0xD5, 0xD9, 0xDF, 0xCF, 0x09, 0x19, 0xCE, 0xF6, 0x90, 0x38, 0x0F, 0xAB, 0x1D,
    0xD6, 0x79, 0x96, 0x93, 0x78, 0xAD, 0xE2, 0x9A, 0x42, 0xE2, 0x66, 0x57, 0xBC, 0x52, 0x8C, 0xC1,
    0x78, 0xF1, 0x95, 0xE2, 0x04, 0xBC, 0x49, 0x0F, 0xAA, 0x95, 0xB8, 0x8F, 0x91, 0x73, 0x0B, 0x44,
    0xDC, 0xF4, 0x73, 0xAC, 0x57, 0x3B, 0x29, 0xCF, 0xCA, 0x0B, 0x72, 0x16, 0x10, 0xE4, 0xE7, 0x2C,
    0xC5, 0xEF, 0x01, 0x18, 0xCA, 0x31, 0xC3, 0xAC, 0x0D, 0xA1, 0x39, 0xE4, 0x31, 0x4C, 0x54, 0x86,
    0xB1, 0x17, 0x98, 0xE9, 0x18, 0x4E, 0x39, 0xBF, 0x1E, 0x43, 0x97, 0xB7, 0xD8, 0x3C, 0x9B, 0x25,
    0xDE, 0xF9, 0x35, 0x1D, 0x57, 0xDA, 0xBC, 0x74, 0xF8, 0x45, 0xE5, 0x63, 0x5A, 0x75, 0x51, 0x7B,
    0x73, 0xCA, 0x2F, 0x45, 0x27, 0xE3, 0x00, 0x1E, 0x03, 0xCE, 0xCE, 0x3F, 0xDE, 0x9A, 0x36, 0x35,
    0x47, 0x38, 0xCC, 0xD8, 0x63, 0xF4, 0x63, 0x4C, 0x5E, 0x80, 0xAE, 0x18, 0x0E, 0x0B, 0x07, 0xBB,
    0x60, 0x0D, 0x69, 0x3B, 0x2F, 0x55, 0xAB, 0xAB, 0xAC, 0x9E, 0x35, 0xBA, 0x52, 0x6D, 0x5E, 0x24,
    0x9D, 0x01, 0xBB, 0x03, 0x87, 0x16, 0x4C, 0x07, 0x79, 0x0B, 0xBA, 0x86, 0xAC, 0x3A, 0x4F, 0x67,
    0x7A, 0xFD, 0xDF, 0xA7, 0xCB, 0x0B, 0xF1, 0x51, 0xDE, 0x25, 0xAB, 0x82, 0xD7, 0xBC, 0xF0, 0xEF,
    0x82, 0x5D, 0x04, 0xBF, 0x5D, 0xF1, 0xEB, 0x09, 0x7E, 0xA2, 0x3A, 0xC4, 0xD1, 0x65, 0x88, 0x69,
    0x42, 0x30, 0x6C, 0x9C, 0xFC, 0xCF, 0xF8, 0x63, 0xD0, 0x84, 0xF9, 0xAB, 0x96, 0xDD, 0xAC, 0xC3,
    0xEA, 0x0E, 0x54, 0x7B, 0xFE, 0xFF, 0xF3, 0x44, 0x62, 0x7C, 0x6E, 0x41, 0xF0, 0x14, 0x3F, 0x51,
    0x48, 0x45, 0x3C, 0x63, 0xF6, 0x8B, 0x6F, 0xCD, 0x8A, 0xD4, 0xBD, 0xB1, 0x50, 0x3F, 0x71, 0xC3,
    0x3F, 0x27, 0xC4, 0x63, 0xFC, 0x56, 0xB6, 0xEE, 0x15, 0x95, 0xED, 0x7F, 0xAD, 0x51, 0x01, 0xA6,
    0xDD, 0x40, 0x14, 0x3D, 0x2F, 0x83, 0xD0, 0x60, 0xC0, 0x83, 0xA2, 0x59, 0x41, 0xCD, 0x06, 0xDE,
    0x7F, 0x93, 0xE7, 0x6F, 0xA1, 0x59, 0xC7, 0x07, 0x28, 0xBE, 0x64, 0xE8, 0x02, 0x0A, 0xBA, 0x93,
    0xA2, 0xF8, 0x79, 0x99, 0x76, 0x05, 0xD9, 0x41, 0xB3, 0x84, 0x29, 0x41, 0xAA, 0xF7, 0x67, 0x7A,
    0x26, 0x5E, 0xB4, 0xAD, 0xFF, 0x28, 0xFD, 0xC9, 0xB9, 0xC7, 0xDC, 0x7B, 0xEE, 0xBD, 0x13, 0x39,
    0x75, 0x5D, 0xC5, 0x38, 0x10, 0xF5, 0x7A, 0x8A, 0x3E, 0x45, 0x7D, 0x49, 0xE2, 0xB8, 0x52, 0x07,
    0x79, 0x5E, 0x68, 0x6F, 0x2A, 0x8B, 0x33, 0x64, 0x7D, 0x3B, 0x58, 0x98, 0x4A, 0xFB, 0x62, 0x28,
    0x06, 0xED, 0xA9, 0x39, 0x6A, 0x4F, 0x54, 0x2C, 0xBA, 0xCB, 0x44, 0x3A, 0x53, 0xA7, 0x22, 0xE6,
    0x34, 0x5B, 0x15, 0xCE, 0x2A, 0x48, 0x31, 0x4A, 0xE1, 0xA5, 0x18, 0xBA, 0x7C, 0xB4, 0x6A, 0xB2,
    0xD9, 0xAC, 0x1D, 0x2F, 0xEA, 0x56, 0x88, 0x71, 0xC2, 0x4A, 0xC3, 0x36, 0xAA, 0x10, 0xED, 0xAC,
    0xF6, 0x17, 0x18, 0x77, 0x66, 0xA5, 0xD9, 0x89, 0xA4, 0xA9, 0x89, 0xE3, 0x5C, 0x42, 0xB0, 0x93,
    0x6B, 0xB9, 0xCA, 0x9C, 0x84, 0x1B, 0x60, 0x80, 0xA7, 0xA2, 0x6E, 0x7F, 0xFD, 0xB7, 0x94, 0x3F,
    0x4B, 0xBC, 0xBC, 0xAE, 0x6D, 0x77, 0xA5, 0x7B, 0x53, 0xFE, 0xBF, 0xDF, 0x55, 0x8E, 0x76, 0xEE,
    0x25, 0x4A, 0x2F, 0x76, 0xE6, 0xB9, 0xEA, 0x7D, 0xF4, 0xBD, 0xB7, 0xD5, 0x4D, 0xEE, 0xA7, 0x46,
    0x7F, 0x96, 0x96, 0xD1, 0x30, 0x52, 0x9E, 0xCF, 0xB8, 0x41, 0xB9, 0xE0, 0x2D, 0xEC, 0x1D, 0x02,
    0x0E, 0x3A, 0x1B, 0x49, 0xCA, 0x93, 0x34, 0x70, 0x2C, 0x5F, 0x01, 0x26, 0x1E, 0x80, 0x42, 0x3E,
    0x02, 0x38, 0x05, 0x12, 0x45, 0xE6, 0x8E, 0xA4, 0x5F, 0x64, 0x0E, 0xAF, 0xDB, 0xAF, 0x13, 0xEE,
    0x27, 0xB9, 0x47, 0x08, 0x9F, 0x0E, 0xD9, 0x48, 0x52, 0x9E, 0xA4, 0x2B, 0x52, 0x89, 0xEF, 0x8F,
    0x0F, 0x07, 0x98, 0xF7, 0xA3, 0x49, 0x96, 0x57, 0x16, 0x16, 0xCD, 0xC5, 0x74, 0xE3, 0x1F, 0x2D,
    0x3D, 0x3C, 0x25, 0x1B, 0xE9, 0x12, 0x9D, 0xEC, 0x68, 0xE6, 0xEA, 0x67, 0xB2, 0xD7, 0xF3, 0x0B,
    0x8D, 0x2B, 0xBF, 0xCC, 0xB6, 0x32, 0xEF, 0x26, 0x0E, 0xDE, 0x06, 0x92, 0x0A, 0x0D, 0x6C, 0x3E,
    0x76, 0x38, 0x16, 0xA3, 0xA0, 0x29, 0xBC, 0x00, 0xA5, 0x87, 0x05, 0x04, 0x2A, 0x40, 0x0F, 0x30,
    0x0E, 0x0D, 0x08, 0x1E, 0x52, 0xAA, 0xA6, 0x24, 0xC1, 0xA6, 0xB6, 0x76, 0x2D, 0x16, 0xE3, 0x1F,
    0x45, 0xE8, 0x6D, 0x7C, 0x4A, 0x52, 0xE9, 0xC0, 0xB6, 0x76, 0x27, 0xBF, 0x61, 0x6E, 0x76, 0xF3,
    0x91, 0xC0, 0xD3, 0xC0, 0xF6, 0xF4, 0x99, 0xC4, 0xDB, 0x47, 0xB2, 0x5D, 0x60, 0xE3, 0xB0, 0xBF,
    0x0B, 0xD8, 0x09, 0x20, 0x2A, 0x3C, 0xAC, 0x10, 0xF5, 0x4D, 0xD4, 0x8F, 0x49, 0xC5, 0x41, 0x2D,
    0x50, 0x23, 0x32, 0x62, 0x00, 0xB6, 0x27, 0x0F, 0xD0, 0x73, 0xE2, 0x7D, 0x5D, 0xD7, 0x6F, 0x5A,
    0xDA, 0x2C, 0x2B, 0x09, 0x50, 0xF8, 0x0E, 0xD0, 0xDE, 0x7E, 0xA8, 0x7B, 0x67, 0x58, 0x43, 0x1E,
    0xE3, 0x0C, 0x24, 0x81, 0x54, 0x56, 0xA4, 0x23, 0x03, 0xC2, 0xD8, 0x05, 0x12, 0xB7, 0xA7, 0x01,
    0x92, 0x61, 0xE0, 0x66, 0x13, 0xB3, 0x24, 0xE6, 0x43, 0x12, 0x1D, 0xC9, 0x32, 0x70, 0x9F, 0x68,
    0x66, 0xA8, 0xB0, 0x6D, 0xD4, 0xD5, 0x26, 0x3E, 0x24, 0xB2, 0x71, 0x45, 0xCD, 0x4B, 0xAE, 0xE2,
    0x9F, 0x7A, 0xEA, 0x4B, 0x5B, 0x5C, 0xE2, 0xB2, 0x3F, 0xB3, 0xF4, 0xD7, 0x7B, 0xAD, 0xBE, 0x3F,
    0xF7, 0x4B, 0xBF, 0xFC, 0x04, 0x8C, 0x91, 0xB1, 0x71, 0x84, 0x40, 0x0C, 0x45, 0x1F, 0x6C, 0x40,
    0x40, 0x40, 0x09, 0x94, 0x40, 0x03, 0x60, 0x18, 0xBB, 0xAD, 0x3B, 0x73, 0xA5, 0x5C, 0x19, 0x04,
    0xC7, 0xDC, 0x96, 0x40, 0x09, 0xC4, 0x8E, 0x14, 0x10, 0x6C, 0x60, 0x5B, 0x96, 0x0C, 0xF6, 0x38,
    0x70, 0x70, 0xCC, 0x1B, 0x66, 0x56, 0xAC, 0xFE, 0xD7, 0x17, 0xB9, 0x0E, 0x95, 0x2E, 0x4D, 0x2E,
    0x1D, 0x5B, 0x4B, 0xFA, 0x8B, 0x55, 0xAC, 0x6E, 0x5F, 0xED, 0x0E, 0x1D, 0x24, 0x72, 0xA1, 0x88,
    0x54, 0x17, 0x9A, 0x10, 0x4F, 0x21, 0xA6, 0x10, 0x55, 0x1D, 0xC2, 0xC1, 0xA8, 0xCE, 0x09, 0x8C,
    0x31, 0x31, 0x5A, 0x63, 0x65, 0xF5, 0xE5, 0x1A, 0xD6, 0x2D, 0x2C, 0xB7, 0x32, 0xF6, 0x3A, 0x94,
    0x1F, 0xF0, 0x04, 0x37, 0x10, 0xC2, 0x4A, 0xF1, 0x86, 0x0F, 0xF0, 0x22, 0xDD, 0x8F, 0x6F, 0xEF,
    0xA6, 0xAB, 0x99, 0xAA, 0xAE, 0x86, 0x35, 0x6E, 0xEE, 0x3A, 0x50, 0x7B, 0xA3, 0x4B, 0x27, 0xEF,
    0xCD, 0xC5, 0x84, 0x29, 0x23, 0xDF, 0x11, 0xD6, 0xDE, 0x23, 0x48, 0x9D, 0x49, 0xA1, 0x97, 0x52,
    0x63, 0xF3, 0x2C, 0xAD, 0x27, 0x9A, 0xFA, 0x6C, 0xAB, 0x5D, 0xCD, 0x7D, 0xCD, 0xDD, 0x66, 0x30,
    0x41, 0x09, 0x8B, 0xBD, 0xE7, 0x2A, 0xF6, 0x7E, 0x19, 0x5A, 0x98, 0xC8, 0x5C, 0xD0, 0x64, 0x0F,
    0xF6, 0x2C, 0xBF, 0xC7, 0xFB, 0x9E, 0xF4, 0x78, 0x8E, 0xE3, 0x83, 0xDB, 0x2B, 0x12, 0x4D, 0x62,
    0x9E, 0xB8, 0x4E, 0xF0, 0x1F, 0x77, 0x15, 0x55, 0x29, 0xDF, 0x7D, 0xC2, 0x73, 0xE5, 0x8B, 0xC5,
    0xB0, 0x6C, 0x0D, 0xCC, 0x04, 0xF1, 0x2D, 0xBE, 0xBA, 0xE9, 0x62, 0xEC, 0x83, 0xF9, 0x6F, 0x38,
    0xE3, 0xB3, 0x7D, 0xC2, 0xD7, 0xF2, 0x41, 0x81, 0x1C, 0xC0, 0x7C, 0x01, 0x39, 0x90, 0x47, 0x4E,
    0x94, 0x01, 0x00, 0x6D, 0xD1, 0x01, 0x66, 0x03, 0x41, 0x14, 0x06, 0xE0, 0x3F, 0x59, 0xBA, 0x58,
    0x4C, 0xD0, 0x0A, 0x82, 0x3D, 0x42, 0x6E, 0xD0, 0x2D, 0x00, 0x85, 0x22, 0x1B, 0x08, 0x02, 0x50,
    0xA0, 0x27, 0x48, 0x32, 0x37, 0x68, 0x0F, 0xD4, 0x66, 0x1E, 0xBD, 0xC0, 0xA2, 0x05, 0x85, 0x81,
    0x02, 0xE8, 0x22, 0x21, 0x61, 0xB3, 0xAF, 0xFF, 0x5B, 0xA4, 0x4D, 0x5A, 0x7C, 0x76, 0xDE, 0x7B,
    0xFF, 0xCC, 0x18, 0x0B, 0x38, 0xE9, 0xA4, 0xDA, 0x76, 0x7A, 0xF3, 0xB7, 0xAE, 0x1E, 0x38, 0x49,
    0xF5, 0x51, 0x72, 0xFD, 0x92, 0x42, 0x82, 0x14, 0x18, 0xCB, 0x82, 0xFD, 0x17, 0x32, 0xB6, 0xB6,
    0x9E, 0xCD, 0x2C, 0x63, 0x59, 0x5C, 0x02, 0x57, 0x65, 0x79, 0x13, 0x54, 0xC5, 0x20, 0x6F, 0x81,
    0xA0, 0xB1, 0xDF, 0xCE, 0x36, 0x49, 0xDD, 0x6B, 0xD2, 0x88, 0x26, 0xAD, 0x70, 0x4F, 0x6C, 0x6F,
    0x3A, 0xA3, 0xCF, 0x3B, 0xB0, 0xB6, 0xEF, 0xB1, 0x67, 0x35, 0x3D, 0x5B, 0xDE, 0xF6, 0x71, 0xBF,
    0x0D, 0x2A, 0x3B, 0x4F, 0x55, 0x1B, 0x53, 0xCE, 0xDF, 0x27, 0xC8, 0x04, 0xBF, 0x0C, 0x90, 0x7D,
    0xD4, 0x70, 0x5A, 0x5F, 0x68, 0x8B, 0x42, 0x05, 0xD7, 0xB7, 0xFF, 0xF6, 0x98, 0x3D, 0xB3, 0x3A,
    0x20, 0x51, 0xF5, 0xD9, 0xFE, 0xA1, 0x72, 0x92, 0x44, 0xE7, 0x93, 0x08, 0x38, 0x01, 0x0A, 0x04,
    0xDE, 0x65, 0xF8, 0xAE, 0x09, 0x80, 0x63, 0x3D, 0xDA, 0x96, 0x13, 0x4B, 0x38, 0xDF, 0x7F, 0xCA,
    0x7D, 0x1A, 0x9D, 0xB8, 0xCA, 0xED, 0x83, 0xF0, 0x1C, 0x86, 0x76, 0xDD, 0x79, 0x54, 0x27, 0xDB,
    0x19, 0xDF, 0x80, 0x35, 0x15, 0x67, 0xD6, 0x43, 0xCE, 0x0A, 0x66, 0xC8, 0xB3, 0x86, 0xB1, 0xB5,
    0x19, 0x6E, 0x4B, 0xAB, 0x4F, 0xBD, 0xCA, 0x89, 0x95, 0x46, 0x3A, 0x60, 0x39, 0x55, 0x2C, 0x30,
    0xF6, 0xF6, 0x4F, 0x7E, 0xE4, 0xAC, 0x03, 0xE7, 0x3B, 0x6A, 0xB0, 0x2C, 0x03, 0xD8, 0x63, 0x3F,
    0xA3, 0xB4, 0x22, 0xCA, 0xC8, 0xC9, 0x72, 0x1A, 0xFC, 0x4A, 0x5B, 0xE6, 0x36, 0x7F, 0xEE, 0xF8,
    0x06, 0xBD, 0x95, 0x01, 0xA4, 0xDE, 0x56, 0x14, 0xC7, 0xFF, 0xC9, 0xDD, 0x5E, 0xD6, 0xA6, 0x5D,
    0x60, 0xA0, 0xAC, 0x01, 0xD8, 0xC6, 0x6B, 0x00, 0x86, 0xD7, 0x77, 0x03, 0x0C, 0xC3, 0x86, 0x65,
    0x43, 0xF1, 0x86, 0x61, 0x03, 0x06, 0xF8, 0x90, 0xBE, 0x04, 0x00, 0x68, 0x61, 0x60, 0x50, 0x3C,
    0xCC, 0xC0, 0xD3, 0x15, 0xA5, 0xDF, 0xF7, 0x7D, 0xB7, 0x86, 0xA2, 0x68, 0x60, 0x06, 0x68, 0x0C,
    0x60, 0x68, 0x90, 0x59, 0xAA, 0x37, 0xDF, 0xDD, 0xFF, 0xE4, 0x8A, 0xBE, 0x4F, 0x69, 0xD7, 0xA2,
    0xF7, 0xE5, 0xFC, 0x5E, 0x7B, 0xCE, 0x3D, 0xE7, 0x9E, 0xFF, 0xC9, 0x73, 0x83, 0xBD, 0x9B, 0x00,
    0x12, 0x43, 0xE8, 0x9C, 0x58, 0xD3, 0x42, 0x4B, 0xA8, 0x4E, 0xFC, 0x8D, 0xF8, 0x6B, 0x62, 0xE3,
    0x9C, 0x33, 0x95, 0x20, 0xAB, 0x25, 0xD0, 0x12, 0xAA, 0x27, 0x60, 0x05, 0x95, 0xC0, 0x47, 0x24,
    0x25, 0xA0, 0xC5, 0x86, 0x9E, 0x0E, 0x70, 0x23, 0x94, 0x73, 0x79, 0xF2, 0xF7, 0xA3, 0xB6, 0xFA,
    0xFC, 0xF7, 0x61, 0x8C, 0xCD, 0xD8, 0xC5, 0x66, 0xDF, 0xC4, 0xE6, 0x9C, 0xEC, 0x79, 0x2D, 0xC3,
    0x2F, 0xF0, 0x3D, 0x4A, 0xB7, 0x73, 0xDF, 0x51, 0x47, 0x84, 0x03, 0x81, 0x51, 0x50, 0xF9, 0x66,
    0x27, 0xC8, 0x46, 0x1A, 0xEC, 0xDC, 0x6E, 0xDC, 0x12, 0xE9, 0x8E, 0xFF, 0x35, 0x9B, 0x90, 0xC6,
    0x45, 0x80, 0x08, 0x11, 0x41, 0x22, 0x4C, 0x04, 0x52, 0xA8, 0x08, 0xF6, 0xFB, 0x02, 0x69, 0xE9,
    0xD6, 0xA5, 0x5C, 0xE6, 0x91, 0x18, 0x19, 0x8D, 0x74, 0x59, 0x4D, 0xA3, 0xE5, 0xB3, 0x85, 0x1A,
    0xA4, 0x83, 0xB8, 0x93, 0x66, 0x52, 0x29, 0xDC, 0x69, 0xC7, 0x35, 0x4C, 0xEC, 0x13, 0xF1, 0xB4,
    0x92, 0x92, 0x19, 0x51, 0x56, 0x89, 0x34, 0x49, 0xD4, 0xA2, 0x82, 0xB2, 0x29, 0x83, 0xBA, 0x25,
    0x51, 0x96, 0xAA, 0x81, 0x94, 0x9E, 0xCA, 0x22, 0x74, 0x0E, 0xF1, 0xB3, 0xC7, 0x46, 0x3F, 0x7C,
    0xD0, 0x6F, 0xE3, 0xFB, 0x76, 0x88, 0xCD, 0xD5, 0x26, 0x36, 0x17, 0x5F, 0x57, 0x65, 0x4E, 0x6B,
    0x99, 0x67, 0x63, 0x73, 0x7D, 0xC3, 0x3A, 0xD9, 0xC3, 0x87, 0x5D, 0xFC, 0xEC, 0x89, 0x09, 0x58,
    0x1F, 0xD5, 0xE0, 0xDF, 0xB3, 0xCA, 0x21, 0xAB, 0x72, 0xAE, 0xA6, 0x75, 0x15, 0x5D, 0x55, 0x0F,
    0x5C, 0x1F, 0x81, 0xB2, 0xCA, 0x51, 0xA6, 0x0D, 0xCA, 0xA8, 0x47, 0x19, 0x8C, 0x28, 0x51, 0xE5,
    0x25, 0xD2, 0xE6, 0x00, 0x51, 0x7F, 0x01, 0x81, 0x05, 0xF0, 0x23, 0xE0, 0x57, 0xE4, 0x9C, 0x4D,
    0x69, 0x40, 0x42, 0xD3, 0xB4, 0xAD, 0xE5, 0x80, 0x2C, 0x92, 0xD6, 0x42, 0xD7, 0x16, 0x5B, 0x58,
    0xCE, 0xCB, 0x26, 0x2D, 0xAC, 0xAE, 0xD1, 0xAF, 0x81, 0xE6, 0x23, 0x3C, 0x5F, 0x07, 0x40, 0x5E,
    0x01, 0x6D, 0x66, 0x30, 0x70, 0xA2, 0x36, 0xB4, 0xB0, 0xD8, 0xD0, 0x32, 0x63, 0x39, 0x58, 0x8B,
    0xD0, 0x5A, 0x60, 0x43, 0xCB, 0xEC, 0xBB, 0xC5, 0x91, 0x4D, 0x78, 0x96, 0xA2, 0xC1, 0xAF, 0x3B,
    0x17, 0xB8, 0xE1, 0x80, 0x1B, 0x4B, 0x26, 0x94, 0x4C, 0x2C, 0x59, 0xA0, 0x64, 0xA1, 0x92, 0x05,
    0xCB, 0x0D, 0x70, 0x6C, 0x81, 0xAA, 0xA3, 0xFD, 0x51, 0x7C, 0x49, 0x9D, 0xAD, 0xE8, 0x85, 0x5F,
    0xDA, 0x4D, 0x30, 0x64, 0x65, 0xD2, 0x1E, 0xCE, 0xE8, 0x51, 0xFD, 0x6B, 0x56, 0xFA, 0xE8, 0x4F,
    0xC3, 0x73, 0x3E, 0x33, 0x77, 0xD5, 0x18, 0x19, 0x9C, 0xEC, 0xD5, 0x50, 0x5D, 0x5A, 0x23, 0x31,
    0xC7, 0x40, 0x16, 0x0C, 0xC0, 0xFA, 0x9B, 0x7F, 0x8A, 0xDC, 0x71, 0x99, 0x09, 0x87, 0xAA, 0x03,
    0x52, 0x6A, 0x45, 0xD4, 0x6A, 0x20, 0x98, 0xFE, 0x04, 0xBE, 0x0F, 0x6F, 0x02, 0x3A, 0x9C, 0xDE,
    0xF8, 0x12, 0x50, 0x8C, 0x14, 0x5F, 0x3F, 0x3D, 0x32, 0xCF, 0xD3, 0x10, 0xF6, 0x49, 0x8D, 0xB8,
    0x39, 0x64, 0xD5, 0xDC, 0x02, 0x2B, 0x29, 0x73, 0x82, 0xF3, 0x35, 0x7F, 0xEB, 0x9C, 0x35, 0xB6,
    0xC8, 0x10, 0x0E, 0x58, 0x17, 0xD7, 0x3A, 0x48, 0x82, 0xA0, 0xC1, 0x21, 0x18, 0x4F, 0xEB, 0xC0,
    0xF2, 0x34, 0x54, 0x3C, 0x0D, 0xA9, 0xF9, 0x01, 0x3C, 0x4D, 0xE7, 0x3C, 0x8D, 0x69, 0x4B, 0x44,
    0x2C, 0x80, 0x60, 0x2C, 0x8E, 0x0C, 0x36, 0x53, 0x1E, 0xA1, 0x06, 0x24, 0x75, 0xDC, 0x32, 0x9D,
    0x93, 0xB1, 0x4C, 0x94, 0xD3, 0x46, 0x28, 0x57, 0x27, 0x32, 0x95, 0xC1, 0x2E, 0x57, 0xDD, 0x72,
    0xBF, 0x5E, 0x9E, 0x63, 0xFE, 0xEE, 0x83, 0x62, 0xFC, 0xCA, 0xB9, 0x91, 0xCF, 0x77, 0x72, 0x8C,
    0x65, 0xDF, 0x04, 0xFD, 0x84, 0xC6, 0x58, 0x14, 0x67, 0x45, 0x59, 0xF0, 0x18, 0xE2, 0x10, 0x84,
    0x85, 0x95, 0x63, 0xB8, 0x7C, 0x3E, 0x73, 0x5E, 0x7C, 0x9A, 0xE5, 0xC5, 0x7E, 0x79, 0x75, 0xBB,
    0xB4, 0xDA, 0xF5, 0xB1, 0x33, 0xA1, 0xE3, 0xEC, 0x00, 0x7C, 0x40, 0x43, 0xD5, 0x0A, 0x2C, 0x11,
    0x38, 0x02, 0xD9, 0x7C, 0x71, 0x20, 0x36, 0x58, 0x11, 0x01, 0x55, 0x19, 0xD5, 0x11, 0xF4, 0xEA,
    0x5C, 0xFF, 0x74, 0xCD, 0x89, 0xE4, 0x01, 0xF2, 0x9E, 0x39, 0x25, 0xD9, 0xD9, 0x10, 0xBE, 0x0B,
    0x2B, 0xF8, 0x58, 0x10, 0xE4, 0x84, 0x33, 0x8C, 0x0A, 0xD2, 0x76, 0xBE, 0x53, 0x56, 0x82, 0xA5,
    0xDF, 0x3B, 0x8F, 0xF2, 0x18, 0x3C, 0x45, 0xE7, 0x8C, 0xA5, 0x4F, 0x8B, 0x0A, 0x91, 0xC8, 0x94,
    0x43, 0xEA, 0x9D, 0x0B, 0xAA, 0x9B, 0x8F, 0x3A, 0x9F, 0x23, 0xE8, 0xF9, 0xDF, 0xE8, 0xAF, 0xD6,
    0x22, 0xBD, 0x31, 0x68, 0x1C, 0xEA, 0x6D, 0x5A, 0x8F, 0xEB, 0xEC, 0x67, 0xE3, 0x86, 0x84, 0x97,
    0x1B, 0xAF, 0x1C, 0x93, 0x49, 0x6E, 0x42, 0x11, 0xCC, 0x94, 0x5B, 0xE2, 0x24, 0xBC, 0x05, 0xE0,
    0x16, 0xEE, 0x62, 0x8D, 0x7B, 0xF5, 0xED, 0xF6, 0x74, 0x71, 0x7A, 0xF9, 0x74, 0xEF, 0x14, 0xFF,
    0xF7, 0x07, 0x08, 0xEC, 0x7C, 0xBF, 0x22, 0x43, 0xB1, 0xFB, 0x56, 0x64, 0x6A, 0x3B, 0xED, 0x52,
    0xD1, 0xAC, 0x56, 0xBF, 0x72, 0x33, 0x4E, 0xE8, 0x69, 0xE6, 0x8F, 0x44, 0x35, 0x5F, 0xD6, 0x8A,
    0x9B, 0xDB, 0x44, 0x70, 0xC6, 0xBF, 0xFB, 0x41, 0x89, 0x25, 0xAA, 0x04, 0x2F, 0x7C, 0x6A, 0x5A,
    0xCC, 0x37, 0x48, 0x28, 0x6F, 0x20, 0xEC, 0x18, 0x0D, 0x2D, 0x82, 0x27, 0xE1, 0x63, 0xC4, 0x37,
    0xC2, 0x07, 0xE6, 0x4A, 0x12, 0xDE, 0xEF, 0x16, 0x49, 0x68, 0x16, 0xDF, 0x12, 0xEF, 0x81, 0xC0,
    0x5B, 0xC1, 0x99, 0x56, 0x53, 0xE3, 0x5B, 0x95, 0x7B, 0x5D, 0x30, 0x45, 0xF4, 0x1C, 0xD9, 0x19,
    0x8A, 0x44, 0x05, 0xFD, 0x2C, 0x2E, 0x33, 0x73, 0x15, 0x0B, 0xBC, 0xB5, 0xEE, 0xA7, 0x59, 0x2D,
    0x88, 0x83, 0x69, 0x7E, 0xD3, 0x24, 0x43, 0xCE, 0xD4, 0x4F, 0x57, 0xE6, 0xEC, 0x27, 0xEE, 0x97,
    0xEA, 0x74, 0x2D, 0x32, 0x28, 0x84, 0x3A, 0xD4, 0xFC, 0x99, 0x0B, 0xA8, 0x63, 0x0B, 0x45, 0xBA,
    0x9C, 0x21, 0x6E, 0xA0, 0x48, 0xD9, 0x0C, 0x20, 0x1C, 0xFC, 0xBF, 0x27, 0xBF, 0xF1, 0x7B, 0x20,
    0xFB, 0x25, 0x37, 0xB0, 0x73, 0x1D, 0xA9, 0x39, 0xD7, 0xDF, 0xFD, 0xF2, 0xCF, 0x37, 0x59, 0xB7,
    0xFB, 0x37, 0xAB, 0xCF, 0x5C, 0xA8, 0x7E, 0x23, 0xB0, 0x9D, 0xCE, 0xF3, 0x9B, 0xCF, 0xFA, 0x99,
    0xE0, 0x8B, 0xBE, 0x43, 0x4B, 0xC5, 0xCB, 0x90, 0x6B, 0xD9, 0xF1, 0x80, 0xC4, 0x8D, 0xD0, 0xCE,
    0x01, 0x19, 0x76, 0x8C, 0xBE, 0x5C, 0xEC, 0x15, 0x3E, 0x6F, 0x97, 0xFC, 0xEF, 0x37, 0xAD, 0xF1,
    0xC9, 0xE6, 0x57, 0xA4, 0xEC, 0x21, 0x72, 0x16, 0xA1, 0x08, 0xDD, 0x18, 0x7F, 0x77, 0xBD, 0x0F,
    0xBF, 0x38, 0x1D, 0xC3, 0xE1, 0x10, 0xB0, 0x82, 0xE3, 0xC4, 0x14, 0x45, 0xF5, 0x85, 0xA8, 0x7F,
    0xE4, 0x01, 0x68, 0x09, 0xAC, 0x88, 0x70, 0x20, 0xA2, 0x96, 0x38, 0x5F, 0xEF, 0xD5, 0x00, 0x1F,
    0x84, 0x1D, 0x11, 0x2D, 0x89, 0xCB, 0x09, 0xB1, 0x50, 0x74, 0xB6, 0xFC, 0xE1, 0xEF, 0x05, 0xE8,
    0xF9, 0x10, 0x7A, 0x50, 0x6C, 0xEA, 0x53, 0x3A, 0x88, 0xFC, 0x8D, 0x91, 0x39, 0xCC, 0x2B, 0x17,
    0x9C, 0x0A, 0x96, 0x82, 0x8D, 0xE0, 0x37, 0xB9, 0x09, 0xBB, 0x1E, 0x2D, 0xB0, 0x8F, 0x06, 0x88,
    0x73, 0x42, 0x19, 0x22, 0xAA, 0x89, 0x2B, 0x12, 0xBD, 0x03, 0xE0, 0x76, 0x43, 0xDC, 0xCB, 0x89,
    0xD5, 0x5C, 0x45, 0xEA, 0xBD, 0x44, 0x4C, 0x40, 0x31, 0xC6, 0x8B, 0xD9, 0x7F, 0x95, 0x18, 0xCD,
    0xE0, 0xEE, 0x12, 0xDF, 0x4B, 0xC4, 0xFC, 0x07, 0xD5, 0x99, 0x01, 0xA4, 0x25, 0x59, 0x7A, 0xC7,
    0x7F, 0x55, 0x27, 0x99, 0x8A, 0xAE, 0xCC, 0x56, 0xA0, 0x37, 0xB2, 0xBB, 0x99, 0x5A, 0x04, 0xC9,
    0x98, 0xEE, 0x82, 0xC6, 0x23, 0xF7, 0xDE, 0x2A, 0x09, 0x09, 0x82, 0x0C, 0xE6, 0xCD, 0x00, 0x26,
    0x80, 0x31, 0xC1, 0x2C, 0x1E, 0x1A, 0xAF, 0xBB, 0x8A, 0x20, 0x58, 0xE4, 0x21, 0x01, 0x30, 0x8D,
    0xC6, 0xF6, 0x5B, 0xF4, 0x90, 0x0E, 0x8F, 0xDC, 0xF7, 0xEA, 0x24, 0x83, 0x60, 0x91, 0xDA, 0x10,
    0xB0, 0xD8, 0x93, 0xE9, 0x9D, 0x6C, 0x4C, 0xD0, 0x95, 0x6C, 0x8D, 0xD4, 0xEE, 0x54, 0xDD, 0x93,
    0xF3, 0xDD, 0x7A, 0x75, 0xEB, 0xDE, 0x79, 0xAF, 0x5F, 0xCF, 0xDB, 0x9D, 0x15, 0x39, 0xEF, 0xFD,
    0xBF, 0x3A, 0xE7, 0x9C, 0xEF, 0xFB, 0x9F, 0xFF, 0x39, 0xE7, 0xDC, 0x73, 0x6F, 0x55, 0x9D, 0x42,
    0xB7, 0x80, 0x36, 0xC5, 0x6B, 0x52, 0xFC, 0x3A, 0xCE, 0x54, 0x1D, 0xFD, 0xCD, 0x5B, 0x26, 0xB2,
    0xB6, 0x0A, 0xAD, 0xD5, 0x41, 0x15, 0x69, 0x65, 0xA2, 0x42, 0xB9, 0x16, 0xBF, 0x4E, 0x10, 0x2F,
    0xDA, 0x05, 0x74, 0x87, 0xB0, 0x5C, 0xC2, 0x61, 0x0B, 0x8B, 0x06, 0xD2, 0x1A, 0x12, 0x87, 0xD8,
    0xC0, 0xEB, 0x44, 0x2B, 0x52, 0x5B, 0xE4, 0x91, 0x5E, 0x86, 0xEE, 0xBF, 0x5A, 0xC2, 0xCE, 0xFF,
    0x4B, 0x85, 0xAB, 0x3F, 0x0D, 0x75, 0xFA, 0x58, 0x27, 0x36, 0x0B, 0x7B, 0xFC, 0xEF, 0x00, 0x25,
    0x10, 0x55, 0xA0, 0x1A, 0xA0, 0x03, 0x16, 0x40, 0x82, 0x6F, 0xFF, 0xB4, 0x88, 0xEC, 0x33, 0x9D,
    0x54, 0xA5, 0x4E, 0x49, 0xF4, 0x7D, 0x22, 0x7D, 0xCF, 0xE1, 0x74, 0x0B, 0x52, 0x5E, 0x10, 0x15,
    0xAE, 0x3D, 0x8B, 0xAB, 0x92, 0xD0, 0x76, 0x78, 0xD6, 0x60, 0xAD, 0x2D, 0x04, 0xEF, 0x1E, 0x3F,
    0x2E, 0x20, 0xBA, 0x80, 0xAF, 0xB9, 0xFA, 0xD4, 0x5A, 0x81, 0x94, 0x9F, 0x0B, 0x89, 0x1F, 0xB9,
    0x20, 0xD0, 0x10, 0x4A, 0x3D, 0x2E, 0xCE, 0x08, 0x20, 0x77, 0x28, 0x1D, 0xFE, 0xC7, 0xE0, 0xFD,
    0xC4, 0xE0, 0x3F, 0x35, 0xA8, 0x0F, 0x0D, 0xC1, 0x3F, 0xC9, 0x54, 0xAE, 0xC1, 0x6D, 0x65, 0x98,
    0x3B, 0xCC, 0x1C, 0x4E, 0x1C, 0x6A, 0x65, 0x3C, 0x07, 0xDF, 0x28, 0xA3, 0xAA, 0xC0, 0x8C, 0x5C,
    0x11, 0x70, 0x1B, 0x98, 0x21, 0x09, 0xEF, 0x08, 0x50, 0x9A, 0xD0, 0xBE, 0x9F, 0x91, 0x5B, 0x8B,
    0xBF, 0x7A, 0xD3, 0x12, 0xD6, 0x58, 0x1D, 0x69, 0xFF, 0x33, 0x93, 0x64, 0xEA, 0xC3, 0x3A, 0x25,
    0xFA, 0x83, 0x66, 0x41, 0x42, 0x7B, 0x8F, 0x19, 0xDD, 0x3D, 0x1A, 0xBA, 0x85, 0x57, 0xD3, 0xA6,
    0x4A, 0xBB, 0x25, 0x8B, 0x32, 0xB7, 0x7E, 0xCF, 0x08, 0x4D, 0xD8, 0x91, 0x68, 0x25, 0x04, 0x9E,
    0xB5, 0x1D, 0xEA, 0x7B, 0xF6, 0x88, 0x28, 0x03, 0x6E, 0x20, 0x29, 0x32, 0xC3, 0x22, 0xA6, 0x0E,
    0x8B, 0x16, 0x0E, 0x3B, 0x59, 0xE4, 0x61, 0xB1, 0xDB, 0xC5, 0xF9, 0x16, 0x49, 0x90, 0xCD, 0x20,
    0x9B, 0x42, 0x36, 0x47, 0xE8, 0xFE, 0x22, 0xD9, 0x26, 0x85, 0x32, 0xB2, 0x79, 0xC4, 0x23, 0xDD,
    0x7F, 0xB3, 0x71, 0x23, 0x69, 0x4B, 0xE9, 0x03, 0x90, 0xAB, 0x94, 0x5D, 0x5B, 0x73, 0x1E, 0x5D,
    0x8B, 0xBF, 0x8B, 0xAE, 0x24, 0xFA, 0x85, 0x9B, 0xEC, 0x5E, 0x77, 0x61, 0x93, 0x79, 0xA5, 0x5D,
    0x85, 0xD6, 0xAE, 0x92, 0x0A, 0x72, 0xA0, 0x07, 0xBA, 0x2D, 0x58, 0xD7, 0x26, 0xD8, 0xAE, 0x13,
    0x3F, 0xF1, 0x97, 0x38, 0x89, 0x07, 0x5F, 0x56, 0xD3, 0x21, 0xC2, 0x61, 0xE2, 0xFC, 0xF8, 0xF4,
    0x8D, 0x9C, 0x13, 0x7A, 0x6A, 0x3A, 0x81, 0x6F, 0xE8, 0xDF, 0xFA, 0xF8, 0x8D, 0x0D, 0x67, 0x04,
    0x5D, 0xEC, 0x70, 0x0B, 0xF2, 0x19, 0x24, 0xFD, 0xFE, 0x1B, 0x6B, 0x4E, 0x07, 0xE7, 0x8A, 0xD2,
    0x03, 0x5E, 0xCA, 0xA4, 0x2F, 0x3D, 0x87, 0x3B, 0x90, 0x5B, 0x7D, 0x20, 0x19, 0x66, 0x10, 0x59,
    0x0D, 0x38, 0x6F, 0x07, 0x2B, 0x82, 0x6A, 0xF0, 0xBA, 0xF3, 0x51, 0xDC, 0x07, 0x16, 0x82, 0xB1,
    0xBB, 0xB1, 0x0C, 0x9C, 0x02, 0x9D, 0xF8, 0x4B, 0x9C, 0x34, 0xB1, 0x3B, 0x04, 0xE1, 0x13, 0xC8,
    0xA4, 0x34, 0xF0, 0x77, 0x1D, 0xD4, 0xBD, 0xC3, 0x7D, 0x3C, 0xB3, 0x40, 0x55, 0x13, 0x67, 0xC4,
    0x42, 0xC0, 0x2D, 0x4E, 0x65, 0xC7, 0x70, 0x38, 0x71, 0x7E, 0x7E, 0x08, 0xA5, 0xED, 0xBE, 0xF8,
    0xFF, 0xBB, 0xC7, 0xC7, 0xDF, 0x71, 0x44, 0xBD, 0x40, 0xD6, 0xF7, 0x97, 0x89, 0x1B, 0x99, 0x5F,
    0xC8, 0xEE, 0xF9, 0x65, 0xE1, 0xBD, 0x4F, 0xBE, 0xFB, 0x1F, 0xE3, 0x58, 0x5E, 0x3D, 0x3E, 0x7E,
    0x28, 0xFB, 0x58, 0x90, 0x02, 0xB1, 0x86, 0xD0, 0x6C, 0x1D, 0x56, 0x39, 0x90, 0x16, 0xE7, 0x27,
    0x58, 0x0D, 0xBE, 0x54, 0xAE, 0x80, 0x1E, 0x54, 0x3B, 0xAC, 0x71, 0xA4, 0x21, 0xCD, 0xA4, 0x1A,
    0xAF, 0x13, 0xB7, 0xC1, 0x3D, 0x29, 0x20, 0xDF, 0xE2, 0xDF, 0xDF, 0xCF, 0xD6, 0x4B, 0x51, 0xC9,
    0x87, 0x46, 0x40, 0xA8, 0xB9, 0x0C, 0x42, 0x78, 0xA5, 0xCF, 0x4B, 0x05, 0x0C, 0x39, 0xE2, 0x0C,
    0x58, 0x70, 0xAE, 0xD6, 0xAB, 0x01, 0x65, 0x18, 0x34, 0x91, 0x00, 0xCC, 0xC7, 0x46, 0x5F, 0x1A,
    0x83, 0x4A, 0x1A, 0x25, 0x3E, 0x05, 0x38, 0x14, 0xD3, 0x22, 0xA2, 0x47, 0xC6, 0x28, 0x1B, 0x1B,
    0x97, 0x62, 0x62, 0xB3, 0x77, 0xF7, 0xC1, 0x37, 0xCC, 0xAF, 0x3F, 0xF8, 0xC6, 0xDE, 0xDD, 0xD8,
    0xA4, 0x59, 0xA9, 0xAD, 0x2E, 0x75, 0x9A, 0x6D, 0xDC, 0x8B, 0x31, 0x26, 0x41, 0x02, 0x49, 0x6B,
    0xE6, 0xA4, 0x0D, 0x87, 0xDC, 0x6C, 0x85, 0x62, 0x29, 0xFC, 0x87, 0xD4, 0x30, 0x17, 0x05, 0x0B,
    0x91, 0x97, 0xA8, 0x0A, 0xE2, 0x40, 0x86, 0xFA, 0x27, 0x62, 0xFE, 0xAA, 0x80, 0xF0, 0x9F, 0x01,
    0xF5, 0x4C, 0xCC, 0x4A, 0x4C, 0xCF, 0x30, 0x9D, 0x71, 0x13, 0x9B, 0xBC, 0xCF, 0xBB, 0x36, 0x31,
    0x87, 0x75, 0xA4, 0xE7, 0x75, 0x58, 0x2C, 0xEA, 0x40, 0x2F, 0xEA, 0xB0, 0x9A, 0xB7, 0xAF, 0xD4,
    0x87, 0x79, 0x67, 0xBB, 0xD8, 0x24, 0x66, 0x79, 0x59, 0xDA, 0xFD, 0x82, 0x3A, 0x61, 0x59, 0x53,
    0x56, 0x94, 0x05, 0x25, 0x9C, 0x49, 0x25, 0x9D, 0x2C, 0xA9, 0xEA, 0x88, 0x3A, 0x6E, 0x2F, 0x99,
    0xED, 0xF8, 0xB3, 0x8C, 0xF4, 0x2F, 0xF2, 0xCF, 0x8D, 0xA3, 0xDD, 0x93, 0x77, 0xD9, 0x41, 0x77,
    0x8A, 0xD7, 0x2E, 0xE4, 0x3C, 0x45, 0xD5, 0x49, 0x26, 0x7B, 0x72, 0xFD, 0x57, 0x04, 0x9B, 0x93,
    0x76, 0xE1, 0x3C, 0x7E, 0x0F, 0x1E, 0xA6, 0x78, 0xC3, 0xC9, 0x3A, 0x9E, 0xAA, 0x9B, 0x13, 0x35,
    0xC1, 0x6F, 0x52, 0xE8, 0x16, 0x0E, 0xC3, 0x49, 0x2A, 0x53, 0x3E, 0x9C, 0xA2, 0x0E, 0x37, 0x5F,
    0x47, 0x59, 0x9B, 0xC5, 0xF2, 0xDD, 0x73, 0x14, 0x36, 0xF7, 0xF1, 0xC4, 0xAB, 0xEB, 0x60, 0xF9,
    0x7F, 0x09, 0xD1, 0x90, 0xE3, 0x77, 0xE9, 0xC7, 0xEF, 0xD5, 0xF2, 0x53, 0xC4, 0xB3, 0x2B, 0xE0,
    0xAB, 0x8F, 0x90, 0x8C, 0x72, 0x08, 0xCD, 0xF8, 0x01, 0xF8, 0x72, 0x90, 0x14, 0x1C, 0x5B, 0xB0,
    0xBD, 0x83, 0x01, 0x3C, 0x31, 0x41, 0x2B, 0xA6, 0x03, 0x54, 0xC3, 0xF5, 0xD2, 0x2B, 0x70, 0x9B,
    0x54, 0x53, 0x16, 0x6B, 0x93, 0x64, 0xA4, 0x97, 0xD6, 0x5D, 0x23, 0x5D, 0xAE, 0x4A, 0x3E, 0x67,
    0xA5, 0x4E, 0x0B, 0x76, 0xD2, 0x54, 0x9F, 0x14, 0xAA, 0xCE, 0x75, 0xD4, 0xE6, 0x55, 0xD4, 0xA5,
    0xEE, 0xFA, 0x35, 0x7C, 0xC3, 0x25, 0x49, 0xEA, 0xD3, 0x73, 0x3F, 0xF1, 0x97, 0x38, 0xBF, 0x21,
    0x94, 0xFD, 0x2E, 0x76, 0x7B, 0x06, 0x86, 0xC3, 0x09, 0x99, 0x35, 0x20, 0xAD, 0xC4, 0x6C, 0x8A,
    0xD2, 0x5C, 0x0F, 0x66, 0x37, 0x5D, 0x70, 0x8E, 0x8D, 0x32, 0x79, 0xA7, 0x4C, 0x9F, 0xAB, 0xAA,
    0x8D, 0xBF, 0xAD, 0xDB, 0xD0, 0xEA, 0xD6, 0x5F, 0x11, 0x35, 0xAA, 0x4A, 0x7B, 0xD5, 0x76, 0x09,
    0xCB, 0x26, 0x2A, 0xE6, 0x4D, 0xA8, 0xE7, 0x4D, 0x50, 0xCD, 0x3B, 0x55, 0x2F, 0x53, 0x6C, 0x1B,
    0x93, 0x1A, 0x84, 0xA1, 0x51, 0xA6, 0xEC, 0x55, 0xD5, 0xA5, 0xDF, 0xAE, 0xDA, 0xC8, 0xC5, 0x2A,
    0xCB, 0xE7, 0x93, 0xB5, 0xD6, 0x08, 0x10, 0xFF, 0x7A, 0xE8, 0xAF, 0x5B, 0xF7, 0xF7, 0xC3, 0xA1,
    0x3F, 0x6F, 0xC5, 0x98, 0xF6, 0xE5, 0xDC, 0x9D, 0xFC, 0x9F, 0x53, 0x7F, 0x63, 0x58, 0x5D, 0x6E,
    0x01, 0x33, 0xA7, 0x21, 0x37, 0x65, 0xF7, 0xF7, 0x8E, 0xF3, 0x27, 0x8E, 0xD3, 0x0E, 0x9C, 0x6A,
    0x05, 0x4A, 0x43, 0x98, 0xB1, 0xFF, 0xF6, 0x56, 0xEC, 0x0C, 0xB8, 0x0B, 0x3C, 0x71, 0x9C, 0x9F,
    0x4E, 0xF5, 0xE2, 0x3A, 0x7D, 0x83, 0x0F, 0xEC, 0xCF, 0x9B, 0x1B, 0xAE, 0x6C, 0xDB, 0xD5, 0x36,
    0x74, 0x56, 0x23, 0x88, 0x3F, 0x7A, 0x5A, 0xE5, 0xF6, 0x43, 0xD3, 0x97, 0x1F, 0xBA, 0x98, 0x1F,
    0x68, 0x37, 0x5F, 0x0E, 0x2B, 0xC4, 0x35, 0xEE, 0x54, 0xB5, 0xE6, 0xB3, 0x8E, 0xCF, 0xFE, 0x40,
    0xFF, 0xF4, 0x3F, 0xAD, 0xFE, 0xEC, 0x1F, 0x57, 0x5C, 0xA6, 0x2B, 0xEC, 0x69, 0x13, 0xFB, 0xFD,
    0x36, 0x8D, 0x6C, 0x3D, 0xF7, 0xAC, 0xE6, 0x3C, 0x05, 0x2D, 0x6E, 0xF8, 0x59, 0x9B, 0xBE, 0xFD,
    0xEF, 0xCD, 0x42, 0xB9, 0x36, 0xF2, 0x62, 0x6C, 0x0B, 0x57, 0x12, 0xE3, 0xEA, 0x43, 0xA9, 0x2F,
    0x8B, 0x0E, 0x96, 0xA7, 0xD0, 0xA5, 0x47, 0xBF, 0xE9, 0x62, 0x6C, 0xED, 0x5B, 0x9B, 0xB1, 0x95,
    0x02, 0x6B, 0x8B, 0xC4, 0xD5, 0xE7, 0x99, 0xEA, 0xC4, 0xEF, 0x1D, 0x78, 0x27, 0x07, 0xB0, 0x85,
    0x98, 0xBF, 0x90, 0x69, 0x13, 0xB3, 0xE0, 0x62, 0x5A, 0xB0, 0xE3, 0x22, 0x11, 0x48, 0x2C, 0x24,
    0x19, 0x58, 0x83, 0xFF, 0x6F, 0x35, 0x4A, 0x7F, 0x80, 0x5F, 0xD5, 0x78, 0xAE, 0x2C, 0x3A, 0xB7,
    0xD3, 0x4D, 0xB7, 0xD8, 0xA5, 0xB5, 0x5A, 0xF0, 0xBC, 0x7A, 0x5F, 0x78, 0x6C, 0x03, 0xFB, 0xCB,
    0x69, 0xA2, 0x13, 0x03, 0xAF, 0x31, 0xA5, 0xB9, 0x34, 0x7D, 0x71, 0xCE, 0x69, 0xF1, 0xE6, 0x17,
    0x16, 0xCF, 0x89, 0xE5, 0xE6, 0x5B, 0xFF, 0x3A, 0xF9, 0x46, 0xBB, 0xEB, 0x7C, 0xF3, 0x74, 0xE2,
    0xF1, 0xB6, 0x7E, 0xBC, 0x85, 0x5B, 0x8B, 0xF7, 0x5B, 0xC0, 0xE8, 0x23, 0xFD, 0x5E, 0x77, 0xCC,
    0x30, 0xDB, 0xD1, 0x35, 0xD6, 0x8B, 0xAE, 0xCD, 0x4E, 0x09, 0x33, 0x6E, 0xBE, 0x3D, 0xC5, 0x6C,
    0x42, 0x9E, 0x38, 0xAE, 0x4F, 0xA7, 0xFA, 0x8D, 0xBE, 0x6C, 0xD0, 0xB6, 0xD3, 0xF7, 0xF5, 0xCA,
    0x32, 0x42, 0x0D, 0x32, 0x27, 0x3D, 0xD8, 0x0A, 0xB9, 0x94, 0x15, 0x9C, 0x8A, 0x5F, 0x06, 0x79,
    0x03, 0x81, 0xDD, 0xC9, 0x88, 0x58, 0x07, 0xB2, 0xCB, 0xC6, 0x79, 0x84, 0xC4, 0x0E, 0x1C, 0x71,
    0x0F, 0x9E, 0xDD, 0x64, 0x34, 0x7C, 0xDD, 0x21, 0xD1, 0xF8, 0xB6, 0x20, 0x69, 0xC7, 0x0B, 0x65,
    0x01, 0x27, 0x42, 0x78, 0xF5, 0x9C, 0x3E, 0xC0, 0x10, 0x98, 0xC0, 0x90, 0x54, 0x8E, 0xC3, 0x7A,
    0x2B, 0xC2, 0x26, 0x6C, 0x48, 0x75, 0x5E, 0xD0, 0xD3, 0x43, 0x43, 0x0D, 0x2B, 0x56, 0x38, 0x8F,
    0x54, 0x13, 0xB4, 0x41, 0x03, 0x25, 0x16, 0x62, 0x89, 0x50, 0x46, 0x19, 0x61, 0x79, 0xC0, 0x26,
    0x55, 0x68, 0x68, 0x11, 0x0D, 0x99, 0xB8, 0x99, 0xC4, 0xE0, 0x77, 0xAA, 0x93, 0x6D, 0xED, 0x54,
    0x45, 0x26, 0xAA, 0x86, 0xB0, 0xD8, 0xC4, 0x15, 0xE2, 0xA3, 0xDA, 0xA0, 0x15, 0xBA, 0x0A, 0xCB,
    0x4A, 0x62, 0x1B, 0xD0, 0x8C, 0x12, 0xBF, 0xE9, 0x15, 0xE9, 0x63, 0xED, 0x3C, 0x82, 0x8E, 0x28,
    0xE2, 0xB5, 0x20, 0xDB, 0x53, 0xFA, 0xC0, 0xD7, 0xDF, 0xF2, 0xF5, 0x07, 0x9E, 0xFB, 0x77, 0x19,
    0x29, 0xBA, 0xCA, 0x59, 0x90, 0x45, 0x91, 0xB8, 0xA9, 0x16, 0x17, 0xF2, 0x3B, 0x5E, 0x31, 0xEC,
    0xE0, 0xF1, 0xEE, 0x75, 0x4E, 0xC7, 0x6C, 0x79, 0xCA, 0x89, 0xFB, 0x98, 0x7F, 0x36, 0x7D, 0xCC,
    0xD5, 0xF9, 0xE4, 0x47, 0xC5, 0xF4, 0x31, 0xBF, 0x17, 0xB4, 0xA7, 0x33, 0xBA, 0x93, 0x13, 0x0E,
    0xA9, 0xC1, 0x73, 0x50, 0x15, 0x7C, 0x7E, 0xC7, 0xC1, 0x7F, 0xC9, 0xCC, 0x6B, 0x94, 0x43, 0xDC,
    0xE3, 0xC9, 0xC5, 0x42, 0xF9, 0x3E, 0x2C, 0x6F, 0x41, 0xB9, 0x84, 0xA4, 0x03, 0x59, 0x15, 0x6C,
    0x8B, 0xF7, 0x91, 0x2D, 0x7C, 0x37, 0x6F, 0x4A, 0xFB, 0x7A, 0x7D, 0x8C, 0x65, 0xE3, 0x31, 0x76,
    0x91, 0xFB, 0x81, 0xC3, 0x99, 0x6F, 0x28, 0x9F, 0x6A, 0x42, 0xAB, 0xA1, 0x34, 0x10, 0xAD, 0x1C,
    0x4A, 0xCD, 0xAD, 0x50, 0x33, 0xCB, 0x35, 0xA9, 0xCD, 0x28, 0x1B, 0x64, 0x13, 0xE5, 0xF5, 0xB0,
    0x43, 0xFE, 0x56, 0xC3, 0x05, 0xEE, 0xE9, 0x18, 0xCE, 0x20, 0x15, 0x32, 0x47, 0xBA, 0x82, 0xB2,
    0x76, 0xDC, 0x86, 0xFC, 0xA3, 0x8A, 0x33, 0xA5, 0x39, 0x73, 0x81, 0xB9, 0xE3, 0x0A, 0x1D, 0x84,
    0x97, 0xC4, 0x65, 0x66, 0xCE, 0xF7, 0x6E, 0xA0, 0x79, 0x42, 0x86, 0xCC, 0x85, 0x81, 0x3F, 0xFF,
    0xE4, 0x78, 0xB3, 0x93, 0x2E, 0xEB, 0x27, 0xE3, 0x16, 0x27, 0xCC, 0x28, 0x8B, 0xBB, 0x24, 0xDD,
    0x13, 0x7C, 0x5B, 0x0F, 0x13, 0x21, 0xF3, 0xA4, 0x7E, 0xA8, 0x09, 0xDE, 0x97, 0x41, 0x4D, 0x3B,
    0xB6, 0x1F, 0xE6, 0xEA, 0xE4, 0x2E, 0x64, 0x4F, 0xE0, 0xC5, 0xFD, 0xF0, 0x4D, 0xF0, 0x85, 0xB4,
    0x1E, 0x08, 0x1A, 0x77, 0xC9, 0xE4, 0x42, 0x92, 0x39, 0x5C, 0xFC, 0xA4, 0x48, 0x46, 0x58, 0x1D,
    0xF8, 0x8D, 0xED, 0xAF, 0x80, 0x74, 0xF8, 0x0A, 0xD0, 0x19, 0xB0, 0x04, 0x97, 0x1B, 0xD7, 0x6C,
    0x3B, 0x13, 0x0F, 0x58, 0x2F, 0x70, 0x37, 0x5E, 0x10, 0xDF, 0xE5, 0xD6, 0xA7, 0x2C, 0x6E, 0x43,
    0x9D, 0xDB, 0xB7, 0xF5, 0x32, 0xB6, 0xC5, 0xD2, 0x5F, 0x01, 0xDE, 0x03, 0x50, 0xB5, 0x83, 0x39,
    0xBF, 0xD5, 0x2A, 0x1C, 0x1F, 0xBC, 0xD7, 0x92, 0x5B, 0x4D, 0xD9, 0x42, 0x69, 0x2B, 0x3C, 0xC9,
    0x48, 0xBD, 0xB4, 0x8B, 0x9F, 0xF3, 0x97, 0x38, 0x89, 0x7F, 0xE7, 0x5C, 0xD7, 0x7D, 0x69, 0x95,
    0x39, 0xA8, 0x20, 0x68, 0x65, 0x48, 0x3F, 0x82, 0xC4, 0xD6, 0x78, 0x0E, 0xEE, 0x2A, 0xE5, 0xA0,
    0x87, 0xB8, 0x1A, 0xFC, 0xC4, 0x5F, 0xE2, 0x24, 0x5E, 0xB8, 0x06, 0x84, 0x15, 0x24, 0x1A, 0x6F,
    0xD4, 0x70, 0x74, 0x85, 0x86, 0x60, 0xD0, 0x20, 0xF3, 0x3C, 0x9D, 0x20, 0xAF, 0x97, 0xD6, 0xD6,
    0x02, 0x79, 0xB2, 0x10, 0x39, 0xA4, 0xD5, 0xD0, 0x57, 0xF7, 0x1C, 0x48, 0x9B, 0xF8, 0x88, 0xAF,
    0xC4, 0xC8, 0x73, 0x2D, 0x9C, 0x69, 0x80, 0x97, 0x3A, 0xA4, 0x55, 0x4C, 0x22, 0x26, 0xCE, 0xC4,
    0x14, 0x1B, 0xB3, 0x75, 0x67, 0x26, 0xCE, 0x43, 0x98, 0x10, 0x30, 0x9D, 0xD6, 0xD3, 0x17, 0xCF,
    0x46, 0xD1, 0x27, 0x3F, 0x7B, 0x94, 0x53, 0xD3, 0x79, 0x86, 0x4E, 0xE9, 0x01, 0x61, 0x41, 0x17,
    0x81, 0xA0, 0xBC, 0x0D, 0xE9, 0xEA, 0xF8, 0xD1, 0xA8, 0x68, 0xDC, 0x6D, 0x7E, 0xC5, 0xE6, 0x6B,
    0x03, 0xA4, 0x56, 0xAA, 0x86, 0x3A, 0x02, 0x31, 0x61, 0xC6, 0xB6, 0xFC, 0xB4, 0x07, 0x66, 0x39,
    0x70, 0x92, 0x48, 0x40, 0x9C, 0x89, 0x29, 0xF0, 0x8D, 0x33, 0x4A, 0xC7, 0x99, 0x33, 0x09, 0x84,
    0x45, 0x0A, 0xD1, 0x1F, 0xED, 0xC8, 0x9F, 0x01, 0xDC, 0x15, 0xF3, 0x64, 0xEC, 0x4B, 0x24, 0x6C,
    0x8D, 0xE1, 0xF8, 0x51, 0x7E, 0xC5, 0xAC, 0x9E, 0x9D, 0xAF, 0x53, 0xEC, 0x7C, 0x95, 0x03, 0x5F,
    0x3D, 0x7E, 0xC4, 0x79, 0x72, 0xCF, 0x3B, 0x1E, 0x95, 0xAE, 0x4E, 0x30, 0xC9, 0x7D, 0xF5, 0xF8,
    0xBB, 0x12, 0x48, 0x8E, 0x84, 0x4E, 0xB3, 0x9D, 0x5D, 0x3E, 0xDB, 0x5E, 0x2F, 0x61, 0xAD, 0x98,
    0xCA, 0xC5, 0xFE, 0x35, 0x5B, 0xE9, 0x55, 0xD7, 0x81, 0x34, 0xD8, 0xC1, 0x9C, 0x9F, 0x8F, 0x66,
    0xFC, 0x86, 0x9F, 0xC6, 0x50, 0x3E, 0xCA, 0x87, 0x27, 0x39, 0x0E, 0x27, 0x0E, 0xB2, 0x26, 0x0E,
    0xCA, 0x38, 0xC8, 0x69, 0xA3, 0x49, 0xDF, 0xCF, 0xA6, 0x31, 0x2C, 0x1C, 0xED, 0x21, 0x38, 0x57,
    0xDE, 0xFD, 0xD9, 0x34, 0x86, 0xED, 0xDF, 0x0D, 0xD3, 0x6D, 0xFF, 0xB8, 0x42, 0x35, 0x22, 0x71,
    0x1C, 0xE3, 0xE3, 0x0E, 0x88, 0x4A, 0x20, 0x4E, 0x81, 0xDB, 0x32, 0xA8, 0x99, 0x98, 0x43, 0x19,
    0x63, 0x2B, 0xB9, 0x3A, 0x11, 0xC1, 0x29, 0xA8, 0xEF, 0xEF, 0x8C, 0xF1, 0xB1, 0x8C, 0x31, 0x42,
    0xA2, 0x64, 0x8C, 0x67, 0x3B, 0x63, 0x1C, 0xFA, 0x32, 0xE3, 0x6E, 0x30, 0x50, 0x39, 0x98, 0x17,
    0xE2, 0x57, 0x1C, 0x5E, 0x9E, 0xF0, 0x63, 0xDB, 0x19, 0xF3, 0x15, 0x2A, 0x97, 0xAF, 0xEA, 0x97,
    0x7D, 0x7D, 0xF7, 0x65, 0xA5, 0x6F, 0x13, 0x13, 0xDA, 0x16, 0xB6, 0x1E, 0x11, 0xAE, 0xDC, 0x0C,
    0x77, 0xC0, 0x55, 0x10, 0x9F, 0xD1, 0x5F, 0x34, 0x16, 0x6B, 0x03, 0xC4, 0xD7, 0x33, 0x53, 0xEC,
    0x75, 0x7A, 0x17, 0x8C, 0xFE, 0xB2, 0xE1, 0xA6, 0xCD, 0x77, 0x99, 0x2A, 0xB7, 0x63, 0x1E, 0xFF,
    0x9C, 0xAA, 0x24, 0xF6, 0x98, 0x29, 0x49, 0x91, 0x9D, 0xD6, 0x87, 0xB9, 0xB5, 0x9D, 0xE0, 0x1E,
    0x5C, 0x1B, 0xBF, 0x0B, 0x0F, 0xAF, 0x1B, 0x73, 0xFF, 0xF8, 0xB8, 0x1B, 0xFB, 0x24, 0xB4, 0x47,
    0x50, 0xBA, 0x8C, 0x5F, 0x2F, 0x13, 0xC2, 0x62, 0x19, 0xE8, 0xAF, 0xB0, 0xF4, 0xCC, 0x8C, 0x25,
    0x1F, 0xEC, 0x39, 0x73, 0x67, 0x8F, 0x8E, 0xBD, 0xDC, 0x4A, 0x80, 0x98, 0x3B, 0x2C, 0xD9, 0x93,
    0xD6, 0x03, 0x31, 0x75, 0x24, 0xCE, 0xEB, 0x30, 0xBF, 0x71, 0x04, 0xE4, 0x8E, 0x4A, 0x48, 0xCF,
    0xCD, 0xFD, 0x37, 0x1D, 0xB3, 0x91, 0x2D, 0x92, 0xA1, 0x1C, 0x33, 0x98, 0xD7, 0x40, 0x98, 0xE1,
    0xE0, 0x0E, 0xB0, 0x77, 0x90, 0xDA, 0x66, 0x36, 0x18, 0x29, 0xEE, 0x89, 0x99, 0x89, 0xCB, 0x2B,
    0xE2, 0x1C, 0xE2, 0xC2, 0x54, 0x45, 0x94, 0x71, 0xEA, 0x2D, 0xE1, 0xEB, 0xD6, 0x20, 0xE9, 0x9C,
    0x3E, 0x17, 0xE1, 0xBD, 0x57, 0x12, 0x1A, 0x22, 0x1D, 0x35, 0xA4, 0x66, 0xDE, 0xD3, 0xD5, 0xB3,
    0xE4, 0x2F, 0xEB, 0x83, 0x3B, 0xE1, 0x33, 0xBD, 0x77, 0xE0, 0x5B, 0x66, 0x07, 0xDE, 0x8A, 0xD9,
    0x9D, 0xD0, 0xEA, 0xBD, 0x75, 0xC3, 0xEC, 0xCC, 0xEB, 0xEA, 0xB5, 0xF3, 0x3A, 0x4C, 0x08, 0x2E,
    0x08, 0x9F, 0x98, 0x2B, 0x4A, 0x1D, 0xE1, 0xFD, 0xB7, 0x99, 0xA1, 0x74, 0x3D, 0x23, 0x2A, 0x9C,
    0xF0, 0xC4, 0x09, 0x67, 0xE6, 0x98, 0x69, 0x1C, 0xB3, 0x6F, 0x9C, 0xE6, 0x40, 0xBB, 0x29, 0x89,
    0xA0, 0x8E, 0xE6, 0xF8, 0x26, 0x6C, 0x09, 0x47, 0xE6, 0x6B, 0x4F, 0x09, 0x4B, 0x61, 0xEE, 0xC5,
    0x2C, 0x7F, 0xAE, 0x29, 0x69, 0xC6, 0xB5, 0x5C, 0x2F, 0x4F, 0x5A, 0x2C, 0x5F, 0xAA, 0xD3, 0xFE,
    0xB0, 0x6C, 0x7E, 0xDF, 0x5A, 0x7B, 0x72, 0x90, 0xD8, 0x1F, 0x0D, 0x53, 0xB2, 0xA7, 0x9E, 0x15,
    0x7B, 0xB3, 0xE8, 0x7B, 0xD5, 0xC1, 0x3C, 0xFD, 0xC3, 0xBA, 0x8E, 0xCE, 0xBC, 0x95, 0x09, 0x3B,
    0xCA, 0x2B, 0xA6, 0xE4, 0xA7, 0x32, 0x25, 0x9A, 0x50, 0x84, 0x3B, 0x66, 0xC7, 0x57, 0x8B, 0x69,
    0xCE, 0x85, 0xC3, 0xEC, 0x5B, 0x62, 0xD6, 0xC5, 0x75, 0x83, 0x98, 0x7A, 0xED, 0xBC, 0x0E, 0x13,
    0x82, 0x2B, 0x27, 0x3B, 0xD4, 0x11, 0xF8, 0x66, 0x0E, 0xD4, 0x33, 0xE0, 0x60, 0x0F, 0xB6, 0xF7,
    0xDF, 0x66, 0x36, 0x0E, 0xD6, 0x2E, 0x6B, 0x67, 0x09, 0xFB, 0xBC, 0x66, 0xEB, 0x92, 0x59, 0x41,
    0x6C, 0x6C, 0x41, 0x6E, 0x9E, 0x19, 0xAF, 0x33, 0x4F, 0xDB, 0xA0, 0x36, 0x66, 0x15, 0x6B, 0xE3,
    0x94, 0x63, 0x4C, 0xD4, 0x39, 0xA3, 0x1A, 0xC9, 0xF5, 0xB8, 0xBA, 0x32, 0x33, 0xA6, 0x8F, 0xB4,
    0x79, 0xDA, 0xA8, 0xDA, 0x3C, 0xAB, 0xE8, 0x8D, 0xCD, 0x48, 0x4D, 0x0F, 0x91, 0x11, 0xBE, 0xC1,
    0x18, 0xF0, 0xC4, 0x70, 0xB9, 0xB1, 0xB6, 0x3A, 0x37, 0xC0, 0xD5, 0x66, 0xE0, 0x43, 0xD2, 0xC0,
    0xAC, 0x6A, 0xC7, 0xEC, 0xD7, 0x5C, 0x6A, 0x26, 0x05, 0x1F, 0xBF, 0xF5, 0xE9, 0xFE, 0xF3, 0xFD,
    0xC4, 0xEC, 0x30, 0xBF, 0x58, 0xB3, 0x44, 0xC8, 0x44, 0x48, 0xEE, 0x8B, 0x6B, 0x7E, 0x28, 0xA6,
    0xBD, 0xD2, 0xF4, 0xF2, 0xA8, 0x67, 0x12, 0xDE, 0xBE, 0x38, 0x42, 0x48, 0x25, 0xF9, 0x47, 0x40,
    0x60, 0xAE, 0x36, 0x13, 0xF3, 0x17, 0x70, 0x46, 0x48, 0xF7, 0x77, 0x05, 0xE1, 0xD7, 0xF0, 0x25,
    0x19, 0xEF, 0xC1, 0x97, 0x45, 0xB5, 0xEF, 0xD6, 0x77, 0x5B, 0xE4, 0xCE, 0x5D, 0xB9, 0x83, 0xFD,
    0xB1, 0x8E, 0xFA, 0x40, 0x97, 0x55, 0xA0, 0x4F, 0x71, 0xD7, 0x2C, 0xD0, 0x79, 0x13, 0xE8, 0xC0,
    0xFE, 0xB1, 0x26, 0xFF, 0x4C, 0x13, 0x58, 0xFD, 0xA2, 0xBB, 0x72, 0x20, 0x07, 0xF8, 0x97, 0x75,
    0x49, 0x4B, 0x6E, 0xA8, 0xFB, 0x85, 0x1E, 0x7E, 0x6F, 0xA5, 0x5F, 0x75, 0x3F, 0xB6, 0xE5, 0x66,
    0x54, 0xE0, 0xE6, 0x5C, 0x5E, 0xF5, 0x75, 0x02, 0xB6, 0x93, 0xC4, 0xA4, 0x82, 0x76, 0xE0, 0xEA,
    0x1C, 0xDA, 0xFB, 0xD2, 0x07, 0xD2, 0x97, 0x32, 0x71, 0x21, 0xAF, 0x33, 0x45, 0x83, 0x68, 0x11,
    0x4D, 0xA9, 0x6B, 0x15, 0x8D, 0xCF, 0xE3, 0x74, 0xDA, 0xDB, 0xCD, 0x7B, 0x77, 0x1D, 0x54, 0xF2,
    0x3A, 0x35, 0x70, 0xA3, 0x18, 0x5E, 0x85, 0x4A, 0xAB, 0x68, 0xBF, 0x07, 0xA7, 0x1D, 0x2C, 0xDA,
    0xE9, 0x15, 0xE8, 0x8D, 0xA3, 0xFF, 0x5F, 0x0F, 0xEF, 0x0B, 0xFC, 0x9A, 0xF0, 0x90, 0x5B, 0x11,
    0x7B, 0xAA, 0xF8, 0xED, 0x88, 0x60, 0x89, 0x57, 0x43, 0x06, 0x28, 0x54, 0x91, 0xB7, 0x51, 0x15,
    0x55, 0xBF, 0xF6, 0x67, 0x0C, 0x49, 0x03, 0x0F, 0x6A, 0xF0, 0x87, 0xE3, 0xEC, 0x59, 0xC6, 0xC2,
    0x3C, 0xAD, 0x68, 0x8C, 0x69, 0x55, 0x65, 0xCC, 0x22, 0xC6, 0xC8, 0xD9, 0x2F, 0x67, 0xD0, 0x98,
    0x4B, 0xA4, 0xEE, 0x24, 0xD0, 0xE6, 0x23, 0xE3, 0xB9, 0xF3, 0xB0, 0x60, 0x3E, 0xC4, 0x36, 0xA0,
    0x4C, 0x05, 0x18, 0x60, 0x8B, 0x3E, 0x13, 0x7A, 0x2D, 0x2E, 0x85, 0xA3, 0x9F, 0x23, 0xF4, 0x08,
    0x3D, 0x42, 0x8F, 0x90, 0x22, 0xF4, 0x43, 0x4E, 0xE8, 0x11, 0x7A, 0x84, 0x1E, 0xA1, 0x47, 0x62,
    0x33, 0xA1, 0xD7, 0x42, 0x5F, 0xB0, 0x93, 0x06, 0xF5, 0x73, 0x51, 0x10, 0x89, 0x7A, 0x25, 0xEA,
    0x11, 0xF5, 0x88, 0x7A, 0x44, 0x33, 0xAA, 0x1E, 0x73, 0xA2, 0x1E, 0x51, 0xAF, 0x1C, 0xBD, 0x44,
    0xCC, 0x5D, 0xEC, 0xA8, 0x9E, 0x5D, 0xF5, 0xF7, 0x20, 0x2C, 0xF2, 0xF5, 0x8B, 0x84, 0xDA, 0xB7,
    0x99, 0xEA, 0x82, 0x06, 0xFA, 0x48, 0x43, 0x9A, 0x00, 0xF1, 0x02, 0x88, 0x0E, 0x41, 0x98, 0x21,
    0x68, 0x01, 0xD5, 0x6C, 0x4C, 0x7D, 0xD1, 0x6C, 0xBD, 0x4B, 0x97, 0xD8, 0x25, 0xD0, 0x46, 0x76,
    0xD5, 0xA4, 0x0E, 0x0B, 0x68, 0x66, 0x20, 0x57, 0x29, 0x4B, 0xBD, 0xB4, 0x2F, 0xB6, 0xDE, 0xA5,
    0x4B, 0xFC, 0xF4, 0xDC, 0x66, 0xB8, 0x83, 0x98, 0x7E, 0xDE, 0x9E, 0x3D, 0xEA, 0x2E, 0xBD, 0x2F,
    0xA9, 0x1C, 0x34, 0x5D, 0xE0, 0x10, 0x65, 0xD3, 0xCF, 0xDB, 0xB3, 0xDD, 0xFB, 0x92, 0xA1, 0x7E,
    0xF7, 0xBE, 0x24, 0x21, 0xD7, 0xB9, 0x4E, 0x00, 0x9E, 0x5B, 0x4A, 0xB2, 0xA5, 0xAA, 0xF3, 0x7F,
    0xB0, 0x41, 0xBB, 0x36, 0x52, 0x1C, 0x87, 0x2B, 0x33, 0x22, 0x66, 0x2C, 0xEE, 0xA6, 0x25, 0xE0,
    0xD9, 0xD1, 0x48, 0x71, 0x37, 0x39, 0x66, 0x20, 0xD7, 0xA3, 0x91, 0xE2, 0xA5, 0x75, 0xD7, 0x67,
    0xBE, 0x4C, 0xDF, 0xFF, 0x02, 0xDD, 0x5B, 0x21, 0x70, 0xDB, 0x30, 0x14, 0x7D, 0x8D, 0xEF, 0x96,
    0xBB, 0x0D, 0x98, 0xB4, 0x38, 0xBC, 0xC4, 0x1C, 0xB9, 0x77, 0xE5, 0x77, 0xE5, 0x64, 0xB4, 0x9C,
    0x5F, 0x6D, 0x36, 0x3A, 0x8E, 0x0B, 0x7C, 0xE3, 0xB0, 0x67, 0x8B, 0x0D, 0x2E, 0x1C, 0x75, 0x1C,
    0x2C, 0x20, 0xA0, 0x40, 0xE9, 0x9F, 0xFF, 0x5C, 0x6B, 0xB1, 0x9A, 0x24, 0xF6, 0xF9, 0x7F, 0x6B,
    0xB3, 0xAC, 0xFF, 0xAF, 0x55, 0xFE, 0xFD, 0xF7, 0x25, 0x3F, 0x7D, 0x49, 0xB1, 0x53, 0x11, 0x91,
    0xED, 0xAB, 0x86, 0x94, 0xEC, 0x45, 0xE7, 0xA2, 0xF8, 0xE7, 0xEE, 0x9C, 0x14, 0x2E, 0x8A, 0x02,
    0x7F, 0xFF, 0x06, 0xAC, 0x2B, 0xD7, 0x8F, 0xEF, 0x3D, 0x03, 0xC0, 0x21, 0xC4, 0xEB, 0x47, 0xE0,
    0x90, 0xFD, 0x43, 0x9A, 0x7C, 0xCE, 0xB3, 0x5A, 0x99, 0x1E, 0xAA, 0x81, 0xBD, 0x04, 0xFC, 0x3F,
    0x70, 0xF9, 0x7E, 0xBC, 0xAE, 0xEE, 0x00, 0xE0, 0x7C, 0xCB, 0xD5, 0x5D, 0x67, 0x64, 0xC8, 0x36,
    0xD5, 0x02, 0x63, 0x6A, 0xD5, 0xFA, 0x19, 0xEF, 0xF0, 0x1E, 0x48, 0x89, 0x4C, 0xD6, 0xCA, 0x0B,
    0x20, 0x2B, 0x9E, 0x7F, 0x25, 0x2C, 0x66, 0x40, 0x45, 0xB6, 0xA9, 0xC0, 0xA8, 0xEA, 0xFC, 0x48,
    0x38, 0xBC, 0xAF, 0x88, 0xF2, 0x56, 0xB0, 0x94, 0x97, 0x7D, 0xFF, 0x6A, 0x58, 0x8B, 0x6F, 0x37,
    0x63, 0x06, 0xC1, 0xD1, 0xB4, 0x18, 0xED, 0xC1, 0x55, 0x69, 0x96, 0xEE, 0x33, 0x93, 0xD9, 0x24,
    0xED, 0xD7, 0x17, 0x11, 0x86, 0x02, 0x85, 0x14, 0xC7, 0x35, 0x79, 0xC9, 0xFC, 0xD1, 0xE6, 0xFB,
    0x18, 0x7E, 0x4A, 0xE5, 0x65, 0x01, 0x7A, 0x4B, 0x24, 0x74, 0xCD, 0xA9, 0x11, 0x1B, 0xE0, 0xDF,
    0x16, 0x85, 0x05, 0x4D, 0x5B, 0x94, 0xE3, 0xD5, 0x4A, 0x67, 0x5A, 0xBC, 0xF8, 0x90, 0x03, 0x1F,
    0x73, 0x39, 0x7F, 0xD3, 0x6C, 0x40, 0x34, 0xC6, 0x59, 0x3F, 0x66, 0xA1, 0x65, 0x48, 0x3F, 0x71,
    0xEA, 0xEF, 0xD4, 0x54, 0x57, 0x40, 0x58, 0xC8, 0x4B, 0x21, 0xE2, 0x47, 0x61, 0xD7, 0xA8, 0x2A,
    0xBA, 0xF1, 0x6A, 0xED, 0x56, 0x34, 0xF9, 0x70, 0x2F, 0xC6, 0x05, 0x96, 0xA9, 0x4E, 0x14, 0x2C,
    0xFF, 0xDB, 0x29, 0xC8, 0xFB, 0xBA, 0x05, 0xB0, 0xC0, 0x14, 0xAA, 0x22, 0xA7, 0xFC, 0x6F, 0x7D,
    0xF4, 0xC1, 0x1B, 0x82, 0x35, 0xF0, 0x1E, 0x38, 0xBD, 0xB5, 0x4D, 0x11, 0x81, 0x87, 0xEB, 0xA9,
    0x00, 0x11, 0x80, 0x49, 0x31, 0x85, 0xAA, 0xC8, 0x29, 0xBF, 0xE7, 0xFA, 0xE0, 0x4C, 0x7B, 0x20,
    0x6A, 0xFA, 0xDB, 0x05, 0x6F, 0xDB, 0xA6, 0x88, 0xE0, 0xCC, 0xDD, 0xD7, 0x8F, 0x60, 0x9A, 0x79,
    0xEE, 0x93, 0xBA, 0x08, 0x99, 0x55, 0x54, 0xC1, 0x01, 0x3A, 0x99, 0x50, 0x54, 0xC1, 0xC3, 0xB2,
    0x89, 0x95, 0x07, 0xC9, 0x0C, 0x0B, 0x97, 0x41, 0x54, 0xC1, 0x59, 0x9D, 0x4A, 0x1E, 0xAA, 0xE0,
    0x81, 0x57, 0x0D, 0x56, 0x93, 0x43, 0x3A, 0x55, 0xCC, 0x79, 0x4B, 0x12, 0x38, 0x41, 0xCD, 0xA0,
    0x83, 0xE1, 0x37, 0x54, 0x21, 0x12, 0x2D, 0x83, 0xCF, 0x45, 0xE9, 0xAF, 0x5B, 0xC1, 0x54, 0xB0,
    0xBE, 0x85, 0x5D, 0x89, 0xF5, 0x27, 0x5D, 0xE0, 0xD5, 0x7E, 0x06, 0x69, 0x33, 0xFC, 0x69, 0x4C,
    0xB7, 0x83, 0xE1, 0x0F, 0x7B, 0xE1, 0xF7, 0x84, 0x33, 0x5E, 0xD9, 0x67, 0x70, 0x07, 0xC3, 0xCF,
    0xC1, 0xB0, 0x59, 0x74, 0x06, 0x1D, 0x0C, 0x4F, 0x51, 0xCA, 0xB3, 0x35, 0x99, 0xEC, 0x99, 0x85,
    0xF2, 0x74, 0x7D, 0x48, 0x0A, 0xBB, 0x57, 0x9A, 0x29, 0xEB, 0x8A, 0xF7, 0x92, 0x9A, 0xF7, 0x42,
    0x9A, 0x2B, 0xAE, 0xD5, 0xBB, 0xFC, 0x1E, 0x77, 0x8B, 0xF7, 0xE9, 0x2E, 0x36, 0xC1, 0xAB, 0x7B,
    0x37, 0x41, 0xEA, 0xBD, 0x89, 0x8A, 0x68, 0x43, 0x6F, 0x52, 0xFB, 0x87, 0xB4, 0x74, 0xFC, 0x03,
    0x70, 0x12, 0xD3, 0xC6, 0x89, 0x18, 0x96, 0x6D, 0xAA, 0xD4, 0xD3, 0x51, 0x0E, 0xBE, 0x15, 0xA4,
    0xB7, 0xE2, 0xD2, 0xF1, 0x8F, 0xC8, 0x49, 0x45, 0xB7, 0x4E, 0xA4, 0xB0, 0x44, 0x5E, 0xC9, 0x71,
    0x2D, 0xD2, 0x34, 0x21, 0x69, 0x1A, 0x3A, 0x6A, 0x75, 0x68, 0xD7, 0xC1, 0x11, 0x79, 0xDA, 0xEE,
    0x5A, 0x54, 0xB9, 0x21, 0xE2, 0xCF, 0x89, 0xC7, 0x35, 0x72, 0x22, 0xC6, 0x91, 0x11, 0x09, 0x49,
    0x98, 0x59, 0x1A, 0x89, 0x46, 0x31, 0x46, 0xFD, 0x24, 0x29, 0xCC, 0x7A, 0x0C, 0xAF, 0x90, 0x9E,
    0x2B, 0x2A, 0xF9, 0x52, 0x31, 0x46, 0xF5, 0x5C, 0x3F, 0x68, 0x5B, 0x33, 0xDD, 0x37, 0x63, 0x1C,
    0xDD, 0x14, 0xEA, 0x5C, 0xF7, 0x6F, 0xC9, 0x3A, 0xA5, 0x17, 0xD5, 0x34, 0x63, 0xDA, 0x2D, 0x01,
    0x46, 0x7C, 0x02, 0x48, 0xEF, 0x96, 0x05, 0xE0, 0xF3, 0x49, 0x8C, 0x09, 0x67, 0x54, 0xF8, 0x1B,
    0xAA, 0xAF, 0xF4, 0x98, 0x13, 0x30, 0x15, 0x2C, 0x2D, 0x2A, 0x1B, 0x91, 0x8D, 0x5F, 0xB1, 0x7A,
    0x46, 0x9A, 0x23, 0x03, 0x4A, 0x60, 0xC7, 0x75, 0xC8, 0x69, 0x2D, 0x47, 0x65, 0x51, 0xD1, 0xCD,
    0x05, 0x19, 0xAC, 0x36, 0x58, 0x6E, 0xB1, 0xB0, 0x80, 0x7A, 0x65, 0x94, 0x68, 0x8B, 0x78, 0x83,
    0xCA, 0xD4, 0xE8, 0x1C, 0xC3, 0xD7, 0xDE, 0x1B, 0x3A, 0xAE, 0x28, 0x81, 0x0C, 0xDC, 0xF1, 0xE4,
    0x19, 0xF1, 0x0E, 0x11, 0xF1, 0x80, 0xE0, 0x93, 0x23, 0xF6, 0x05, 0xAB, 0xE8, 0x05, 0xC0, 0x72,
    0x03, 0x20, 0x5E, 0x03, 0x48, 0x0C, 0x80, 0x14, 0x00, 0x4A, 0x56, 0xFD, 0x2C, 0x16, 0x5D, 0x8B,
    0xD5, 0x11, 0x8B, 0xE8, 0x80, 0xC5, 0x03, 0xAB, 0x27, 0xA7, 0x4A, 0xB4, 0x1F, 0x30, 0x0C, 0x1B,
    0xB3, 0xE3, 0x36, 0x08, 0xD8, 0xD3, 0x36, 0xDB, 0x43, 0x36, 0x39, 0xDB, 0x98, 0x8E, 0xCD, 0x45,
    0x6F, 0x1B, 0xFB, 0xC4, 0xAA, 0xE4, 0x7F, 0x53, 0x0E, 0x22, 0x31, 0xB5, 0x49, 0xBC, 0xAE, 0x41,
    0x6B, 0xCB, 0xC4, 0xD4, 0x96, 0x29, 0x23, 0x96, 0xEC, 0xCD, 0x02, 0x29, 0x87, 0x99, 0x7C, 0xD9,
    0x00, 0xF1, 0x8F, 0x35, 0xB0, 0x24, 0x03, 0x44, 0x04, 0x00, 0xAF, 0xAC, 0x76, 0x00, 0x16, 0x04,
    0x6E, 0xCB, 0x81, 0xF8, 0x97, 0x01, 0x56, 0xDF, 0xFF, 0xD0, 0x75, 0x0B, 0x94, 0x8C, 0x68, 0xB1,
    0xE3, 0xB1, 0x4A, 0x79, 0xAC, 0x92, 0x9C, 0x81, 0xCC, 0x8A, 0x21, 0x19, 0x7C, 0xFB, 0xC0, 0x61,
    0x3C, 0x61, 0x7F, 0x2F, 0x78, 0xA4, 0xB8, 0xF3, 0xC0, 0xB1, 0x52, 0x91, 0x57, 0x07, 0xFE, 0x2A,
    0xF2, 0xD0, 0xEF, 0x92, 0x86, 0x5D, 0xA7, 0x9F, 0x32, 0xC7, 0xA6, 0xDF, 0x35, 0x14, 0xF5, 0xF4,
    0xC3, 0xFB, 0x61, 0xBE, 0x62, 0xD3, 0xF7, 0xFA, 0x0D, 0x2D, 0x8C, 0x81, 0x05, 0x03, 0x41, 0x10,
    0x00, 0xC7, 0x41, 0x10, 0x7C, 0x09, 0x5F, 0xCA, 0x96, 0xF6, 0x05, 0xA4, 0xA5, 0x27, 0xD7, 0x41,
    0x5A, 0xD8, 0x12, 0x82, 0xC7, 0xE1, 0xCE, 0x64, 0xC5, 0xC3, 0x18, 0x83, 0x81, 0x13, 0x68, 0x02,
    0x0F, 0x3B, 0x6C, 0x26, 0x84, 0x17, 0xE8, 0xAC, 0xDE, 0xAC, 0x3E, 0xDF, 0x7D, 0x73, 0x45, 0x46,
    0xE1, 0x1B, 0xCE, 0x63, 0x1C, 0x76, 0x47, 0xF8, 0xF1, 0xDA, 0x0B, 0xF9, 0x54, 0x7B, 0x2B, 0x03,
    0x5F, 0x0B, 0xC2, 0x01, 0xBB, 0xF9, 0x9F, 0xDE, 0x7B, 0x4E, 0xF8, 0x01,
};

static const EpdGlyph jetbrainsmono_14_regularGlyphs[] = {
    { 0, 0, 0, 0, 0, 0, 0 }, // U+0000
    { 0, 0, 0, 0, 0, 0, 0 }, // U+0001
    { 0, 0, 0, 0, 0, 0, 0 }, // U+0002
    { 0, 0, 0, 0, 0, 0, 0 }, // U+0003
    { 0, 0, 0, 0, 0, 0, 0 }, // U+0004
    { 0, 0, 0, 0, 0, 0, 0 }, // U+0005
    { 0, 0, 0, 0, 0, 0, 0 }, // U+0006
    { 0, 0, 0, 0, 0, 0, 0 }, // U+0007
    { 0, 0, 0, 0, 0, 0, 0 }, // U+0008
    { 0, 0, 0, 0, 0, 0, 0 }, // U+0009
    { 0, 0, 0, 0, 0, 0, 0 }, // U+000A
    { 0, 0, 0, 0, 0, 0, 0 }, // U+000B
    { 0, 0, 0, 0, 0, 0, 0 }, // U+000C
    { 0, 0, 0, 0, 0, 0, 0 }, // U+000D
    { 0, 0, 0, 0, 0, 0, 0 }, // U+000E
    { 0, 0, 0, 0, 0, 0, 0 }, // U+000F
    { 0, 0, 0, 0, 0, 0, 0 }, // U+0010
    { 0, 0, 0, 0, 0, 0, 0 }, // U+0011
    { 0, 0, 0, 0, 0, 0, 0 }, // U+0012
    { 0, 0, 0, 0, 0, 0, 0 }, // U+0013
    { 0, 0, 0, 0, 0, 0, 0 }, // U+0014
    { 0, 0, 0, 0, 0, 0, 0 }, // U+0015
    { 0, 0, 0, 0, 0, 0, 0 }, // U+0016
    { 0, 0, 0, 0, 0, 0, 0 }, // U+0017
    { 0, 0, 0, 0, 0, 0, 0 }, // U+0018
    { 0, 0, 0, 0, 0, 0, 0 }, // U+0019
    { 0, 0, 0, 0, 0, 0, 0 }, // U+001A
    { 0, 0, 0, 0, 0, 0, 0 }, // U+001B
    { 0, 0, 0, 0, 0, 0, 0 }, // U+001C
    { 0, 0, 0, 0, 0, 0, 0 }, // U+001D
    { 0, 0, 0, 0, 0, 0, 0 }, // U+001E
    { 0, 0, 0, 0, 0, 0, 0 }, // U+001F
    { 0, 0, 280, 0, 0, 0, 0 }, // U+0020
    { 5, 21, 280, 6, 21, 27, 0 }, // !
    { 10, 9, 280, 4, 21, 23, 27 }, // "
    { 16, 21, 280, 1, 21, 84, 50 }, // #
    { 14, 29, 280, 2, 25, 102, 134 }, // $
    { 17, 21, 280, 0, 21, 90, 236 }, // %
    { 18, 21, 280, 0, 21, 95, 326 }, // &
    { 4, 9, 280, 7, 21, 9, 421 }, // '
    { 10, 29, 280, 5, 25, 73, 430 }, // (
    { 10, 29, 280, 3, 25, 73, 503 }, // )
    { 16, 15, 280, 1, 18, 60, 576 }, // *
    { 15, 13, 280, 1, 16, 49, 636 }, // +
    { 5, 9, 280, 6, 4, 12, 685 }, // ,
    { 10, 3, 280, 4, 11, 8, 697 }, // -
    { 6, 5, 280, 6, 5, 8, 705 }, // .
    { 14, 27, 280, 2, 24, 95, 713 }, // /
    { 14, 21, 280, 2, 21, 74, 808 }, // 0
    { 14, 21, 280, 2, 21, 74, 882 }, // 1
    { 14, 21, 280, 2, 21, 74, 956 }, // 2
    { 13, 21, 280, 2, 21, 69, 1030 }, // 3
    { 13, 21, 280, 2, 21, 69, 1099 }, // 4
    { 13, 21, 280, 2, 21, 69, 1168 }, // 5
    { 15, 21, 280, 1, 21, 79, 1237 }, // 6
    { 14, 21, 280, 2, 21, 74, 1316 }, // 7
    { 15, 21, 280, 1, 21, 79, 1390 }, // 8
    { 15, 21, 280, 1, 21, 79, 1469 }, // 9
    { 6, 16, 280, 6, 16, 24, 1548 }, // :
    { 7, 20, 280, 5, 16, 35, 1572 }, // ;
    { 13, 17, 280, 2, 18, 56, 1607 }, // <
    { 13, 9, 280, 2, 14, 30, 1663 }, // =
    { 13, 17, 280, 2, 18, 56, 1693 }, // >
    { 12, 21, 280, 3, 21, 63, 1749 }, // ?
    { 16, 26, 280, 1, 21, 104, 1812 }, // @
    { 15, 21, 280, 1, 21, 79, 1916 }, // A
    { 14, 21, 280, 2, 21, 74, 1995 }, // B
    { 14, 21, 280, 2, 21, 74, 2069 }, // C
    { 13, 21, 280, 2, 21, 69, 2143 }, // D
    { 14, 21, 280, 2, 21, 74, 2212 }, // E
    { 14, 21, 280, 2, 21, 74, 2286 }, // F
    { 14, 21, 280, 2, 21, 74, 2360 }, // G
    { 13, 21, 280, 2, 21, 69, 2434 }, // H
    { 12, 21, 280, 3, 21, 63, 2503 }, // I
    { 14, 21, 280, 1, 21, 74, 2566 }, // J
    { 15, 21, 280, 2, 21, 79, 2640 }, // K
    { 13, 21, 280, 3, 21, 69, 2719 }, // L
    { 14, 21, 280, 2, 21, 74, 2788 }, // M
    { 13, 21, 280, 2, 21, 69, 2862 }, // N
    { 13, 21, 280, 2, 21, 69, 2931 }, // O
    { 14, 21, 280, 2, 21, 74, 3000 }, // P
    { 14, 26, 280, 2, 21, 91, 3074 }, // Q
    { 14, 21, 280, 2, 21, 74, 3165 }, // R
    { 14, 21, 280, 2, 21, 74, 3239 }, // S
    { 15, 21, 280, 1, 21, 79, 3313 }, // T
    { 13, 21, 280, 2, 21, 69, 3392 }, // U
    { 15, 21, 280, 1, 21, 79, 3461 }, // V
    { 17, 21, 280, 0, 21, 90, 3540 }, // W
    { 16, 21, 280, 1, 21, 84, 3630 }, // X
    { 16, 21, 280, 1, 21, 84, 3714 }, // Y
    { 13, 21, 280, 2, 21, 69, 3798 }, // Z
    { 9, 27, 280, 5, 24, 61, 3867 }, // [
    { 14, 27, 280, 2, 24, 95, 3928 }, // <backslash>
    { 8, 27, 280, 4, 24, 54, 4023 }, // ]
    { 14, 11, 280, 2, 21, 39, 4077 }, // ^
    { 15, 3, 280, 1, 0, 12, 4116 }, // _
    { 7, 4, 280, 4, 22, 7, 4128 }, // `
    { 14, 16, 280, 1, 16, 56, 4135 }, // a
    { 13, 21, 280, 2, 21, 69, 4191 }, // b
    { 14, 16, 280, 2, 16, 56, 4260 }, // c
    { 13, 21, 280, 2, 21, 69, 4316 }, // d
    { 13, 16, 280, 2, 16, 52, 4385 }, // e
    { 15, 21, 280, 1, 21, 79, 4437 }, // f
    { 13, 21, 280, 2, 16, 69, 4516 }, // g
    { 13, 21, 280, 2, 21, 69, 4585 }, // h
    { 15, 23, 280, 2, 23, 87, 4654 }, // i
    { 12, 28, 280, 2, 23, 84, 4741 }, // j
    { 15, 21, 280, 2, 21, 79, 4825 }, // k
    { 16, 21, 280, 0, 21, 84, 4904 }, // l
    { 15, 16, 280, 1, 16, 60, 4988 }, // m
    { 13, 16, 280, 2, 16, 52, 5048 }, // n
    { 13, 16, 280, 2, 16, 52, 5100 }, // o
    { 13, 21, 280, 2, 16, 69, 5152 }, // p
    { 13, 21, 280, 2, 16, 69, 5221 }, // q
    { 13, 16, 280, 3, 16, 52, 5290 }, // r
    { 13, 16, 280, 2, 16, 52, 5342 }, // s
    { 15, 20, 280, 1, 20, 75, 5394 }, // t
    { 13, 16, 280, 2, 16, 52, 5469 }, // u
    { 15, 16, 280, 1, 16, 60, 5521 }, // v
    { 17, 16, 280, 0, 16, 68, 5581 }, // w
    { 15, 16, 280, 1, 16, 60, 5649 }, // x
    { 15, 21, 280, 1, 16, 79, 5709 }, // y
    { 13, 16, 280, 2, 16, 52, 5788 }, // z
    { 13, 27, 280, 2, 24, 88, 5840 }, // {
    { 3, 27, 280, 7, 24, 21, 5928 }, // |
    { 14, 27, 280, 2, 24, 95, 5949 }, // }
    { 14, 6, 280, 2, 13, 21, 6044 }, // ~
    { 0, 0, 0, 0, 0, 0, 6065 }, // U+007F
    { 0, 0, 0, 0, 0, 0, 0 }, // U+0080
    { 0, 0, 0, 0, 0, 0, 0 }, // U+0081
    { 0, 0, 0, 0, 0, 0, 0 }, // U+0082
    { 0, 0, 0, 0, 0, 0, 0 }, // U+0083
    { 0, 0, 0, 0, 0, 0, 0 }, // U+0084
    { 0, 0, 0, 0, 0, 0, 0 }, // U+0085
    { 0, 0, 0, 0, 0, 0, 0 }, // U+0086
    { 0, 0, 0, 0, 0, 0, 0 }, // U+0087
    { 0, 0, 0, 0, 0, 0, 0 }, // U+0088
    { 0, 0, 0, 0, 0, 0, 0 }, // U+0089
    { 0, 0, 0, 0, 0, 0, 0 }, // U+008A
    { 0, 0, 0, 0, 0, 0, 0 }, // U+008B
    { 0, 0, 0, 0, 0, 0, 0 }, // U+008C
    { 0, 0, 0, 0, 0, 0, 0 }, // U+008D
    { 0, 0, 0, 0, 0, 0, 0 }, // U+008E
    { 0, 0, 0, 0, 0, 0, 0 }, // U+008F
    { 0, 0, 0, 0, 0, 0, 0 }, // U+0090
    { 0, 0, 0, 0, 0, 0, 0 }, // U+0091
    { 0, 0, 0, 0, 0, 0, 0 }, // U+0092
    { 0, 0, 0, 0, 0, 0, 0 }, // U+0093
    { 0, 0, 0, 0, 0, 0, 0 }, // U+0094
    { 0, 0, 0, 0, 0, 0, 0 }, // U+0095
    { 0, 0, 0, 0, 0, 0, 0 }, // U+0096
    { 0, 0, 0, 0, 0, 0, 0 }, // U+0097
    { 0, 0, 0, 0, 0, 0, 0 }, // U+0098
    { 0, 0, 0, 0, 0, 0, 0 }, // U+0099
    { 0, 0, 0, 0, 0, 0, 0 }, // U+009A
    { 0, 0, 0, 0, 0, 0, 0 }, // U+009B
    { 0, 0, 0, 0, 0, 0, 0 }, // U+009C
    { 0, 0, 0, 0, 0, 0, 0 }, // U+009D
    { 0, 0, 0, 0, 0, 0, 0 }, // U+009E
    { 0, 0, 0, 0, 0, 0, 0 }, // U+009F
    { 0, 0, 280, 0, 0, 0, 0 }, // U+00A0
    { 5, 21, 280, 6, 16, 27, 0 }, // U+00A1
    { 14, 24, 280, 2, 20, 84, 27 }, // U+00A2
    { 14, 21, 280, 2, 21, 74, 111 }, // U+00A3
    { 16, 16, 280, 1, 18, 64, 185 }, // U+00A4
    { 16, 21, 280, 1, 21, 84, 249 }, // U+00A5
    { 3, 27, 280, 7, 24, 21, 333 }, // U+00A6
    { 14, 26, 280, 2, 21, 91, 354 }, // U+00A7
    { 11, 4, 280, 3, 23, 11, 445 }, // U+00A8
    { 16, 20, 280, 1, 22, 80, 456 }, // U+00A9
    { 8, 8, 280, 5, 21, 16, 536 }, // U+00AA
    { 17, 14, 280, 0, 15, 60, 552 }, // U+00AB
    { 13, 7, 280, 2, 12, 23, 612 }, // U+00AC
    { 0, 0, 0, 0, 0, 0, 635 }, // U+00AD
    { 16, 19, 280, 1, 21, 76, 635 }, // U+00AE
    { 10, 3, 280, 4, 22, 8, 711 }, // U+00AF
    { 10, 8, 280, 4, 21, 20, 719 }, // U+00B0
    { 15, 17, 280, 1, 17, 64, 739 }, // U+00B1
    { 10, 13, 280, 4, 24, 33, 803 }, // U+00B2
    { 10, 13, 280, 4, 24, 33, 836 }, // U+00B3
    { 7, 4, 280, 6, 22, 7, 869 }, // U+00B4
    { 13, 21, 280, 2, 16, 69, 876 }, // U+00B5
    { 14, 26, 280, 1, 21, 91, 945 }, // U+00B6
    { 6, 5, 280, 6, 13, 8, 1036 }, // U+00B7
    { 7, 7, 280, 5, 1, 13, 1044 }, // U+00B8
    { 10, 13, 280, 4, 24, 33, 1057 }, // U+00B9
    { 8, 8, 280, 5, 21, 16, 1090 }, // U+00BA
    { 16, 14, 280, 1, 15, 56, 1106 }, // U+00BB
    { 18, 21, 280, 0, 21, 95, 1162 }, // U+00BC
    { 18, 22, 280, 0, 21, 99, 1257 }, // U+00BD
    { 18, 22, 280, 0, 22, 99, 1356 }, // U+00BE
    { 11, 21, 280, 3, 16, 58, 1455 }, // U+00BF
    { 15, 27, 280, 1, 27, 102, 1513 }, // U+00C0
    { 15, 27, 280, 1, 27, 102, 1615 }, // U+00C1
    { 15, 27, 280, 1, 27, 102, 1717 }, // U+00C2
    { 15, 27, 280, 1, 27, 102, 1819 }, // U+00C3
    { 15, 27, 280, 1, 27, 102, 1921 }, // U+00C4
    { 15, 29, 280, 1, 29, 109, 2023 }, // U+00C5
    { 17, 21, 280, 0, 21, 90, 2132 }, // U+00C6
    { 14, 27, 280, 2, 21, 95, 2222 }, // U+00C7
    { 14, 27, 280, 2, 27, 95, 2317 }, // U+00C8
    { 14, 27, 280, 2, 27, 95, 2412 }, // U+00C9
    { 14, 27, 280, 2, 27, 95, 2507 }, // U+00CA
    { 14, 27, 280, 2, 27, 95, 2602 }, // U+00CB
    { 12, 27, 280, 3, 27, 81, 2697 }, // U+00CC
    { 12, 27, 280, 3, 27, 81, 2778 }, // U+00CD
    { 12, 27, 280, 3, 27, 81, 2859 }, // U+00CE
    { 12, 27, 280, 3, 27, 81, 2940 }, // U+00CF
    { 15, 21, 280, 0, 21, 79, 3021 }, // U+00D0
    { 13, 27, 280, 2, 27, 88, 3100 }, // U+00D1
    { 13, 27, 280, 2, 27, 88, 3188 }, // U+00D2
    { 13, 27, 280, 2, 27, 88, 3276 }, // U+00D3
    { 13, 27, 280, 2, 27, 88, 3364 }, // U+00D4
    { 13, 27, 280, 2, 27, 88, 3452 }, // U+00D5
    { 13, 27, 280, 2, 27, 88, 3540 }, // U+00D6
    { 12, 13, 280, 3, 16, 39, 3628 }, // U+00D7
    { 16, 23, 280, 1, 22, 92, 3667 }, // U+00D8
    { 13, 27, 280, 2, 27, 88, 3759 }, // U+00D9
    { 13, 27, 280, 2, 27, 88, 3847 }, // U+00DA
    { 13, 27, 280, 2, 27, 88, 3935 }, // U+00DB
    { 13, 27, 280, 2, 27, 88, 4023 }, // U+00DC
    { 16, 27, 280, 1, 27, 108, 4111 }, // U+00DD
    { 14, 21, 280, 2, 21, 74, 4219 }, // U+00DE
    { 14, 21, 280, 2, 21, 74, 4293 }, // U+00DF
    { 14, 22, 280, 1, 22, 77, 4367 }, // U+00E0
    { 14, 22, 280, 1, 22, 77, 4444 }, // U+00E1
    { 14, 22, 280, 1, 22, 77, 4521 }, // U+00E2
    { 14, 23, 280, 1, 23, 81, 4598 }, // U+00E3
    { 14, 23, 280, 1, 23, 81, 4679 }, // U+00E4
    { 14, 24, 280, 1, 24, 84, 4760 }, // U+00E5
    { 17, 16, 280, 0, 16, 68, 4844 }, // U+00E6
    { 14, 22, 280, 2, 16, 77, 4912 }, // U+00E7
    { 13, 22, 280, 2, 22, 72, 4989 }, // U+00E8
    { 13, 22, 280, 2, 22, 72, 5061 }, // U+00E9
    { 13, 22, 280, 2, 22, 72, 5133 }, // U+00EA
    { 13, 23, 280, 2, 23, 75, 5205 }, // U+00EB
    { 15, 22, 280, 2, 22, 83, 5280 }, // U+00EC
    { 15, 22, 280, 2, 22, 83, 5363 }, // U+00ED
    { 15, 22, 280, 2, 22, 83, 5446 }, // U+00EE
    { 15, 23, 280, 2, 23, 87, 5529 }, // U+00EF
    { 14, 22, 280, 2, 22, 77, 5616 }, // U+00F0
    { 13, 23, 280, 2, 23, 75, 5693 }, // U+00F1
    { 13, 22, 280, 2, 22, 72, 5768 }, // U+00F2
    { 13, 22, 280, 2, 22, 72, 5840 }, // U+00F3
    { 13, 22, 280, 2, 22, 72, 5912 }, // U+00F4
    { 13, 23, 280, 2, 23, 75, 5984 }, // U+00F5
    { 13, 23, 280, 2, 23, 75, 6059 }, // U+00F6
    { 13, 16, 280, 2, 18, 52, 6134 }, // U+00F7
    { 16, 18, 280, 1, 17, 72, 6186 }, // U+00F8
    { 13, 22, 280, 2, 22, 72, 6258 }, // U+00F9
    { 13, 22, 280, 2, 22, 72, 6330 }, // U+00FA
    { 13, 22, 280, 2, 22, 72, 6402 }, // U+00FB
    { 13, 23, 280, 2, 23, 75, 6474 }, // U+00FC
    { 15, 27, 280, 1, 22, 102, 6549 }, // U+00FD
    { 13, 26, 280, 2, 21, 85, 6651 }, // U+00FE
    { 15, 28, 280, 1, 23, 105, 6736 }, // U+00FF
    { 15, 27, 280, 1, 27, 102, 0 }, // U+0100
    { 14, 22, 280, 1, 22, 77, 102 }, // U+0101
    { 15, 27, 280, 1, 27, 102, 179 }, // U+0102
    { 14, 22, 280, 1, 22, 77, 281 }, // U+0103
    { 16, 27, 280, 1, 21, 108, 358 }, // U+0104
    { 16, 22, 280, 1, 16, 88, 466 }, // U+0105
    { 14, 27, 280, 2, 27, 95, 554 }, // U+0106
    { 14, 22, 280, 2, 22, 77, 649 }, // U+0107
    { 14, 27, 280, 2, 27, 95, 726 }, // U+0108
    { 14, 22, 280, 2, 22, 77, 821 }, // U+0109
    { 14, 27, 280, 2, 27, 95, 898 }, // U+010A
    { 14, 23, 280, 2, 23, 81, 993 }, // U+010B
    { 14, 27, 280, 2, 27, 95, 1074 }, // U+010C
    { 14, 22, 280, 2, 22, 77, 1169 }, // U+010D
    { 13, 27, 280, 2, 27, 88, 1246 }, // U+010E
    { 17, 21, 280, 1, 21, 90, 1334 }, // U+010F
    { 15, 21, 280, 0, 21, 79, 1424 }, // U+0110
    { 16, 21, 280, 2, 21, 84, 1503 }, // U+0111
    { 14, 27, 280, 2, 27, 95, 1587 }, // U+0112
    { 13, 22, 280, 2, 22, 72, 1682 }, // U+0113
    { 14, 27, 280, 2, 27, 95, 1754 }, // U+0114
    { 13, 22, 280, 2, 22, 72, 1849 }, // U+0115
    { 14, 27, 280, 2, 27, 95, 1921 }, // U+0116
    { 13, 23, 280, 2, 23, 75, 2016 }, // U+0117
    { 14, 27, 280, 2, 21, 95, 2091 }, // U+0118
    { 13, 22, 280, 2, 16, 72, 2186 }, // U+0119
    { 14, 27, 280, 2, 27, 95, 2258 }, // U+011A
    { 13, 22, 280, 2, 22, 72, 2353 }, // U+011B
    { 14, 27, 280, 2, 27, 95, 2425 }, // U+011C
    { 13, 27, 280, 2, 22, 88, 2520 }, // U+011D
    { 14, 27, 280, 2, 27, 95, 2608 }, // U+011E
    { 13, 27, 280, 2, 22, 88, 2703 }, // U+011F
    { 14, 27, 280, 2, 27, 95, 2791 }, // U+0120
    { 13, 28, 280, 2, 23, 91, 2886 }, // U+0121
    { 14, 28, 280, 2, 21, 98, 2977 }, // U+0122
    { 13, 30, 280, 2, 25, 98, 3075 }, // U+0123
    { 13, 27, 280, 2, 27, 88, 3173 }, // U+0124
    { 17, 27, 280, -2, 27, 115, 3261 }, // U+0125
    { 18, 21, 280, 0, 21, 95, 3376 }, // U+0126
    { 15, 21, 280, 0, 21, 79, 3471 }, // U+0127
    { 12, 27, 280, 3, 27, 81, 3550 }, // U+0128
    { 15, 23, 280, 2, 23, 87, 3631 }, // U+0129
    { 12, 27, 280, 3, 27, 81, 3718 }, // U+012A
    { 15, 22, 280, 2, 22, 83, 3799 }, // U+012B
    { 12, 27, 280, 3, 27, 81, 3882 }, // U+012C
    { 15, 22, 280, 2, 22, 83, 3963 }, // U+012D
    { 12, 27, 280, 3, 21, 81, 4046 }, // U+012E
    { 15, 28, 280, 2, 22, 105, 4127 }, // U+012F
    { 12, 27, 280, 3, 27, 81, 4232 }, // U+0130
    { 15, 16, 280, 2, 16, 60, 4313 }, // U+0131
    { 18, 27, 280, 1, 27, 122, 4373 }, // U+0134
    { 15, 27, 280, 2, 22, 102, 4495 }, // U+0135
    { 15, 28, 280, 2, 21, 105, 4597 }, // U+0136
    { 15, 28, 280, 2, 21, 105, 4702 }, // U+0137
    { 15, 16, 280, 2, 16, 60, 4807 }, // U+0138
    { 13, 27, 280, 3, 27, 88, 4867 }, // U+0139
    { 16, 27, 280, 0, 27, 108, 4955 }, // U+013A
    { 13, 28, 280, 3, 21, 91, 5063 }, // U+013B
    { 16, 28, 280, 0, 21, 112, 5154 }, // U+013C
    { 13, 21, 280, 3, 21, 69, 5266 }, // U+013D
    { 16, 21, 280, 0, 21, 84, 5335 }, // U+013E
    { 13, 21, 280, 3, 21, 69, 5419 }, // U+013F
    { 19, 21, 280, 0, 21, 100, 5488 }, // U+0140
    { 16, 21, 280, 0, 21, 84, 5588 }, // U+0141
    { 16, 21, 280, 0, 21, 84, 5672 }, // U+0142
    { 13, 27, 280, 2, 27, 88, 5756 }, // U+0143
    { 13, 22, 280, 2, 22, 72, 5844 }, // U+0144
    { 13, 28, 280, 2, 21, 91, 5916 }, // U+0145
    { 13, 23, 280, 2, 16, 75, 6007 }, // U+0146
    { 13, 27, 280, 2, 27, 88, 6082 }, // U+0147
    { 13, 22, 280, 2, 22, 72, 6170 }, // U+0148
    { 16, 23, 280, -1, 23, 92, 6242 }, // U+0149
    { 13, 26, 280, 2, 21, 85, 6334 }, // U+014A
    { 13, 21, 280, 2, 16, 69, 6419 }, // U+014B
    { 13, 27, 280, 2, 27, 88, 6488 }, // U+014C
    { 13, 22, 280, 2, 22, 72, 6576 }, // U+014D
    { 13, 27, 280, 2, 27, 88, 6648 }, // U+014E
    { 13, 22, 280, 2, 22, 72, 6736 }, // U+014F
    { 14, 27, 280, 2, 27, 95, 6808 }, // U+0150
    { 14, 22, 280, 2, 22, 77, 6903 }, // U+0151
    { 16, 21, 280, 1, 21, 84, 6980 }, // U+0152
    { 16, 16, 280, 1, 16, 64, 7064 }, // U+0153
    { 14, 27, 280, 2, 27, 95, 7128 }, // U+0154
    { 13, 22, 280, 3, 22, 72, 7223 }, // U+0155
    { 14, 28, 280, 2, 21, 98, 7295 }, // U+0156
    { 15, 23, 280, 1, 16, 87, 7393 }, // U+0157
    { 14, 27, 280, 2, 27, 95, 7480 }, // U+0158
    { 13, 22, 280, 3, 22, 72, 7575 }, // U+0159
    { 14, 27, 280, 2, 27, 95, 7647 }, // U+015A
    { 13, 22, 280, 2, 22, 72, 7742 }, // U+015B
    { 14, 27, 280, 2, 27, 95, 7814 }, // U+015C
    { 13, 22, 280, 2, 22, 72, 7909 }, // U+015D
    { 14, 27, 280, 2, 21, 95, 7981 }, // U+015E
    { 13, 22, 280, 2, 16, 72, 8076 }, // U+015F
    { 14, 27, 280, 2, 27, 95, 8148 }, // U+0160
    { 13, 22, 280, 2, 22, 72, 8243 }, // U+0161
    { 15, 27, 280, 1, 21, 102, 8315 }, // U+0162
    { 15, 26, 280, 1, 20, 98, 8417 }, // U+0163
    { 15, 27, 280, 1, 27, 102, 8515 }, // U+0164
    { 15, 23, 280, 1, 23, 87, 8617 }, // U+0165
    { 15, 21, 280, 1, 21, 79, 8704 }, // U+0166
    { 15, 20, 280, 1, 20, 75, 8783 }, // U+0167
    { 13, 27, 280, 2, 27, 88, 8858 }, // U+0168
    { 13, 23, 280, 2, 23, 75, 8946 }, // U+0169
    { 13, 27, 280, 2, 27, 88, 9021 }, // U+016A
    { 13, 22, 280, 2, 22, 72, 9109 }, // U+016B
    { 13, 27, 280, 2, 27, 88, 9181 }, // U+016C
    { 13, 22, 280, 2, 22, 72, 9269 }, // U+016D
    { 13, 29, 280, 2, 29, 95, 9341 }, // U+016E
    { 13, 24, 280, 2, 24, 78, 9436 }, // U+016F
    { 14, 27, 280, 2, 27, 95, 9514 }, // U+0170
    { 14, 22, 280, 2, 22, 77, 9609 }, // U+0171
    { 13, 27, 280, 2, 21, 88, 9686 }, // U+0172
    { 13, 22, 280, 2, 16, 72, 9774 }, // U+0173
    { 17, 27, 280, 0, 27, 115, 9846 }, // U+0174
    { 17, 22, 280, 0, 22, 94, 9961 }, // U+0175
    { 16, 27, 280, 1, 27, 108, 10055 }, // U+0176
    { 15, 27, 280, 1, 22, 102, 10163 }, // U+0177
    { 16, 27, 280, 1, 27, 108, 10265 }, // U+0178
    { 13, 27, 280, 2, 27, 88, 10373 }, // U+0179
    { 13, 22, 280, 2, 22, 72, 10461 }, // U+017A
    { 13, 27, 280, 2, 27, 88, 10533 }, // U+017B
    { 13, 23, 280, 2, 23, 75, 10621 }, // U+017C
    { 13, 27, 280, 2, 27, 88, 10696 }, // U+017D
    { 13, 22, 280, 2, 22, 72, 10784 }, // U+017E
    { 11, 21, 280, 4, 21, 58, 10856 }, // U+017F
    { 14, 24, 280, 2, 24, 84, 0 }, // U+01A0
    { 14, 19, 280, 2, 19, 67, 84 }, // U+01A1
    { 16, 25, 280, 2, 25, 100, 151 }, // U+01AF
    { 16, 19, 280, 2, 19, 76, 251 }, // U+01B0
    { 15, 27, 280, 1, 27, 102, 327 }, // U+01CD
    { 14, 22, 280, 1, 22, 77, 429 }, // U+01CE
    { 15, 22, 280, 2, 22, 83, 506 }, // U+01D0
    { 13, 22, 280, 2, 22, 72, 589 }, // U+01D2
    { 13, 22, 280, 2, 22, 72, 661 }, // U+01D4
    { 13, 29, 280, 2, 29, 95, 733 }, // U+01D6
    { 13, 29, 280, 2, 29, 95, 828 }, // U+01D8
    { 13, 29, 280, 2, 29, 95, 923 }, // U+01DA
    { 13, 29, 280, 2, 29, 95, 1018 }, // U+01DC
    { 14, 27, 280, 2, 27, 95, 1113 }, // U+01E6
    { 13, 27, 280, 2, 22, 88, 1208 }, // U+01E7
    { 13, 27, 280, 2, 21, 88, 1296 }, // U+01EA
    { 13, 22, 280, 2, 16, 72, 1384 }, // U+01EB
    { 14, 27, 280, 2, 27, 95, 1456 }, // U+01F4
    { 13, 27, 280, 2, 22, 88, 1551 }, // U+01F5
    { 17, 27, 280, 0, 27, 115, 1639 }, // U+01FC
    { 17, 22, 280, 0, 22, 94, 1754 }, // U+01FD
    { 16, 28, 280, 1, 27, 112, 1848 }, // U+01FE
    { 16, 23, 280, 1, 22, 92, 1960 }, // U+01FF
    { 14, 28, 280, 2, 21, 98, 2052 }, // U+0218
    { 13, 23, 280, 2, 16, 75, 2150 }, // U+0219
    { 15, 28, 280, 1, 21, 105, 2225 }, // U+021A
    { 15, 27, 280, 1, 20, 102, 2330 }, // U+021B
    { 7, 4, 0, -13, 22, 7, 0 }, // U+0300
    { 7, 4, 0, -11, 22, 7, 7 }, // U+0301
    { 11, 4, 0, -14, 22, 11, 14 }, // U+0302
    { 10, 4, 0, -14, 23, 10, 25 }, // U+0303
    { 10, 3, 0, -14, 22, 8, 35 }, // U+0304
    { 10, 4, 0, -14, 22, 10, 43 }, // U+0306
    { 5, 4, 0, -11, 23, 5, 53 }, // U+0307
    { 11, 4, 0, -14, 23, 11, 58 }, // U+0308
    { 7, 7, 0, -12, 25, 13, 69 }, // U+0309
    { 8, 7, 0, -13, 24, 14, 82 }, // U+030A
    { 12, 4, 0, -14, 22, 12, 96 }, // U+030B
    { 11, 4, 0, -14, 22, 11, 108 }, // U+030C
    { 12, 4, 0, -16, 22, 12, 119 }, // U+030F
    { 7, 7, 0, -12, 25, 13, 131 }, // U+0312
    { 5, 5, 0, -7, 19, 7, 144 }, // U+031B
    { 5, 4, 0, -11, -2, 5, 151 }, // U+0323
    { 8, 6, 0, -13, -2, 12, 156 }, // U+0325
    { 6, 4, 0, -12, -3, 6, 168 }, // U+0326
    { 7, 7, 0, -12, 1, 13, 174 }, // U+0327
    { 7, 6, 0, -13, 0, 11, 187 }, // U+0328
    { 20, 3, 0, -19, 11, 15, 198 }, // U+0336
    { 16, 18, 0, -17, 17, 72, 213 }, // U+0337
    { 12, 22, 0, -15, 19, 66, 285 }, // U+0338
    { 0, 0, 0, 0, 0, 0, 351 }, // U+034F
    { 14, 27, 280, 2, 27, 95, 0 }, // U+0401
    { 16, 26, 280, 0, 21, 104, 95 }, // U+0402
    { 14, 27, 280, 3, 27, 95, 199 }, // U+0403
    { 14, 21, 280, 2, 21, 74, 294 }, // U+0404
    { 14, 21, 280, 2, 21, 74, 368 }, // U+0405
    { 12, 21, 280, 3, 21, 63, 442 }, // U+0406
    { 12, 27, 280, 3, 27, 81, 505 }, // U+0407
    { 14, 21, 280, 1, 21, 74, 586 }, // U+0408
    { 18, 21, 280, -1, 21, 95, 660 }, // U+0409
    { 16, 21, 280, 1, 21, 84, 755 }, // U+040A
    { 16, 21, 280, 0, 21, 84, 839 }, // U+040B
    { 15, 27, 280, 2, 27, 102, 923 }, // U+040C
    { 15, 27, 280, 1, 27, 102, 1025 }, // U+040E
    { 13, 25, 280, 2, 21, 82, 1127 }, // U+040F
    { 15, 21, 280, 1, 21, 79, 1209 }, // U+0410
    { 14, 21, 280, 2, 21, 74, 1288 }, // U+0411
    { 14, 21, 280, 2, 21, 74, 1362 }, // U+0412
    { 14, 21, 280, 3, 21, 74, 1436 }, // U+0413
    { 17, 25, 280, 0, 21, 107, 1510 }, // U+0414
    { 14, 21, 280, 2, 21, 74, 1617 }, // U+0415
    { 18, 21, 280, 0, 21, 95, 1691 }, // U+0416
    { 15, 21, 280, 1, 21, 79, 1786 }, // U+0417
    { 13, 21, 280, 2, 21, 69, 1865 }, // U+0418
    { 13, 27, 280, 2, 27, 88, 1934 }, // U+0419
    { 15, 21, 280, 2, 21, 79, 2022 }, // U+041A
    { 15, 21, 280, 0, 21, 79, 2101 }, // U+041B
    { 14, 21, 280, 2, 21, 74, 2180 }, // U+041C
    { 13, 21, 280, 2, 21, 69, 2254 }, // U+041D
    { 13, 21, 280, 2, 21, 69, 2323 }, // U+041E
    { 13, 21, 280, 2, 21, 69, 2392 }, // U+041F
    { 14, 21, 280, 2, 21, 74, 2461 }, // U+0420
    { 14, 21, 280, 2, 21, 74, 2535 }, // U+0421
    { 15, 21, 280, 1, 21, 79, 2609 }, // U+0422
    { 15, 21, 280, 1, 21, 79, 2688 }, // U+0423
    { 16, 24, 280, 1, 23, 96, 2767 }, // U+0424
    { 16, 21, 280, 1, 21, 84, 2863 }, // U+0425
    { 15, 25, 280, 2, 21, 94, 2947 }, // U+0426
    { 13, 21, 280, 2, 21, 69, 3041 }, // U+0427
    { 15, 21, 280, 1, 21, 79, 3110 }, // U+0428
    { 17, 25, 280, 1, 21, 107, 3189 }, // U+0429
    { 17, 21, 280, -1, 21, 90, 3296 }, // U+042A
    { 15, 21, 280, 1, 21, 79, 3386 }, // U+042B
    { 14, 21, 280, 2, 21, 74, 3465 }, // U+042C
    { 13, 21, 280, 2, 21, 69, 3539 }, // U+042D
    { 16, 21, 280, 1, 21, 84, 3608 }, // U+042E
    { 14, 21, 280, 1, 21, 74, 3692 }, // U+042F
    { 14, 16, 280, 1, 16, 56, 3766 }, // U+0430
    { 13, 22, 280, 2, 22, 72, 3822 }, // U+0431
    { 14, 16, 280, 2, 16, 56, 3894 }, // U+0432
    { 13, 16, 280, 3, 16, 52, 3950 }, // U+0433
    { 17, 20, 280, 0, 16, 85, 4002 }, // U+0434
    { 13, 16, 280, 2, 16, 52, 4087 }, // U+0435
    { 17, 16, 280, 0, 16, 68, 4139 }, // U+0436
    { 14, 16, 280, 2, 16, 56, 4207 }, // U+0437
    { 13, 16, 280, 2, 16, 52, 4263 }, // U+0438
    { 13, 22, 280, 2, 22, 72, 4315 }, // U+0439
    { 15, 16, 280, 2, 16, 60, 4387 }, // U+043A
    { 15, 16, 280, 0, 16, 60, 4447 }, // U+043B
    { 14, 16, 280, 2, 16, 56, 4507 }, // U+043C
    { 13, 16, 280, 2, 16, 52, 4563 }, // U+043D
    { 13, 16, 280, 2, 16, 52, 4615 }, // U+043E
    { 13, 16, 280, 2, 16, 52, 4667 }, // U+043F
    { 13, 21, 280, 2, 16, 69, 4719 }, // U+0440
    { 14, 16, 280, 2, 16, 56, 4788 }, // U+0441
    { 15, 16, 280, 1, 16, 60, 4844 }, // U+0442
    { 15, 21, 280, 1, 16, 79, 4904 }, // U+0443
    { 16, 26, 280, 1, 21, 104, 4983 }, // U+0444
    { 15, 16, 280, 1, 16, 60, 5087 }, // U+0445
    { 15, 20, 280, 2, 16, 75, 5147 }, // U+0446
    { 13, 16, 280, 2, 16, 52, 5222 }, // U+0447
    { 15, 16, 280, 1, 16, 60, 5274 }, // U+0448
    { 17, 20, 280, 1, 16, 85, 5334 }, // U+0449
    { 17, 16, 280, 0, 16, 68, 5419 }, // U+044A
    { 15, 16, 280, 1, 16, 60, 5487 }, // U+044B
    { 14, 16, 280, 3, 16, 56, 5547 }, // U+044C
    { 13, 16, 280, 2, 16, 52, 5603 }, // U+044D
    { 16, 16, 280, 1, 16, 64, 5655 }, // U+044E
    { 14, 16, 280, 1, 16, 56, 5719 }, // U+044F
    { 13, 23, 280, 2, 23, 75, 5775 }, // U+0451
    { 15, 26, 280, 0, 21, 98, 5850 }, // U+0452
    { 13, 22, 280, 3, 22, 72, 5948 }, // U+0453
    { 14, 16, 280, 2, 16, 56, 6020 }, // U+0454
    { 13, 16, 280, 2, 16, 52, 6076 }, // U+0455
    { 15, 23, 280, 2, 23, 87, 6128 }, // U+0456
    { 15, 23, 280, 2, 23, 87, 6215 }, // U+0457
    { 12, 28, 280, 2, 23, 84, 6302 }, // U+0458
    { 17, 16, 280, 0, 16, 68, 6386 }, // U+0459
    { 16, 16, 280, 1, 16, 64, 6454 }, // U+045A
    { 15, 21, 280, 0, 21, 79, 6518 }, // U+045B
    { 15, 22, 280, 2, 22, 83, 6597 }, // U+045C
    { 15, 27, 280, 1, 22, 102, 6680 }, // U+045E
    { 13, 20, 280, 2, 16, 65, 6782 }, // U+045F
    { 14, 24, 280, 3, 24, 84, 6847 }, // U+0490
    { 13, 19, 280, 3, 19, 62, 6931 }, // U+0491
    { 17, 21, 280, 0, 21, 90, 6993 }, // U+0492
    { 15, 16, 280, 1, 16, 60, 7083 }, // U+0493
    { 15, 25, 280, 2, 21, 94, 7143 }, // U+049A
    { 15, 20, 280, 2, 16, 75, 7237 }, // U+049B
    { 14, 25, 280, 2, 21, 88, 7312 }, // U+04A2
    { 14, 20, 280, 2, 16, 70, 7400 }, // U+04A3
    { 16, 21, 280, 1, 21, 84, 7470 }, // U+04AE
    { 15, 21, 280, 1, 16, 79, 7554 }, // U+04AF
    { 16, 21, 280, 1, 21, 84, 7633 }, // U+04B0
    { 15, 21, 280, 1, 16, 79, 7717 }, // U+04B1
    { 15, 25, 280, 1, 21, 94, 7796 }, // U+04B6
    { 14, 20, 280, 2, 16, 70, 7890 }, // U+04B7
    { 14, 21, 280, 2, 21, 74, 7960 }, // U+04BA
    { 14, 16, 280, 2, 16, 56, 8034 }, // U+04BB
    { 13, 21, 280, 2, 21, 69, 8090 }, // U+04D8
    { 13, 16, 280, 2, 16, 52, 8159 }, // U+04D9
    { 18, 27, 280, 0, 27, 122, 8211 }, // U+04DC
    { 17, 23, 280, 0, 23, 98, 8333 }, // U+04DD
    { 15, 27, 280, 1, 27, 102, 8431 }, // U+04DE
    { 14, 23, 280, 2, 23, 81, 8533 }, // U+04DF
    { 13, 27, 280, 2, 27, 88, 8614 }, // U+04E4
    { 13, 23, 280, 2, 23, 75, 8702 }, // U+04E5
    { 13, 27, 280, 2, 27, 88, 8777 }, // U+04E6
    { 13, 23, 280, 2, 23, 75, 8865 }, // U+04E7
    { 13, 21, 280, 2, 21, 69, 8940 }, // U+04E8
    { 13, 16, 280, 2, 16, 52, 9009 }, // U+04E9
    { 13, 27, 280, 2, 27, 88, 9061 }, // U+04F4
    { 13, 23, 280, 2, 23, 75, 9149 }, // U+04F5
    { 15, 27, 280, 1, 21, 102, 0 }, // U+1EA0
    { 14, 22, 280, 1, 16, 77, 102 }, // U+1EA1
    { 15, 29, 280, 1, 29, 109, 179 }, // U+1EA2
    { 14, 25, 280, 1, 25, 88, 288 }, // U+1EA3
    { 17, 29, 280, 1, 29, 124, 376 }, // U+1EA4
    { 18, 26, 280, 1, 26, 117, 500 }, // U+1EA5
    { 15, 29, 280, 1, 29, 109, 617 }, // U+1EA6
    { 15, 25, 280, 1, 25, 94, 726 }, // U+1EA7
    { 15, 30, 280, 1, 30, 113, 820 }, // U+1EA8
    { 16, 28, 280, 1, 28, 112, 933 }, // U+1EA9
    { 15, 29, 280, 1, 29, 109, 1045 }, // U+1EAA
    { 14, 27, 280, 1, 27, 95, 1154 }, // U+1EAB
    { 15, 33, 280, 1, 27, 124, 1249 }, // U+1EAC
    { 14, 28, 280, 1, 22, 98, 1373 }, // U+1EAD
    { 15, 29, 280, 1, 29, 109, 1471 }, // U+1EAE
    { 14, 25, 280, 1, 25, 88, 1580 }, // U+1EAF
    { 15, 29, 280, 1, 29, 109, 1668 }, // U+1EB0
    { 14, 25, 280, 1, 25, 88, 1777 }, // U+1EB1
    { 15, 29, 280, 1, 29, 109, 1865 }, // U+1EB2
    { 14, 26, 280, 1, 26, 91, 1974 }, // U+1EB3
    { 15, 29, 280, 1, 29, 109, 2065 }, // U+1EB4
    { 14, 26, 280, 1, 26, 91, 2174 }, // U+1EB5
    { 15, 33, 280, 1, 27, 124, 2265 }, // U+1EB6
    { 14, 28, 280, 1, 22, 98, 2389 }, // U+1EB7
    { 14, 27, 280, 2, 21, 95, 2487 }, // U+1EB8
    { 13, 22, 280, 2, 16, 72, 2582 }, // U+1EB9
    { 14, 29, 280, 2, 29, 102, 2654 }, // U+1EBA
    { 13, 25, 280, 2, 25, 82, 2756 }, // U+1EBB
    { 14, 27, 280, 2, 27, 95, 2838 }, // U+1EBC
    { 13, 23, 280, 2, 23, 75, 2933 }, // U+1EBD
    { 17, 29, 280, 2, 29, 124, 3008 }, // U+1EBE
    { 17, 26, 280, 2, 26, 111, 3132 }, // U+1EBF
    { 14, 29, 280, 2, 29, 102, 3243 }, // U+1EC0
    { 14, 25, 280, 2, 25, 88, 3345 }, // U+1EC1
    { 15, 30, 280, 2, 30, 113, 3433 }, // U+1EC2
    { 14, 28, 280, 2, 28, 98, 3546 }, // U+1EC3
    { 14, 29, 280, 2, 29, 102, 3644 }, // U+1EC4
    { 13, 27, 280, 2, 27, 88, 3746 }, // U+1EC5
    { 14, 33, 280, 2, 27, 116, 3834 }, // U+1EC6
    { 13, 28, 280, 2, 22, 91, 3950 }, // U+1EC7
    { 12, 29, 280, 3, 29, 87, 4041 }, // U+1EC8
    { 15, 25, 280, 2, 25, 94, 4128 }, // U+1EC9
    { 12, 27, 280, 3, 21, 81, 4222 }, // U+1ECA
    { 15, 29, 280, 2, 23, 109, 4303 }, // U+1ECB
    { 13, 27, 280, 2, 21, 88, 4412 }, // U+1ECC
    { 13, 22, 280, 2, 16, 72, 4500 }, // U+1ECD
    { 13, 29, 280, 2, 29, 95, 4572 }, // U+1ECE
    { 13, 25, 280, 2, 25, 82, 4667 }, // U+1ECF
    { 16, 29, 280, 2, 29, 116, 4749 }, // U+1ED0
    { 17, 26, 280, 2, 26, 111, 4865 }, // U+1ED1
    { 14, 29, 280, 2, 29, 102, 4976 }, // U+1ED2
    { 14, 25, 280, 2, 25, 88, 5078 }, // U+1ED3
    { 14, 30, 280, 2, 30, 105, 5166 }, // U+1ED4
    { 14, 28, 280, 2, 28, 98, 5271 }, // U+1ED5
    { 13, 29, 280, 2, 29, 95, 5369 }, // U+1ED6
    { 13, 27, 280, 2, 27, 88, 5464 }, // U+1ED7
    { 13, 33, 280, 2, 27, 108, 5552 }, // U+1ED8
    { 13, 28, 280, 2, 22, 91, 5660 }, // U+1ED9
    { 14, 27, 280, 2, 27, 95, 5751 }, // U+1EDA
    { 14, 22, 280, 2, 22, 77, 5846 }, // U+1EDB
    { 14, 27, 280, 2, 27, 95, 5923 }, // U+1EDC
    { 14, 22, 280, 2, 22, 77, 6018 }, // U+1EDD
    { 14, 29, 280, 2, 29, 102, 6095 }, // U+1EDE
    { 14, 25, 280, 2, 25, 88, 6197 }, // U+1EDF
    { 14, 27, 280, 2, 27, 95, 6285 }, // U+1EE0
    { 14, 23, 280, 2, 23, 81, 6380 }, // U+1EE1
    { 14, 30, 280, 2, 24, 105, 6461 }, // U+1EE2
    { 14, 25, 280, 2, 19, 88, 6566 }, // U+1EE3
    { 13, 27, 280, 2, 21, 88, 6654 }, // U+1EE4
    { 13, 22, 280, 2, 16, 72, 6742 }, // U+1EE5
    { 13, 29, 280, 2, 29, 95, 6814 }, // U+1EE6
    { 13, 25, 280, 2, 25, 82, 6909 }, // U+1EE7
    { 16, 27, 280, 2, 27, 108, 6991 }, // U+1EE8
    { 16, 22, 280, 2, 22, 88, 7099 }, // U+1EE9
    { 16, 27, 280, 2, 27, 108, 7187 }, // U+1EEA
    { 16, 22, 280, 2, 22, 88, 7295 }, // U+1EEB
    { 16, 29, 280, 2, 29, 116, 7383 }, // U+1EEC
    { 16, 25, 280, 2, 25, 100, 7499 }, // U+1EED
    { 16, 27, 280, 2, 27, 108, 7599 }, // U+1EEE
    { 16, 23, 280, 2, 23, 92, 7707 }, // U+1EEF
    { 16, 31, 280, 2, 25, 124, 7799 }, // U+1EF0
    { 16, 25, 280, 2, 19, 100, 7923 }, // U+1EF1
    { 16, 27, 280, 1, 27, 108, 8023 }, // U+1EF2
    { 15, 27, 280, 1, 22, 102, 8131 }, // U+1EF3
    { 16, 27, 280, 1, 21, 108, 8233 }, // U+1EF4
    { 15, 22, 280, 1, 16, 83, 8341 }, // U+1EF5
    { 16, 29, 280, 1, 29, 116, 8424 }, // U+1EF6
    { 15, 30, 280, 1, 25, 113, 8540 }, // U+1EF7
    { 16, 27, 280, 1, 27, 108, 8653 }, // U+1EF8
    { 15, 28, 280, 1, 23, 105, 8761 }, // U+1EF9
    { 0, 0, 280, 0, 0, 0, 0 }, // U+2001
    { 0, 0, 0, 0, 0, 0, 0 }, // U+200B
    { 0, 0, 0, 0, 0, 0, 0 }, // U+200C
    { 0, 0, 0, 0, 0, 0, 0 }, // U+200D
    { 0, 0, 0, 0, 0, 0, 0 }, // U+200E
    { 0, 0, 0, 0, 0, 0, 0 }, // U+200F
    { 10, 3, 280, 4, 11, 8, 0 }, // U+2010
    { 14, 3, 280, 2, 11, 11, 8 }, // U+2013
    { 18, 3, 280, 0, 11, 14, 19 }, // U+2014
    { 11, 27, 280, 3, 24, 75, 33 }, // U+2016
    { 6, 9, 280, 6, 21, 14, 108 }, // U+2018
    { 6, 9, 280, 6, 21, 14, 122 }, // U+2019
    { 6, 9, 280, 6, 4, 14, 136 }, // U+201A
    { 6, 9, 280, 6, 21, 14, 150 }, // U+201B
    { 12, 9, 280, 3, 21, 27, 164 }, // U+201C
    { 12, 9, 280, 3, 21, 27, 191 }, // U+201D
    { 12, 9, 280, 3, 4, 27, 218 }, // U+201E
    { 12, 9, 280, 3, 21, 27, 245 }, // U+201F
    { 14, 27, 280, 2, 24, 95, 272 }, // U+2020
    { 14, 27, 280, 2, 24, 95, 367 }, // U+2021
    { 8, 7, 280, 5, 14, 14, 462 }, // U+2022
    { 6, 5, 280, 6, 5, 8, 476 }, // U+2024
    { 15, 5, 280, 1, 5, 19, 484 }, // U+2026
    { 0, 0, 0, 0, 0, 0, 503 }, // U+202A
    { 0, 0, 0, 0, 0, 0, 503 }, // U+202B
    { 0, 0, 0, 0, 0, 0, 503 }, // U+202C
    { 0, 0, 0, 0, 0, 0, 503 }, // U+202D
    { 0, 0, 0, 0, 0, 0, 503 }, // U+202E
    { 20, 21, 280, -1, 21, 105, 503 }, // U+2030
    { 5, 9, 280, 6, 21, 12, 608 }, // U+2032
    { 12, 9, 280, 3, 21, 27, 620 }, // U+2033
    { 17, 9, 280, 0, 21, 39, 647 }, // U+2034
    { 10, 14, 280, 4, 15, 35, 686 }, // U+2039
    { 10, 14, 280, 4, 15, 35, 721 }, // U+203A
    { 12, 21, 280, 3, 21, 63, 756 }, // U+203C
    { 12, 21, 280, 3, 21, 63, 819 }, // U+203D
    { 19, 3, 280, -1, 24, 15, 882 }, // U+203E
    { 18, 5, 280, 0, 0, 23, 897 }, // U+203F
    { 18, 21, 280, 0, 21, 95, 920 }, // U+2044
    { 9, 27, 280, 5, 24, 61, 1015 }, // U+2045
    { 8, 27, 280, 4, 24, 54, 1076 }, // U+2046
    { 0, 0, 0, 0, 0, 0, 1130 }, // U+2060
    { 0, 0, 0, 0, 0, 0, 1130 }, // U+2061
    { 0, 0, 0, 0, 0, 0, 1130 }, // U+2062
    { 0, 0, 0, 0, 0, 0, 1130 }, // U+2063
    { 0, 0, 0, 0, 0, 0, 1130 }, // U+2064
    { 0, 0, 0, 0, 0, 0, 1130 }, // U+2066
    { 0, 0, 0, 0, 0, 0, 1130 }, // U+2067
    { 0, 0, 0, 0, 0, 0, 1130 }, // U+2068
    { 0, 0, 0, 0, 0, 0, 1130 }, // U+2069
    { 0, 0, 0, 0, 0, 0, 1130 }, // U+206A
    { 0, 0, 0, 0, 0, 0, 1130 }, // U+206B
    { 0, 0, 0, 0, 0, 0, 1130 }, // U+206C
    { 0, 0, 0, 0, 0, 0, 1130 }, // U+206D
    { 0, 0, 0, 0, 0, 0, 1130 }, // U+206E
    { 0, 0, 0, 0, 0, 0, 1130 }, // U+206F
    { 11, 13, 280, 3, 24, 36, 0 }, // U+2070
    { 9, 13, 280, 4, 24, 30, 36 }, // U+2074
    { 10, 13, 280, 4, 24, 33, 66 }, // U+2075
    { 11, 13, 280, 3, 24, 36, 99 }, // U+2076
    { 10, 13, 280, 4, 24, 33, 135 }, // U+2077
    { 11, 13, 280, 3, 24, 36, 168 }, // U+2078
    { 10, 13, 280, 4, 24, 33, 204 }, // U+2079
    { 9, 8, 280, 4, 17, 18, 237 }, // U+207A
    { 10, 7, 280, 4, 21, 18, 255 }, // U+207C
    { 11, 13, 280, 3, 9, 36, 273 }, // U+2080
    { 10, 13, 280, 4, 9, 33, 309 }, // U+2081
    { 10, 13, 280, 4, 9, 33, 342 }, // U+2082
    { 10, 13, 280, 4, 9, 33, 375 }, // U+2083
    { 9, 13, 280, 4, 9, 30, 408 }, // U+2084
    { 10, 13, 280, 4, 9, 33, 438 }, // U+2085
    { 11, 13, 280, 3, 9, 36, 471 }, // U+2086
    { 10, 13, 280, 4, 9, 33, 507 }, // U+2087
    { 11, 13, 280, 3, 9, 36, 540 }, // U+2088
    { 10, 13, 280, 4, 9, 33, 576 }, // U+2089
    { 16, 23, 280, 2, 21, 92, 0 }, // U+20AB
    { 16, 21, 280, 0, 21, 84, 92 }, // U+20AC
    { 16, 21, 280, 1, 21, 84, 176 }, // U+20AE
    { 15, 21, 280, 1, 21, 79, 260 }, // U+20B4
    { 16, 21, 280, 0, 21, 84, 339 }, // U+20BD
    { 14, 29, 280, 2, 25, 102, 423 }, // U+20BF
    { 17, 17, 280, 0, 18, 73, 0 }, // U+2190
    { 16, 22, 280, 1, 22, 88, 73 }, // U+2191
    { 18, 17, 280, 0, 18, 77, 161 }, // U+2192
    { 16, 22, 280, 1, 21, 88, 238 }, // U+2193
    { 23, 17, 280, -3, 18, 98, 326 }, // U+2194
    { 16, 32, 280, 1, 27, 128, 424 }, // U+2195
    { 16, 16, 280, 1, 22, 64, 552 }, // U+2196
    { 15, 16, 280, 1, 22, 60, 616 }, // U+2197
    { 15, 15, 280, 1, 15, 57, 676 }, // U+2198
    { 16, 15, 280, 1, 15, 60, 733 }, // U+2199
    { 18, 9, 280, 0, 14, 41, 793 }, // U+219D
    { 18, 11, 280, 0, 14, 50, 834 }, // U+219E
    { 18, 11, 280, 0, 14, 50, 884 }, // U+21A0
    { 18, 11, 280, 0, 14, 50, 934 }, // U+21A2
    { 18, 11, 280, 0, 14, 50, 984 }, // U+21A3
    { 12, 16, 280, 3, 16, 48, 1034 }, // U+21A5
    { 18, 11, 280, 0, 14, 50, 1082 }, // U+21A6
    { 12, 17, 280, 3, 17, 51, 1132 }, // U+21A7
    { 18, 19, 280, 0, 22, 86, 1183 }, // U+21A9
    { 18, 19, 280, 0, 22, 86, 1269 }, // U+21AA
    { 18, 11, 280, 0, 13, 50, 1355 }, // U+21AD
    { 8, 30, 280, 7, 25, 60, 1405 }, // U+21BE
    { 18, 19, 280, 0, 17, 86, 1465 }, // U+21C9
    { 18, 17, 280, 0, 18, 77, 1551 }, // U+21D0
    { 19, 30, 280, -1, 25, 143, 1628 }, // U+21D1
    { 18, 17, 280, 0, 18, 77, 1771 }, // U+21D2
    { 19, 30, 280, -1, 24, 143, 1848 }, // U+21D3
    { 23, 17, 280, -3, 18, 98, 1991 }, // U+21D4
    { 18, 18, 280, 0, 18, 81, 2089 }, // U+21DB
    { 13, 23, 280, 2, 23, 75, 2170 }, // U+21DE
    { 13, 23, 280, 2, 21, 75, 2245 }, // U+21DF
    { 17, 12, 280, 0, 15, 51, 2320 }, // U+21E5
    { 17, 24, 280, 0, 23, 102, 2371 }, // U+21E7
    { 18, 17, 280, 0, 18, 77, 2473 }, // U+21E8
    { 17, 24, 280, 0, 23, 102, 2550 }, // U+21EA
    { 15, 21, 280, 1, 21, 79, 0 }, // U+2200
    { 10, 17, 280, 4, 17, 43, 79 }, // U+2201
    { 13, 22, 280, 2, 22, 72, 122 }, // U+2202
    { 13, 21, 280, 2, 21, 69, 194 }, // U+2203
    { 14, 27, 280, 1, 24, 95, 263 }, // U+2204
    { 19, 22, 280, -1, 21, 105, 358 }, // U+2205
    { 15, 21, 280, 1, 21, 79, 463 }, // U+2206
    { 15, 22, 280, 1, 22, 83, 542 }, // U+2207
    { 16, 17, 280, 1, 19, 68, 625 }, // U+2208
    { 16, 25, 280, 1, 23, 100, 693 }, // U+2209
    { 9, 9, 280, 4, 14, 21, 793 }, // U+220A
    { 16, 17, 280, 1, 19, 68, 814 }, // U+220B
    { 16, 25, 280, 1, 23, 100, 882 }, // U+220C
    { 11, 15, 280, 3, 15, 42, 982 }, // U+220E
    { 16, 27, 280, 1, 22, 108, 1024 }, // U+220F
    { 16, 27, 280, 1, 22, 108, 1132 }, // U+2210
    { 15, 27, 280, 1, 22, 102, 1240 }, // U+2211
    { 10, 3, 280, 4, 11, 8, 1342 }, // U+2212
    { 15, 17, 280, 1, 16, 64, 1350 }, // U+2213
    { 18, 21, 280, 0, 21, 95, 1414 }, // U+2215
    { 8, 7, 280, 5, 13, 14, 1509 }, // U+2218
    { 6, 5, 280, 6, 12, 8, 1523 }, // U+2219
    { 17, 21, 280, 0, 21, 90, 1531 }, // U+221A
    { 16, 10, 280, 1, 15, 40, 1621 }, // U+221E
    { 3, 21, 280, 7, 21, 16, 1661 }, // U+2223
    { 11, 21, 280, 3, 21, 58, 1677 }, // U+2224
    { 9, 21, 280, 4, 21, 48, 1735 }, // U+2225
    { 15, 15, 280, 1, 16, 57, 1783 }, // U+2227
    { 15, 15, 280, 1, 16, 57, 1840 }, // U+2228
    { 16, 22, 280, 1, 22, 88, 1897 }, // U+2229
    { 16, 21, 280, 1, 21, 84, 1985 }, // U+222A
    { 16, 27, 280, 0, 22, 108, 2069 }, // U+222B
    { 17, 17, 280, 0, 17, 73, 2177 }, // U+2234
    { 17, 17, 280, 0, 17, 73, 2250 }, // U+2235
    { 6, 16, 280, 6, 16, 24, 2323 }, // U+2236
    { 15, 15, 280, 1, 15, 57, 2347 }, // U+2237
    { 10, 10, 280, 4, 15, 25, 2404 }, // U+2238
    { 18, 13, 280, 0, 16, 59, 2429 }, // U+2239
    { 14, 6, 280, 2, 13, 21, 2488 }, // U+223C
    { 16, 9, 280, 1, 14, 36, 2509 }, // U+223E
    { 14, 12, 280, 2, 17, 42, 2545 }, // U+2243
    { 14, 18, 280, 2, 20, 63, 2587 }, // U+2245
    { 14, 26, 280, 2, 23, 91, 2650 }, // U+2247
    { 14, 13, 280, 2, 16, 46, 2741 }, // U+2248
    { 14, 25, 280, 2, 23, 88, 2787 }, // U+2249
    { 15, 17, 280, 1, 18, 64, 2875 }, // U+224B
    { 16, 13, 280, 1, 16, 52, 2939 }, // U+224D
    { 18, 13, 280, 0, 16, 59, 2991 }, // U+2254
    { 13, 19, 280, 2, 21, 62, 3050 }, // U+2257
    { 13, 21, 280, 2, 23, 69, 3112 }, // U+225F
    { 13, 25, 280, 2, 23, 82, 3181 }, // U+2260
    { 13, 15, 280, 2, 17, 49, 3263 }, // U+2261
    { 13, 23, 280, 2, 21, 75, 3312 }, // U+2262
    { 13, 14, 280, 2, 16, 46, 3387 }, // U+2263
    { 13, 21, 280, 2, 21, 69, 3433 }, // U+2264
    { 13, 21, 280, 2, 21, 69, 3502 }, // U+2265
    { 18, 17, 280, 0, 18, 77, 3571 }, // U+226A
    { 18, 17, 280, 0, 18, 77, 3648 }, // U+226B
    { 10, 20, 280, 4, 18, 50, 3725 }, // U+226C
    { 16, 20, 280, 1, 20, 80, 3775 }, // U+226D
    { 13, 23, 280, 2, 21, 75, 3855 }, // U+226E
    { 13, 23, 280, 2, 21, 75, 3930 }, // U+226F
    { 13, 26, 280, 2, 23, 85, 4005 }, // U+2270
    { 13, 26, 280, 2, 23, 85, 4090 }, // U+2271
    { 15, 21, 280, 1, 21, 79, 4175 }, // U+2272
    { 14, 21, 280, 2, 21, 74, 4254 }, // U+2273
    { 15, 17, 280, 1, 18, 64, 4328 }, // U+227A
    { 14, 17, 280, 2, 18, 60, 4392 }, // U+227B
    { 15, 21, 280, 1, 21, 79, 4452 }, // U+227C
    { 16, 14, 280, 1, 17, 56, 4531 }, // U+2282
    { 17, 14, 280, 0, 17, 60, 4587 }, // U+2283
    { 16, 24, 280, 1, 22, 96, 4647 }, // U+2284
    { 17, 24, 280, 0, 22, 102, 4743 }, // U+2285
    { 16, 20, 280, 1, 20, 80, 4845 }, // U+2286
    { 17, 20, 280, 0, 20, 85, 4925 }, // U+2287
    { 16, 27, 280, 1, 24, 108, 5010 }, // U+2288
    { 17, 27, 280, 0, 24, 115, 5118 }, // U+2289
    { 14, 22, 280, 2, 21, 77, 5233 }, // U+228E
    { 16, 14, 280, 1, 17, 56, 5310 }, // U+228F
    { 17, 14, 280, 0, 17, 60, 5366 }, // U+2290
    { 16, 20, 280, 1, 20, 80, 5426 }, // U+2291
    { 17, 20, 280, 0, 20, 85, 5506 }, // U+2292
    { 15, 16, 280, 1, 16, 60, 5591 }, // U+2293
    { 15, 16, 280, 1, 16, 60, 5651 }, // U+2294
    { 19, 18, 280, -1, 18, 86, 5711 }, // U+2295
    { 19, 19, 280, -1, 19, 91, 5797 }, // U+2296
    { 19, 18, 280, -1, 19, 86, 5888 }, // U+2297
    { 19, 18, 280, -1, 19, 86, 5974 }, // U+2298
    { 19, 19, 280, -1, 18, 91, 6060 }, // U+2299
    { 19, 18, 280, -1, 19, 86, 6151 }, // U+229B
    { 19, 18, 280, -1, 19, 86, 6237 }, // U+229C
    { 19, 18, 280, -1, 19, 86, 6323 }, // U+229D
    { 18, 17, 280, 0, 18, 77, 6409 }, // U+229E
    { 18, 18, 280, 0, 18, 81, 6486 }, // U+229F
    { 18, 18, 280, 0, 18, 81, 6567 }, // U+22A0
    { 18, 18, 280, 0, 18, 81, 6648 }, // U+22A1
    { 18, 18, 280, 0, 18, 81, 6729 }, // U+22A2
    { 18, 18, 280, 0, 18, 81, 6810 }, // U+22A3
    { 18, 18, 280, 0, 18, 81, 6891 }, // U+22A4
    { 18, 18, 280, 0, 18, 81, 6972 }, // U+22A5
    { 13, 21, 280, 2, 21, 69, 7053 }, // U+22B4
    { 18, 5, 280, 0, 12, 23, 7122 }, // U+22B8
    { 15, 21, 280, 1, 21, 79, 7145 }, // U+22BB
    { 16, 21, 280, 1, 23, 84, 7224 }, // U+22BC
    { 16, 21, 280, 1, 23, 84, 7308 }, // U+22BD
    { 16, 22, 280, 1, 22, 88, 7392 }, // U+22C2
    { 16, 21, 280, 1, 21, 84, 7480 }, // U+22C3
    { 9, 9, 280, 4, 14, 21, 7564 }, // U+22C4
    { 8, 8, 280, 5, 14, 16, 7585 }, // U+22C6
    { 18, 19, 280, 0, 20, 86, 7601 }, // U+22C8
    { 18, 19, 280, 0, 20, 86, 7687 }, // U+22C9
    { 18, 19, 280, 0, 20, 86, 7773 }, // U+22CA
    { 17, 17, 280, 0, 17, 73, 7859 }, // U+22CE
    { 16, 17, 280, 1, 19, 68, 7932 }, // U+22D0
    { 16, 27, 280, 1, 24, 108, 8000 }, // U+22E2
    { 5, 18, 280, 6, 19, 23, 8108 }, // U+22EE
    { 19, 4, 280, -1, 12, 19, 8131 }, // U+22EF
    { 19, 18, 280, -1, 19, 86, 8150 }, // U+22F0
    { 19, 18, 280, -1, 19, 86, 8236 }, // U+22F1
    { 19, 3, 280, -1, 12, 15, 0 }, // U+2500
    { 19, 6, 280, -1, 14, 29, 15 }, // U+2501
    { 4, 44, 280, 7, 32, 44, 44 }, // U+2502
    { 7, 44, 280, 5, 32, 77, 88 }, // U+2503
    { 16, 3, 280, 1, 12, 12, 165 }, // U+2504
    { 16, 6, 280, 1, 14, 24, 177 }, // U+2505
    { 4, 34, 280, 7, 28, 34, 201 }, // U+2506
    { 7, 34, 280, 5, 28, 60, 235 }, // U+2507
    { 17, 3, 280, 0, 12, 13, 295 }, // U+2508
    { 17, 6, 280, 0, 14, 26, 308 }, // U+2509
    { 4, 33, 280, 7, 27, 33, 334 }, // U+250A
    { 7, 33, 280, 5, 27, 58, 367 }, // U+250B
    { 11, 24, 280, 7, 12, 66, 425 }, // U+250C
    { 11, 26, 280, 7, 14, 72, 491 }, // U+250D
    { 13, 24, 280, 5, 12, 78, 563 }, // U+250E
    { 13, 26, 280, 5, 14, 85, 641 }, // U+250F
    { 12, 24, 280, -1, 12, 72, 726 }, // U+2510
    { 12, 26, 280, -1, 14, 78, 798 }, // U+2511
    { 13, 24, 280, -1, 12, 78, 876 }, // U+2512
    { 13, 26, 280, -1, 14, 85, 954 }, // U+2513
    { 11, 23, 280, 7, 32, 64, 1039 }, // U+2514
    { 11, 25, 280, 7, 33, 69, 1103 }, // U+2515
    { 13, 23, 280, 5, 32, 75, 1172 }, // U+2516
    { 13, 25, 280, 5, 33, 82, 1247 }, // U+2517
    { 12, 23, 280, -1, 32, 69, 1329 }, // U+2518
    { 12, 25, 280, -1, 33, 75, 1398 }, // U+2519
    { 13, 23, 280, -1, 32, 75, 1473 }, // U+251A
    { 13, 25, 280, -1, 33, 82, 1548 }, // U+251B
    { 11, 44, 280, 7, 32, 121, 1630 }, // U+251C
    { 11, 45, 280, 7, 33, 124, 1751 }, // U+251D
    { 13, 44, 280, 5, 32, 143, 1875 }, // U+251E
    { 13, 44, 280, 5, 32, 143, 2018 }, // U+251F
    { 13, 44, 280, 5, 32, 143, 2161 }, // U+2520
    { 13, 45, 280, 5, 33, 147, 2304 }, // U+2521
    { 13, 45, 280, 5, 33, 147, 2451 }, // U+2522
    { 13, 45, 280, 5, 33, 147, 2598 }, // U+2523
    { 12, 44, 280, -1, 32, 132, 2745 }, // U+2524
    { 12, 45, 280, -1, 33, 135, 2877 }, // U+2525
    { 13, 44, 280, -1, 32, 143, 3012 }, // U+2526
    { 13, 42, 280, -1, 30, 137, 3155 }, // U+2527
    { 13, 44, 280, -1, 32, 143, 3292 }, // U+2528
    { 13, 45, 280, -1, 33, 147, 3435 }, // U+2529
    { 13, 45, 280, -1, 33, 147, 3582 }, // U+252A
    { 13, 45, 280, -1, 33, 147, 3729 }, // U+252B
    { 19, 24, 280, -1, 12, 114, 3876 }, // U+252C
    { 19, 26, 280, -1, 14, 124, 3990 }, // U+252D
    { 19, 26, 280, -1, 14, 124, 4114 }, // U+252E
    { 19, 26, 280, -1, 14, 124, 4238 }, // U+252F
    { 19, 24, 280, -1, 12, 114, 4362 }, // U+2530
    { 19, 26, 280, -1, 14, 124, 4476 }, // U+2531
    { 19, 26, 280, -1, 14, 124, 4600 }, // U+2532
    { 19, 26, 280, -1, 14, 124, 4724 }, // U+2533
    { 19, 23, 280, -1, 32, 110, 4848 }, // U+2534
    { 19, 25, 280, -1, 33, 119, 4958 }, // U+2535
    { 19, 25, 280, -1, 33, 119, 5077 }, // U+2536
    { 19, 25, 280, -1, 33, 119, 5196 }, // U+2537
    { 19, 23, 280, -1, 32, 110, 5315 }, // U+2538
    { 19, 25, 280, -1, 33, 119, 5425 }, // U+2539
    { 19, 25, 280, -1, 33, 119, 5544 }, // U+253A
    { 19, 25, 280, -1, 33, 119, 5663 }, // U+253B
    { 19, 44, 280, -1, 32, 209, 5782 }, // U+253C
    { 19, 45, 280, -1, 33, 214, 5991 }, // U+253D
    { 19, 45, 280, -1, 33, 214, 6205 }, // U+253E
    { 19, 45, 280, -1, 33, 214, 6419 }, // U+253F
    { 19, 44, 280, -1, 32, 209, 6633 }, // U+2540
    { 19, 44, 280, -1, 32, 209, 6842 }, // U+2541
    { 19, 44, 280, -1, 32, 209, 7051 }, // U+2542
    { 19, 45, 280, -1, 33, 214, 7260 }, // U+2543
    { 19, 45, 280, -1, 33, 214, 7474 }, // U+2544
    { 19, 45, 280, -1, 33, 214, 7688 }, // U+2545
    { 19, 45, 280, -1, 33, 214, 7902 }, // U+2546
    { 19, 45, 280, -1, 33, 214, 8116 }, // U+2547
    { 19, 45, 280, -1, 33, 214, 8330 }, // U+2548
    { 19, 45, 280, -1, 33, 214, 8544 }, // U+2549
    { 19, 45, 280, -1, 33, 214, 8758 }, // U+254A
    { 19, 45, 280, -1, 33, 214, 8972 }, // U+254B
    { 14, 3, 280, 2, 12, 11, 9186 }, // U+254C
    { 14, 6, 280, 2, 14, 21, 9197 }, // U+254D
    { 4, 31, 280, 7, 26, 31, 9218 }, // U+254E
    { 7, 30, 280, 5, 26, 53, 9249 }, // U+254F
    { 19, 9, 280, -1, 15, 43, 9302 }, // U+2550
    { 10, 44, 280, 4, 32, 110, 9345 }, // U+2551
    { 11, 27, 280, 7, 15, 75, 9455 }, // U+2552
    { 14, 24, 280, 4, 12, 84, 9530 }, // U+2553
    { 14, 27, 280, 4, 15, 95, 9614 }, // U+2554
    { 12, 27, 280, -1, 15, 81, 9709 }, // U+2555
    { 15, 24, 280, -1, 12, 90, 9790 }, // U+2556
    { 15, 27, 280, -1, 15, 102, 9880 }, // U+2557
    { 11, 26, 280, 7, 32, 72, 9982 }, // U+2558
    { 14, 23, 280, 4, 32, 81, 10054 }, // U+2559
    { 14, 26, 280, 4, 32, 91, 10135 }, // U+255A
    { 12, 26, 280, -1, 32, 78, 10226 }, // U+255B
    { 15, 23, 280, -1, 32, 87, 10304 }, // U+255C
    { 15, 26, 280, -1, 32, 98, 10391 }, // U+255D
    { 11, 44, 280, 7, 32, 121, 10489 }, // U+255E
    { 14, 44, 280, 4, 32, 154, 10610 }, // U+255F
    { 14, 44, 280, 4, 32, 154, 10764 }, // U+2560
    { 12, 44, 280, -1, 32, 132, 10918 }, // U+2561
    { 15, 44, 280, -1, 32, 165, 11050 }, // U+2562
    { 15, 44, 280, -1, 32, 165, 11215 }, // U+2563
    { 19, 27, 280, -1, 15, 129, 11380 }, // U+2564
    { 19, 24, 280, -1, 12, 114, 11509 }, // U+2565
    { 19, 27, 280, -1, 15, 129, 11623 }, // U+2566
    { 19, 26, 280, -1, 32, 124, 11752 }, // U+2567
    { 19, 23, 280, -1, 32, 110, 11876 }, // U+2568
    { 19, 26, 280, -1, 32, 124, 11986 }, // U+2569
    { 19, 44, 280, -1, 32, 209, 12110 }, // U+256A
    { 19, 44, 280, -1, 32, 209, 12319 }, // U+256B
    { 19, 44, 280, -1, 32, 209, 12528 }, // U+256C
    { 11, 24, 280, 7, 12, 66, 12737 }, // U+256D
    { 12, 24, 280, -1, 12, 72, 12803 }, // U+256E
    { 12, 23, 280, -1, 32, 69, 12875 }, // U+256F
    { 11, 23, 280, 7, 32, 64, 12944 }, // U+2570
    { 19, 30, 280, -1, 25, 143, 13008 }, // U+2571
    { 19, 30, 280, -1, 25, 143, 13151 }, // U+2572
    { 19, 30, 280, -1, 25, 143, 13294 }, // U+2573
    { 12, 3, 280, -1, 12, 9, 13437 }, // U+2574
    { 4, 23, 280, 7, 32, 23, 13446 }, // U+2575
    { 11, 3, 280, 7, 12, 9, 13469 }, // U+2576
    { 4, 24, 280, 7, 12, 24, 13478 }, // U+2577
    { 12, 6, 280, -1, 14, 18, 13502 }, // U+2578
    { 7, 23, 280, 5, 32, 41, 13520 }, // U+2579
    { 11, 6, 280, 7, 14, 17, 13561 }, // U+257A
    { 7, 24, 280, 5, 12, 42, 13578 }, // U+257B
    { 19, 6, 280, -1, 14, 29, 13620 }, // U+257C
    { 7, 44, 280, 5, 32, 77, 13649 }, // U+257D
    { 19, 6, 280, -1, 14, 29, 13726 }, // U+257E
    { 7, 44, 280, 5, 32, 77, 13755 }, // U+257F
    { 19, 22, 280, -1, 22, 105, 0 }, // U+FFFD
};

static const EpdUnicodeInterval jetbrainsmono_14_regularIntervals[] = {
    { 0x0, 0x131, 0x0 },
    { 0x134, 0x17F, 0x132 },
    { 0x1A0, 0x1A1, 0x17E },
    { 0x1AF, 0x1B0, 0x180 },
    { 0x1CD, 0x1CE, 0x182 },
    { 0x1D0, 0x1D0, 0x184 },
    { 0x1D2, 0x1D2, 0x185 },
    { 0x1D4, 0x1D4, 0x186 },
    { 0x1D6, 0x1D6, 0x187 },
    { 0x1D8, 0x1D8, 0x188 },
    { 0x1DA, 0x1DA, 0x189 },
    { 0x1DC, 0x1DC, 0x18A },
    { 0x1E6, 0x1E7, 0x18B },
    { 0x1EA, 0x1EB, 0x18D },
    { 0x1F4, 0x1F5, 0x18F },
    { 0x1FC, 0x1FF, 0x191 },
    { 0x218, 0x21B, 0x195 },
    { 0x300, 0x304, 0x199 },
    { 0x306, 0x30C, 0x19E },
    { 0x30F, 0x30F, 0x1A5 },
    { 0x312, 0x312, 0x1A6 },
    { 0x31B, 0x31B, 0x1A7 },
    { 0x323, 0x323, 0x1A8 },
    { 0x325, 0x328, 0x1A9 },
    { 0x336, 0x338, 0x1AD },
    { 0x34F, 0x34F, 0x1B0 },
    { 0x401, 0x40C, 0x1B1 },
    { 0x40E, 0x44F, 0x1BD },
    { 0x451, 0x45C, 0x1FF },
    { 0x45E, 0x45F, 0x20B },
    { 0x490, 0x493, 0x20D },
    { 0x49A, 0x49B, 0x211 },
    { 0x4A2, 0x4A3, 0x213 },
    { 0x4AE, 0x4B1, 0x215 },
    { 0x4B6, 0x4B7, 0x219 },
    { 0x4BA, 0x4BB, 0x21B },
    { 0x4D8, 0x4D9, 0x21D },
    { 0x4DC, 0x4DF, 0x21F },
    { 0x4E4, 0x4E9, 0x223 },
    { 0x4F4, 0x4F5, 0x229 },
    { 0x1EA0, 0x1EF9, 0x22B },
    { 0x2001, 0x2001, 0x285 },
    { 0x200B, 0x2010, 0x286 },
    { 0x2013, 0x2014, 0x28C },
    { 0x2016, 0x2016, 0x28E },
    { 0x2018, 0x2022, 0x28F },
    { 0x2024, 0x2024, 0x29A },
    { 0x2026, 0x2026, 0x29B },
    { 0x202A, 0x202E, 0x29C },
    { 0x2030, 0x2030, 0x2A1 },
    { 0x2032, 0x2034, 0x2A2 },
    { 0x2039, 0x203A, 0x2A5 },
    { 0x203C, 0x203F, 0x2A7 },
    { 0x2044, 0x2046, 0x2AB },
    { 0x2060, 0x2064, 0x2AE },
    { 0x2066, 0x2070, 0x2B3 },
    { 0x2074, 0x207A, 0x2BE },
    { 0x207C, 0x207C, 0x2C5 },
    { 0x2080, 0x2089, 0x2C6 },
    { 0x20AB, 0x20AC, 0x2D0 },
    { 0x20AE, 0x20AE, 0x2D2 },
    { 0x20B4, 0x20B4, 0x2D3 },
    { 0x20BD, 0x20BD, 0x2D4 },
    { 0x20BF, 0x20BF, 0x2D5 },
    { 0x2190, 0x2199, 0x2D6 },
    { 0x219D, 0x219E, 0x2E0 },
    { 0x21A0, 0x21A0, 0x2E2 },
    { 0x21A2, 0x21A3, 0x2E3 },
    { 0x21A5, 0x21A7, 0x2E5 },
    { 0x21A9, 0x21AA, 0x2E8 },
    { 0x21AD, 0x21AD, 0x2EA },
    { 0x21BE, 0x21BE, 0x2EB },
    { 0x21C9, 0x21C9, 0x2EC },
    { 0x21D0, 0x21D4, 0x2ED },
    { 0x21DB, 0x21DB, 0x2F2 },
    { 0x21DE, 0x21DF, 0x2F3 },
    { 0x21E5, 0x21E5, 0x2F5 },
    { 0x21E7, 0x21E8, 0x2F6 },
    { 0x21EA, 0x21EA, 0x2F8 },
    { 0x2200, 0x220C, 0x2F9 },
    { 0x220E, 0x2213, 0x306 },
    { 0x2215, 0x2215, 0x30C },
    { 0x2218, 0x221A, 0x30D },
    { 0x221E, 0x221E, 0x310 },
    { 0x2223, 0x2225, 0x311 },
    { 0x2227, 0x222B, 0x314 },
    { 0x2234, 0x2239, 0x319 },
    { 0x223C, 0x223C, 0x31F },
    { 0x223E, 0x223E, 0x320 },
    { 0x2243, 0x2243, 0x321 },
    { 0x2245, 0x2245, 0x322 },
    { 0x2247, 0x2249, 0x323 },
    { 0x224B, 0x224B, 0x326 },
    { 0x224D, 0x224D, 0x327 },
    { 0x2254, 0x2254, 0x328 },
    { 0x2257, 0x2257, 0x329 },
    { 0x225F, 0x2265, 0x32A },
    { 0x226A, 0x2273, 0x331 },
    { 0x227A, 0x227C, 0x33B },
    { 0x2282, 0x2289, 0x33E },
    { 0x228E, 0x2299, 0x346 },
    { 0x229B, 0x22A5, 0x352 },
    { 0x22B4, 0x22B4, 0x35D },
    { 0x22B8, 0x22B8, 0x35E },
    { 0x22BB, 0x22BD, 0x35F },
    { 0x22C2, 0x22C4, 0x362 },
    { 0x22C6, 0x22C6, 0x365 },
    { 0x22C8, 0x22CA, 0x366 },
    { 0x22CE, 0x22CE, 0x369 },
    { 0x22D0, 0x22D0, 0x36A },
    { 0x22E2, 0x22E2, 0x36B },
    { 0x22EE, 0x22F1, 0x36C },
    { 0x2500, 0x257F, 0x370 },
    { 0xFFFD, 0xFFFD, 0x3F0 },
};

static const EpdFontGroup jetbrainsmono_14_regularGroups[] = {
    { 0, 2414, 6892, 128, 0 },
    { 2414, 2033, 7745, 128, 128 },
    { 4447, 2384, 12390, 126, 256 },
    { 6831, 810, 2773, 27, 382 },
    { 7641, 252, 376, 24, 409 },
    { 7893, 2632, 10360, 122, 433 },
    { 10525, 1471, 9820, 90, 555 },
    { 11996, 505, 1242, 56, 645 },
    { 12501, 254, 708, 19, 701 },
    { 12755, 286, 544, 6, 720 },
    { 13041, 1159, 2874, 35, 726 },
    { 14200, 3197, 9121, 119, 761 },
    { 17397, 900, 15051, 128, 880 },
    { 18297, 83, 110, 1, 1008 },
};

static constexpr EpdFontData jetbrainsmono_14_regular = {
    jetbrainsmono_14_regularBitmaps,
    jetbrainsmono_14_regularGlyphs,
    jetbrainsmono_14_regularIntervals,
    114,
    39,
    30,
    -9,
    true,
    jetbrainsmono_14_regularGroups,
    14,
    nullptr,
    nullptr,
    nullptr,
    nullptr,
    nullptr,
    nullptr,
    nullptr,
    nullptr,
    nullptr,
    nullptr,
    nullptr,
    0,
    0,
    0,
    0,
    nullptr,
    0,
};
